n_orders,total_spend,avg_order_value,max_order_value
1,612.1369,612.1369,612.1369
2,6401.320299999999,3200.66015,3756.989
1,71.7919,71.7919,71.7919
2,3352.6455,1676.32275,2580.1419
1,62.9519,62.9519,62.9519
1,2618.8169,2618.8169,2618.8169
1,147.5065,147.5065,147.5065
1,1381.0732,1381.0732,1381.0732
3,7713.8421,2571.2807,2674.4757
2,4863.5577,2431.77885,2574.639
2,3316.152,1658.076,2410.6266
1,33.139,33.139,33.139
2,4589.3413,2294.67065,3953.9884
1,44.189,44.189,44.189
2,2131.4649,1065.73245,1105.4834
3,9165.9972,3055.3324,3729.364
2,1541.4198,770.7099,865.204
1,8.0444,8.0444,8.0444
1,141.3848,141.3848,141.3848
2,6348.1698,3174.0849,3729.364
1,624.8444,624.8444,624.8444
1,2598.9158,2598.9158,2598.9158
2,99.7263,49.863150000000005,65.1729
1,1276.8054,1276.8054,1276.8054
3,6347.3628,2115.7876,2716.0348
1,77.3169,77.3169,77.3169
1,5.514,5.514,5.514
1,66.2779,66.2779,66.2779
1,2673.0613,2673.0613,2673.0613
1,1934.8329,1934.8329,1934.8329
1,650.8008,650.8008,650.8008
2,1517.1098,758.5549,865.204
1,2288.9187,2288.9187,2288.9187
1,1276.8054,1276.8054,1276.8054
2,5026.0953,2513.04765,2615.4687
1,2673.0613,2673.0613,2673.0613
2,123.7048,61.8524,79.5269
3,7706.8917,2568.9639,2649.8453
1,2264.2536,2264.2536,2264.2536
2,117.0748,58.5374,107.1408
1,627.3748,627.3748,627.3748
4,8826.6403,2206.660075,2649.8453
1,1906.6554,1906.6554,1906.6554
3,9246.1428,3082.0476,3953.9884
1,38.9292,38.9292,38.9292
3,9012.7337,3004.2445666666667,3729.364
1,6.9394,6.9394,6.9394
1,110.5995,110.5995,110.5995
1,34.5534,34.5534,34.5534
1,76.2119,76.2119,76.2119
1,596.689,596.689,596.689
2,4970.878500000001,2485.4392500000004,2560.2519
1,612.1369,612.1369,612.1369
2,3139.2052000000003,1569.6026000000002,2288.9187
2,54.1229,27.06145,38.675
1,77.339,77.339,77.339
2,6603.8337,3301.91685,3953.9884
2,3478.7832,1739.3916,2613.5792
1,1918.2579,1918.2579,1918.2579
2,3425.4559,1712.72795,2560.2519
1,44.1779,44.1779,44.1779
1,8.0444,8.0444,8.0444
2,253.5423,126.77115,130.9315
2,4168.5127,2084.25635,2288.9187
1,27.614,27.614,27.614
1,75.6815,75.6815,75.6815
3,5806.640600000001,1935.5468666666668,2658.0444
2,92.7869,46.39345,82.8529
1,98.3119,98.3119,98.3119
1,35.6584,35.6584,35.6584
1,43.0729,43.0729,43.0729
1,44.1779,44.1779,44.1779
1,68.4769,68.4769,68.4769
2,1759.9418,879.9709,1105.4834
1,41.1834,41.1834,41.1834
1,19.0834,19.0834,19.0834
2,4908.5849,2454.29245,2644.3313
1,3953.9884,3953.9884,3953.9884
1,35.0617,35.0617,35.0617
1,44.1779,44.1779,44.1779
1,2624.3529,2624.3529,2624.3529
1,54.6754,54.6754,54.6754
2,6379.2093,3189.60465,3729.364
2,88.36689999999999,44.18344999999999,55.239
1,77.3169,77.3169,77.3169
1,1276.8054,1276.8054,1276.8054
1,40.8408,40.8408,40.8408
2,26.8184,13.4092,24.2879
2,2814.3909,1407.19545,1949.1869
3,8996.943299999999,2998.9810999999995,3729.364
3,7173.361800000001,2391.1206,3953.9884
1,1253.5894,1253.5894,1253.5894
1,5.514,5.514,5.514
1,5.514,5.514,5.514
1,596.689,596.689,596.689
2,752.6697,376.33485,528.988
1,65.1729,65.1729,65.1729
2,3368.6589000000004,1684.3294500000002,2699.9018
3,7511.9318,2503.9772666666668,2634.3974
1,830.2307,830.2307,830.2307
1,3953.9884,3953.9884,3953.9884
1,1918.2579,1918.2579,1918.2579
2,4922.8836,2461.4418,2658.63
1,32.034,32.034,32.034
1,26.2769,26.2769,26.2769
1,2577.1694,2577.1694,2577.1694
1,68.4658,68.4658,68.4658
3,9086.4151,3028.805033333333,3729.364
1,3953.9884,3953.9884,3953.9884
2,3687.432,1843.716,2410.6266
1,888.9394,888.9394,888.9394
1,62.9629,62.9629,62.9629
3,241.9177,80.63923333333334,132.5779
2,70.68690000000001,35.343450000000004,38.664
1,33.0727,33.0727,33.0727
1,5.514,5.514,5.514
1,995.9918,995.9918,995.9918
1,70.6869,70.6869,70.6869
2,4860.9815,2430.49075,2596.7279
1,24.2879,24.2879,24.2879
1,76.2119,76.2119,76.2119
2,3025.2939,1512.64695,2410.6266
1,104.4004,104.4004,104.4004
2,5149.0818,2574.5409,2738.4552
1,48.5869,48.5869,48.5869
1,180.104,180.104,180.104
3,9275.6905,3091.8968333333337,3953.9884
2,3580.5537000000004,1790.2768500000002,2715.3497
1,8.0444,8.0444,8.0444
1,77.3169,77.3169,77.3169
2,1445.4044,722.7022,772.5036
3,127.8817,42.627233333333336,62.9519
2,2860.9426,1430.4713,2264.2536
2,5149.0818,2574.5409,2738.4552
1,1907.2079,1907.2079,1907.2079
1,36.023,36.023,36.023
1,2634.3974,2634.3974,2634.3974
1,77.3169,77.3169,77.3169
1,620.4354,620.4354,620.4354
1,23.7465,23.7465,23.7465
2,2142.0094,1071.0047,1276.8054
2,6538.550300000001,3269.2751500000004,3953.9884
2,71.0074,35.5037,68.4769
1,1911.6169,1911.6169,1911.6169
2,2707.3365000000003,1353.6682500000002,1934.8329
1,2535.964,2535.964,2535.964
1,77.339,77.339,77.339
1,5.514,5.514,5.514
3,377.9432,125.98106666666666,199.9829
1,222.4144,222.4144,222.4144
1,76.2119,76.2119,76.2119
1,43.0729,43.0729,43.0729
1,145.2412,145.2412,145.2412
2,3424.7155,1712.35775,2699.9018
3,5778.463,1926.1543333333327,2574.6279
1,24.2879,24.2879,24.2879
1,2696.189,2696.189,2696.189
2,6724.577,3362.2885,3953.9884
2,5067.9164,2533.9582,2778.9977
1,5.514,5.514,5.514
3,6228.7726,2076.2575333333334,2612.1758
1,9.934,9.934,9.934
2,2142.0094,1071.0047,1276.8054
2,5266.0212,2633.0106,2699.9018
1,54.6754,54.6754,54.6754
1,99.9694,99.9694,99.9694
1,44.1779,44.1779,44.1779
2,90.8974,45.4487,55.239
2,1751.1599,875.57995,885.9559
2,3131.093,1565.5465,2264.2536
1,54.6754,54.6754,54.6754
1,2725.2836,2725.2836,2725.2836
1,90.0133,90.0133,90.0133
1,681.7298,681.7298,681.7298
4,204.1046,51.02615,133.1304
1,1934.8329,1934.8329,1934.8329
3,6347.1228,2115.7076,2643.1158
2,6752.213100000001,3376.1065500000004,3953.9884
2,3669.0724,1834.5362,2563.589
1,26.4869,26.4869,26.4869
1,55.2169,55.2169,55.2169
1,44.1779,44.1779,44.1779
2,5302.1547,2651.07735,2699.9018
2,6534.130300000001,3267.0651500000004,3953.9884
1,109.3508,109.3508,109.3508
2,4328.8845,2164.44225,2410.6266
2,2033.1088,1016.5544,1105.4834
2,148.0258,74.0129,82.8529
1,77.339,77.339,77.339
1,6.9394,6.9394,6.9394
2,6528.6163,3264.30815,3953.9884
1,44.1779,44.1779,44.1779
1,32.034,32.034,32.034
2,4700.4601,2350.23005,2699.9018
1,136.9758,136.9758,136.9758
2,3508.3198,1754.1599,2643.1158
4,132424.06403399998,26111.29106147616,40003.72408799979
1,90.0133,90.0133,90.0133
2,5296.3977,2648.19885,3953.9884
1,42.9624,42.9624,42.9624
1,66.2779,66.2779,66.2779
1,43.0729,43.0729,43.0729
1,5.514,5.514,5.514
2,103.848,51.924,59.659
1,167.1534,167.1534,167.1534
2,3033.5925,1516.79625,2410.6266
1,79.0959,79.0959,79.0959
1,205.8394,205.8394,205.8394
1,5.514,5.514,5.514
1,70.6869,70.6869,70.6869
2,52.520700000000005,26.260350000000003,41.2055
1,66.2779,66.2779,66.2779
2,3506.1098,1753.0549,2640.9058
1,2735.9248,2735.9248,2735.9248
2,267.7084,133.8542,229.0444
1,1352.3432,1352.3432,1352.3432
1,113.2404,113.2404,113.2404
1,44.1779,44.1779,44.1779
1,79.5048,79.5048,79.5048
2,6653.8902,3326.9451,3953.9884
1,2688.5092,2688.5092,2688.5092
3,101.8369,33.94563333333333,49.6256
2,2904.3264,1452.1632,2288.9187
2,5164.0076,2582.0038,3756.989
1,59.659,59.659,59.659
1,650.8008,650.8008,650.8008
2,5230.7938,2615.3969,3953.9884
2,87.81439999999999,43.9072,82.3004
1,6.9394,6.9394,6.9394
1,1238.1415,1238.1415,1238.1415
2,6523.025,3261.5125,3953.9884
2,4955.35,2477.675,2666.4313
1,168.4794,168.4794,168.4794
1,690.5919,690.5919,690.5919
2,181.1317,90.56585,101.6048
2,3401.168,1700.5839999999998,2535.964
1,2793.8047,2793.8047,2793.8047
1,77.339,77.339,77.339
4,132424.06403399998,26111.29106147616,40003.72408799979
1,54.1119,54.1119,54.1119
1,34.2219,34.2219,34.2219
1,87.2729,87.2729,87.2729
2,4789.7331,2394.86655,3953.9884
3,8938.389299999999,2979.4630999999995,3729.364
4,284.9575,71.239375,104.3783
1,41.9569,41.9569,41.9569
1,614.6673,614.6673,614.6673
1,2614.3637,2614.3637,2614.3637
3,8114.7775,2704.925833333333,2741.8144
1,211.3534,211.3534,211.3534
2,6627.0497,3313.52485,3953.9884
3,7522.9486,2507.649533333333,2688.5092
1,606.6229,606.6229,606.6229
1,5.514,5.514,5.514
3,7560.5408,2520.1802666666667,2649.8453
1,37.5479,37.5479,37.5479
1,2625.9773,2625.9773,2625.9773
2,4574.4238000000005,2287.2119,3953.9884
2,3374.7565,1687.37825,2602.2529
1,38.664,38.664,38.664
1,126.4783,126.4783,126.4783
2,6556.2413,3278.12065,3953.9884
1,60.7529,60.7529,60.7529
1,77.339,77.339,77.339
1,8.0444,8.0444,8.0444
2,1478.4459,739.22295,865.204
1,26.2769,26.2769,26.2769
2,52.2223,26.11115,44.1779
1,2688.5092,2688.5092,2688.5092
2,45.6034,22.8017,35.6694
1,874.4086,874.4086,874.4086
2,52.156000000000006,26.078000000000003,40.8408
1,2288.9187,2288.9187,2288.9187
1,77.339,77.339,77.339
2,2142.0094,1071.0047,1276.8054
1,596.689,596.689,596.689
2,4344.3324,2172.1662,2410.6266
1,1303.3144,1303.3144,1303.3144
1,622.9659,622.9659,622.9659
1,2673.0613,2673.0613,2673.0613
1,1293.3804,1293.3804,1293.3804
2,6489.9524,3244.9762,3953.9884
2,5110.4372,2555.2186,3729.364
1,140.6444,140.6444,140.6444
1,35.6694,35.6694,35.6694
1,103.8369,103.8369,103.8369
4,27421.8165,6855.454125,14132.4508
1,43.0729,43.0729,43.0729
2,4914.0989,2457.04945,2649.8453
1,38.9292,38.9292,38.9292
1,44.1779,44.1779,44.1779
2,120.9313,60.46565,66.8194
2,80.5104,40.2552,40.432
1,15.4479,15.4479,15.4479
2,66.278,33.139,38.664
1,75.0627,75.0627,75.0627
1,132.5779,132.5779,132.5779
1,30.1444,30.1444,30.1444
2,2163.0044,1081.5022,1297.8004
2,2142.0094,1071.0047,1276.8054
1,5.514,5.514,5.514
1,74.5765,74.5765,74.5765
1,62.9519,62.9519,62.9519
1,43.0729,43.0729,43.0729
2,3841.4082,1920.7041,2735.9248
2,92.7869,46.39345,65.1729
2,51.3494,25.6747,27.0615
1,612.1369,612.1369,612.1369
1,5.514,5.514,5.514
2,5192.1299,2596.06495,3953.9884
1,46.7194,46.7194,46.7194
1,2793.8047,2793.8047,2793.8047
2,5030.1018,2515.0509,2765.8482
1,1909.7384,1909.7384,1909.7384
4,109753.0267,26111.29106147616,34468.4705
1,35.6584,35.6584,35.6584
1,30.6859,30.6859,30.6859
1,2748.4997,2748.4997,2748.4997
1,30.1444,30.1444,30.1444
1,1918.2579,1918.2579,1918.2579
1,30.6859,30.6859,30.6859
1,126.4783,126.4783,126.4783
1,54.1119,54.1119,54.1119
2,2744.798,1372.399,1879.594
2,6584.407800000001,3292.2039000000004,3953.9884
3,7472.1739,2490.7246333333333,2644.3313
3,8974.0698,2991.3566,3729.364
1,79.5048,79.5048,79.5048
1,62.9629,62.9629,62.9629
1,26.2769,26.2769,26.2769
4,11399.2362,2849.80905,4413.5084
2,4344.3324,2172.1662,2410.6266
2,3296.5908,1648.2954,2699.9018
1,2264.2536,2264.2536,2264.2536
1,11.039,11.039,11.039
2,5138.0622,2569.0311,3756.989
1,5.514,5.514,5.514
2,6653.8902,3326.9451,3953.9884
1,104.4004,104.4004,104.4004
3,9085.2991,3028.433033333333,3756.989
1,70.6869,70.6869,70.6869
2,4827.281,2413.6405,3953.9884
3,9015.7393,3005.246433333333,3756.989
1,76.7533,76.7533,76.7533
1,145.8048,145.8048,145.8048
1,2264.2536,2264.2536,2264.2536
1,57.4269,57.4269,57.4269
1,5.514,5.514,5.514
2,128.99779999999998,64.49889999999999,98.3119
1,65.1729,65.1729,65.1729
1,40.0784,40.0784,40.0784
1,54.1119,54.1119,54.1119
1,1918.2579,1918.2579,1918.2579
1,2264.2536,2264.2536,2264.2536
2,102.7319,51.36595,69.5929
1,5.514,5.514,5.514
2,6627.0497,3313.52485,3953.9884
2,4359.8135,2179.90675,2410.6266
4,33399.5723,8349.893075,10933.8392
1,68.4658,68.4658,68.4658
2,6692.5541,3346.27705,3953.9884
3,6278.8306,2092.9435333333336,2571.2908
8,132424.06403399998,26111.29106147616,40003.72408799979
2,88.3669,44.18345,82.8529
1,39.4706,39.4706,39.4706
1,1939.2529,1939.2529,1939.2529
1,23.7465,23.7465,23.7465
1,44.1779,44.1779,44.1779
1,606.6229,606.6229,606.6229
2,43.7028,21.8514,35.6584
1,40.8408,40.8408,40.8408
2,96.9859,48.49295,94.4554
1,78.4108,78.4108,78.4108
1,110.5995,110.5995,110.5995
1,66.8194,66.8194,66.8194
1,5.514,5.514,5.514
2,183.9052,91.9526,106.5662
1,620.4354,620.4354,620.4354
2,2924.2259,1462.11295,2264.2536
1,626.8334,626.8334,626.8334
2,3412.2069,1706.10345,2547.0029
2,6561.7663,3280.88315,3953.9884
1,1276.8054,1276.8054,1276.8054
1,1918.2579,1918.2579,1918.2579
3,7558.707899999999,2519.5693,2673.0613
1,2674.6083,2674.6083,2674.6083
1,2643.0937,2643.0937,2643.0937
1,168.3305,168.3305,168.3305
2,191.6623,95.83115,157.9819
3,120.4009,40.13363333333333,76.2119
2,49.6919,24.84595,44.1779
1,30.1444,30.1444,30.1444
2,4974.2156,2487.1078,2563.589
2,197.7509,98.87545,138.0919
3,7715.1902,2571.7300666666665,2673.0613
2,6517.5774,3258.7887,3953.9884
2,4317.282,2158.641,2410.6266
1,3756.989,3756.989,3756.989
2,3585.6809000000003,1792.84045,2720.4769
2,5214.5393,2607.26965,2634.3974
3,7348.9131,2449.6377,3953.9884
1,622.9659,622.9659,622.9659
2,4928.7195,2464.35975,2639.8008
3,5132.446,1710.8153333333332,2602.2529
1,24.2879,24.2879,24.2879
3,171.2309,57.07696666666666,77.339
1,86.1458,86.1458,86.1458
1,5.514,5.514,5.514
2,196.0934,98.0467,140.8544
2,3461.9319,1730.9659499999998,2596.7279
4,8899.0177,2224.754425,2667.9673
2,5029.2524,2514.6262,2740.3337
1,77.339,77.339,77.339
2,120.2793,60.13965,77.3169
1,662.4144,662.4144,662.4144
2,198.2702,99.1351,166.7998
1,3953.9884,3953.9884,3953.9884
1,33.139,33.139,33.139
3,6279.9135,2093.3045,2588.9266
1,33.139,33.139,33.139
1,114.3454,114.3454,114.3454
1,46.7194,46.7194,46.7194
1,71.7919,71.7919,71.7919
1,141.3848,141.3848,141.3848
1,650.8008,650.8008,650.8008
1,132.5779,132.5779,132.5779
2,4838.8815,2419.44075,2574.6279
1,26.2769,26.2769,26.2769
1,76.2119,76.2119,76.2119
1,44.1779,44.1779,44.1779
1,24.2879,24.2879,24.2879
2,5012.8795,2506.43975,2602.2529
1,30.1444,30.1444,30.1444
2,5081.7072,2540.8536,3729.364
1,24.2879,24.2879,24.2879
1,55.2169,55.2169,55.2169
1,659.6408,659.6408,659.6408
1,2648.6187,2648.6187,2648.6187
3,9020.7008,3006.900266666667,3756.989
1,70.6869,70.6869,70.6869
3,75.9136,25.30453333333333,44.4431
2,6594.916300000001,3297.4581500000004,3953.9884
1,38.6529,38.6529,38.6529
2,5238.3962,2619.1981,2699.9018
2,104.1132,52.0566,59.659
2,3541.059,1770.5295,2264.2536
2,4207.176600000001,2103.5883000000003,2288.9187
1,1381.0732,1381.0732,1381.0732
1,3953.9884,3953.9884,3953.9884
2,141.36270000000002,70.68135000000001,76.2119
1,624.314,624.314,624.314
2,6669.338100000001,3334.6690500000004,3953.9884
2,4883.0594,2441.5297,2618.8058
1,865.204,865.204,865.204
1,81.7258,81.7258,81.7258
1,90.0133,90.0133,90.0133
2,4579.495800000001,2289.7479000000003,2699.9018
1,635.3529,635.3529,635.3529
2,4207.176600000001,2103.5883000000003,2288.9187
1,2649.8453,2649.8453,2649.8453
1,2598.9158,2598.9158,2598.9158
1,35.6694,35.6694,35.6694
1,76.7533,76.7533,76.7533
2,3144.3024,1572.1512,2410.6266
2,3997.7022,1998.8511,2699.9018
1,27.614,27.614,27.614
1,865.204,865.204,865.204
3,368.2966,122.76553333333334,272.3273
2,6672.6089,3336.30445,3953.9884
2,4360.9074,2180.4537,2410.6266
4,132424.06403399998,26111.29106147616,40003.72408799979
3,70.1897,23.39656666666667,52.2113
2,2371.2388,1185.6194,1265.7554
2,5153.4908,2576.7454,2742.8642
5,262.0951,52.41902,77.3169
2,102.7319,51.36595,59.659
2,6662.6749,3331.33745,3953.9884
1,2673.0613,2673.0613,2673.0613
1,71.2394,71.2394,71.2394
2,5399.8036,2699.9018,2699.9018
5,317.9086,63.58172,132.5779
3,64.14529999999999,21.381766666666664,30.1444
1,5.514,5.514,5.514
1,62.9519,62.9519,62.9519
1,2699.0067,2699.0067,2699.0067
1,48.5869,48.5869,48.5869
2,4997.3653,2498.68265,2586.7387
1,6.9394,6.9394,6.9394
2,116.6438,58.3219,79.0959
2,5110.5284,2555.2642,2699.9018
1,624.8444,624.8444,624.8444
4,132424.06403399998,26111.29106147616,40003.72408799979
1,88.9194,88.9194,88.9194
1,71.7919,71.7919,71.7919
1,612.1369,612.1369,612.1369
1,35.6694,35.6694,35.6694
1,132.5779,132.5779,132.5779
1,46.7194,46.7194,46.7194
3,7374.2507,2458.0835666666667,3953.9884
1,26.2769,26.2769,26.2769
1,77.339,77.339,77.339
2,5149.192300000001,2574.5961500000003,2738.5657
1,33.0727,33.0727,33.0727
2,152.9873,76.49365,109.9144
7,12778.5771,1825.5110142857145,4371.9863
1,956.1676,956.1676,956.1676
3,7645.3542,2548.4514,2674.4757
2,6528.6163,3264.30815,3953.9884
1,44.1779,44.1779,44.1779
2,6653.8902,3326.9451,3953.9884
2,1773.9642,886.9821000000001,1105.4834
1,49.9681,49.9681,49.9681
1,2742.8642,2742.8642,2742.8642
2,6692.5541,3346.27705,3953.9884
1,15.4479,15.4479,15.4479
2,6669.338100000001,3334.6690500000004,3953.9884
8,836.7838,52.2989875,132.5779
1,2264.2536,2264.2536,2264.2536
1,2743.2288,2743.2288,2743.2288
1,132.5779,132.5779,132.5779
1,79.5269,79.5269,79.5269
1,9.934,9.934,9.934
3,6235.4026,2078.467533333333,2590.0758
1,635.3529,635.3529,635.3529
2,5296.3977,2648.19885,3953.9884
1,734.7698,734.7698,734.7698
2,50.7748,25.3874,40.8408
1,27.614,27.614,27.614
8,132424.06403399998,26111.29106147616,40003.72408799979
2,6545.1692,3272.5846,3953.9884
2,4839.9443,2419.97215,3953.9884
1,94.9748,94.9748,94.9748
1,65.1729,65.1729,65.1729
1,34.2219,34.2219,34.2219
2,5319.5143,2659.75715,2685.1169
2,5202.3622,2601.1811,2649.8453
1,87.2729,87.2729,87.2729
1,87.2729,87.2729,87.2729
2,6653.8902,3326.9451,3953.9884
2,86.411,43.2055,43.3381
3,7165.317300000001,2388.4391,3953.9884
1,132.5779,132.5779,132.5779
1,3953.9884,3953.9884,3953.9884
1,44.1779,44.1779,44.1779
1,23.7465,23.7465,23.7465
2,1755.368,877.684,982.8644
1,76.2119,76.2119,76.2119
2,1461.893,730.9465,865.204
1,8.0444,8.0444,8.0444
1,44.1779,44.1779,44.1779
1,645.2869,645.2869,645.2869
2,93.914,46.957,55.239
1,1303.3144,1303.3144,1303.3144
1,5.514,5.514,5.514
3,8945.3287,2981.776233333333,3729.364
2,131.4509,65.72545,76.2119
1,8.0444,8.0444,8.0444
1,1292.2533,1292.2533,1292.2533
3,7638.4211,2546.1403666666665,2755.3617
1,26.2769,26.2769,26.2769
4,132424.06403399998,26111.29106147616,40003.72408799979
1,44.1779,44.1779,44.1779
2,2895.5416,1447.7708,2288.9187
1,11.039,11.039,11.039
2,4855.0381,2427.51905,2566.1194
2,6536.6718,3268.3359,3953.9884
4,8021.8139,2005.453475,3953.9884
1,83.9469,83.9469,83.9469
2,46.7195,23.35975,44.189
1,15.4479,15.4479,15.4479
2,4974.8628,2487.4314,2710.6092
1,30.1444,30.1444,30.1444
3,285.5763,95.1921,153.0204
2,152.9873,76.49365,97.7483
2,4609.6402,2304.8201,2699.9018
1,1332.0444,1332.0444,1332.0444
1,6.9394,6.9394,6.9394
1,5.514,5.514,5.514
1,46.3548,46.3548,46.3548
4,263.2111,65.802775,87.2729
1,44.1779,44.1779,44.1779
2,4349.8795,2174.93975,2410.6266
2,51.1284,25.5642,44.189
2,4949.121,2474.5605,2538.4944
7,34242.491,4891.784428571429,8692.6646
1,44.189,44.189,44.189
1,1248.0754,1248.0754,1248.0754
1,33.0727,33.0727,33.0727
1,71.7919,71.7919,71.7919
2,196.6016,98.3008,146.8987
1,82.8529,82.8529,82.8529
1,40.0784,40.0784,40.0784
1,16.5529,16.5529,16.5529
2,4826.7044000000005,2413.3522000000003,2562.4508
1,2562.4508,2562.4508,2562.4508
1,44.1779,44.1779,44.1779
1,622.0708,622.0708,622.0708
1,5.514,5.514,5.514
1,857.8447,857.8447,857.8447
2,1384.6405,692.32025,772.5036
1,40.0784,40.0784,40.0784
1,38.675,38.675,38.675
1,623.7504,623.7504,623.7504
1,1105.4834,1105.4834,1105.4834
1,622.9659,622.9659,622.9659
2,4579.495800000001,2289.7479000000003,2699.9018
1,8.0444,8.0444,8.0444
2,2070.304,1035.152,1297.8004
5,301.3226,60.264520000000005,82.8529
1,30.6859,30.6859,30.6859
2,107.5718,53.7859,67.4934
1,1293.3804,1293.3804,1293.3804
1,35.6694,35.6694,35.6694
2,5259.2172,2629.6086,2848.5906
1,1934.8329,1934.8329,1934.8329
1,1248.0754,1248.0754,1248.0754
8,132424.06403399998,26111.29106147616,40003.72408799979
1,2673.0613,2673.0613,2673.0613
1,1293.3804,1293.3804,1293.3804
1,38.6529,38.6529,38.6529
1,15.4479,15.4479,15.4479
1,2783.4729,2783.4729,2783.4729
1,1276.8054,1276.8054,1276.8054
1,2644.3313,2644.3313,2644.3313
2,88.5216,44.2608,49.9681
3,246.6251,82.20836666666666,171.2198
1,118.1577,118.1577,118.1577
1,77.3169,77.3169,77.3169
2,6517.5774,3258.7887,3953.9884
2,3359.2423,1679.62115,2586.7387
1,2649.8453,2649.8453,2649.8453
2,2151.9434,1075.9717,1286.7394
3,9031.4524,3010.4841333333334,3729.364
1,77.339,77.339,77.339
2,6467.5982,3233.7991,3756.989
2,4997.3653,2498.68265,2586.7387
2,2142.0094,1071.0047,1276.8054
1,5.514,5.514,5.514
2,3401.168,1700.5839999999998,2535.964
2,2385.5817,1192.79085,1280.0983
1,1297.8004,1297.8004,1297.8004
1,43.0729,43.0729,43.0729
1,1918.2579,1918.2579,1918.2579
2,3061.4274,1530.7137,2410.6266
1,41.1834,41.1834,41.1834
2,3565.7241000000004,1782.8620500000002,2288.9187
1,2784.5227,2784.5227,2784.5227
1,77.339,77.339,77.339
2,4604.7892,2302.3946,3953.9884
1,49.2167,49.2167,49.2167
1,5.514,5.514,5.514
8,31992.6547,3999.0818375,8980.0993
1,695.0119,695.0119,695.0119
1,2651.9448,2651.9448,2651.9448
1,34.5534,34.5534,34.5534
2,3044.7363,1522.36815,1939.2529
1,1303.8669,1303.8669,1303.8669
1,1950.2808,1950.2808,1950.2808
1,44.1779,44.1779,44.1779
1,622.0708,622.0708,622.0708
1,2688.5092,2688.5092,2688.5092
1,60.7529,60.7529,60.7529
1,63.0845,63.0845,63.0845
2,5833.5824,2916.7912,3953.9884
2,6689.9132,3344.9566,3953.9884
2,6309.5059,3154.75295,3756.989
1,1911.6169,1911.6169,1911.6169
1,3953.9884,3953.9884,3953.9884
2,6627.4917000000005,3313.74585,3953.9884
2,3119.1494,1559.5747,2288.9187
1,26.2769,26.2769,26.2769
2,2915.0544,1457.5272,2264.2536
1,156.8879,156.8879,156.8879
1,32.034,32.034,32.034
2,206.5687,103.28435,136.9758
1,1276.8054,1276.8054,1276.8054
8,132424.06403399998,26111.29106147616,40003.72408799979
2,3099.9983,1549.99915,2264.2536
2,72.8969,36.44845,62.9629
2,2343.6249,1171.81245,1238.1415
3,7344.471,2448.157,3953.9884
2,6538.550300000001,3269.2751500000004,3953.9884
1,132.5779,132.5779,132.5779
1,5.514,5.514,5.514
1,41.1834,41.1834,41.1834
1,3953.9884,3953.9884,3953.9884
3,7997.2829,2665.7609666666667,2709.5042
1,654.4584,654.4584,654.4584
1,165.7279,165.7279,165.7279
1,15.4479,15.4479,15.4479
1,47.4377,47.4377,47.4377
1,679.5308,679.5308,679.5308
1,44.1779,44.1779,44.1779
2,3453.0809,1726.54045,2587.8769
3,7718.2152,2572.7384,3756.989
1,65.4934,65.4934,65.4934
3,7559.0284,2519.6761333333334,2703.9903
2,2174.0323,1087.01615,1308.8283
2,4961.98,2480.99,2673.0613
3,7685.727699999999,2561.9092333333333,2709.5042
1,829.0815,829.0815,829.0815
1,38.5535,38.5535,38.5535
1,60.7529,60.7529,60.7529
1,136.9979,136.9979,136.9979
1,82.8529,82.8529,82.8529
1,635.3529,635.3529,635.3529
1,82.8529,82.8529,82.8529
1,2673.0613,2673.0613,2673.0613
1,87.2729,87.2729,87.2729
1,5.514,5.514,5.514
1,2699.9018,2699.9018,2699.9018
1,5.514,5.514,5.514
2,4674.956700000001,2337.4783500000003,3953.9884
1,98.3119,98.3119,98.3119
1,33.139,33.139,33.139
1,43.0729,43.0729,43.0729
1,36.9402,36.9402,36.9402
1,724.2723,724.2723,724.2723
1,2598.9158,2598.9158,2598.9158
1,25.3377,25.3377,25.3377
2,4914.896000000001,2457.4480000000003,2625.9773
1,2264.2536,2264.2536,2264.2536
1,3953.9884,3953.9884,3953.9884
2,46.7195,23.35975,44.189
1,82.2783,82.2783,82.2783
1,858.9607,858.9607,858.9607
1,75.0627,75.0627,75.0627
1,110.4337,110.4337,110.4337
1,38.664,38.664,38.664
2,1477.3409,738.67045,865.204
1,43.0729,43.0729,43.0729
2,3591.3716,1795.6858,2699.9018
2,4874.562,2437.281,2610.3084
3,52.9517,17.650566666666666,27.614
1,5.514,5.514,5.514
1,1276.8054,1276.8054,1276.8054
1,1907.2079,1907.2079,1907.2079
1,9.934,9.934,9.934
2,2944.8894,1472.4447,2264.2536
2,3696.6642,1848.3321,2591.1808
1,65.1729,65.1729,65.1729
2,4650.1826,2325.0913,2699.9018
2,5280.054700000001,2640.0273500000003,2699.9018
1,87.2729,87.2729,87.2729
1,606.6229,606.6229,606.6229
1,87.2729,87.2729,87.2729
2,49.6698,24.8349,25.3819
1,2626.5408,2626.5408,2626.5408
1,32.5754,32.5754,32.5754
1,868.8947,868.8947,868.8947
2,2382.2888000000003,1191.1444,1276.8054
1,2742.8642,2742.8642,2742.8642
2,1802.7634,901.3817,937.5594
1,50.7748,50.7748,50.7748
2,1740.8363,870.41815,1105.4834
2,4827.8426,2413.9213,2563.589
1,2625.9773,2625.9773,2625.9773
1,1238.1415,1238.1415,1238.1415
1,38.6529,38.6529,38.6529
1,6.9394,6.9394,6.9394
1,612.1369,612.1369,612.1369
1,74.5765,74.5765,74.5765
1,44.1779,44.1779,44.1779
1,2673.0613,2673.0613,2673.0613
2,6663.8241,3331.91205,3953.9884
2,1369.1926,684.5962999999999,772.5036
1,1879.594,1879.594,1879.594
1,15.4479,15.4479,15.4479
2,6536.6718,3268.3359,3953.9884
2,157.4073,78.70365,91.6819
1,2644.3313,2644.3313,2644.3313
1,16.8292,16.8292,16.8292
2,6662.6749,3331.33745,3953.9884
3,7533.4461,2511.1487,2699.0067
1,2740.3337,2740.3337,2740.3337
2,3277.466,1638.733,2410.6266
1,2699.9018,2699.9018,2699.9018
2,105.2623,52.631150000000005,69.5929
1,33.139,33.139,33.139
1,60.7529,60.7529,60.7529
1,2742.8642,2742.8642,2742.8642
2,5138.0622,2569.0311,3756.989
1,2673.0613,2673.0613,2673.0613
1,23.7465,23.7465,23.7465
2,147.79379999999998,73.89689999999999,145.2633
2,3713.2503,1856.62515,2607.7669
1,3729.364,3729.364,3729.364
1,71.7919,71.7919,71.7919
1,163.2859,163.2859,163.2859
8,65505.3258,5458.77715,29689.3502
1,5.514,5.514,5.514
1,49.6256,49.6256,49.6256
1,132.5779,132.5779,132.5779
1,5.514,5.514,5.514
1,2698.4432,2698.4432,2698.4432
1,132.5779,132.5779,132.5779
3,7939.8339,2646.6113,2699.9018
2,1552.4698,776.2348999999999,865.204
2,4840.0106000000005,2420.0053000000003,3953.9884
1,627.3748,627.3748,627.3748
2,46.7195,23.35975,44.189
2,4866.5176,2433.2588,2602.264
1,1280.0983,1280.0983,1280.0983
2,4881.6138,2440.8069,3953.9884
2,5428.279399999999,2714.1397,2742.6432
1,98.3119,98.3119,98.3119
2,5037.1674,2518.5837,2626.5408
1,659.6408,659.6408,659.6408
2,48.5869,24.29345,32.034
1,651.9279,651.9279,651.9279
1,1973.4969,1973.4969,1973.4969
1,98.8533,98.8533,98.8533
1,1381.0732,1381.0732,1381.0732
1,820.2968,820.2968,820.2968
1,3953.9884,3953.9884,3953.9884
1,54.1119,54.1119,54.1119
1,1907.2079,1907.2079,1907.2079
1,27.614,27.614,27.614
1,114.8758,114.8758,114.8758
1,624.8444,624.8444,624.8444
1,2566.1194,2566.1194,2566.1194
1,24.2879,24.2879,24.2879
2,6545.1692,3272.5846,3953.9884
2,1802.7634,901.3817,937.5594
8,132424.06403399998,26111.29106147616,40003.72408799979
2,84.14580000000001,42.0729,42.9624
1,44.1779,44.1779,44.1779
2,6669.338100000001,3334.6690500000004,3953.9884
4,132424.06403399998,26111.29106147616,40003.72408799979
1,1272.6948,1272.6948,1272.6948
2,4933.25,2466.625,2644.3313
1,132.5558,132.5558,132.5558
1,2650.3094,2650.3094,2650.3094
2,6669.338100000001,3334.6690500000004,3953.9884
2,54.123,27.0615,44.189
2,77.5932,38.7966,38.9292
2,45.6144,22.8072,38.675
2,113.7819,56.89095,75.1069
2,1792.8294,896.4147,927.6254
1,16.5529,16.5529,16.5529
1,27.614,27.614,27.614
1,1308.8283,1308.8283,1308.8283
5,317.3561,63.47122,104.4004
1,2728.3003,2728.3003,2728.3003
1,672.9008,672.9008,672.9008
1,66.8194,66.8194,66.8194
1,77.3169,77.3169,77.3169
2,50.0124,25.0062,40.0784
1,23.7465,23.7465,23.7465
1,1934.8329,1934.8329,1934.8329
1,55.5042,55.5042,55.5042
2,101.6269,50.81345,77.339
1,5.514,5.514,5.514
3,7761.266,2587.0886666666665,3756.989
2,5538.5584,2769.2792,2838.6566
3,134.3239,44.77463333333333,82.8529
8,1617.0356,59.8902074074074,214.3479
2,5332.9842,2666.4921,3953.9884
1,1297.8004,1297.8004,1297.8004
1,1253.5894,1253.5894,1253.5894
2,2151.9434,1075.9717,1286.7394
2,2398.8638,1199.4319,1293.3804
1,5.514,5.514,5.514
2,138.0919,69.04595,82.8529
1,132.5779,132.5779,132.5779
3,7667.1337,2555.711233333333,2659.7792
1,44.1779,44.1779,44.1779
1,1357.8572,1357.8572,1357.8572
1,16.5529,16.5529,16.5529
1,27.614,27.614,27.614
1,635.3529,635.3529,635.3529
3,303.0353,101.01176666666667,205.8394
1,87.2729,87.2729,87.2729
1,40.432,40.432,40.432
1,42.9624,42.9624,42.9624
1,2640.9058,2640.9058,2640.9058
2,119.8484,59.9242,109.9144
1,2288.9187,2288.9187,2288.9187
2,4183.9606,2091.9803,2288.9187
2,3184.3223000000003,1592.16115,2288.9187
1,612.1369,612.1369,612.1369
1,635.3529,635.3529,635.3529
1,615.7723,615.7723,615.7723
1,104.9529,104.9529,104.9529
1,65.1729,65.1729,65.1729
2,116.8538,58.4269,70.1344
2,135.0753,67.53765,132.5448
6,14265.1836,2377.5306,2699.9018
1,2613.3029,2613.3029,2613.3029
1,8.0444,8.0444,8.0444
1,6.9394,6.9394,6.9394
8,132424.06403399998,26111.29106147616,40003.72408799979
1,24.2879,24.2879,24.2879
1,2649.8453,2649.8453,2649.8453
4,132424.06403399998,26111.29106147616,40003.72408799979
5,258.2275,51.645500000000006,86.7204
2,6689.9132,3344.9566,3953.9884
1,40.432,40.432,40.432
2,6416.7682,3208.3841,3756.989
1,2688.5092,2688.5092,2688.5092
2,1477.3409,738.67045,865.204
1,24.2879,24.2879,24.2879
1,2649.8453,2649.8453,2649.8453
8,121101.8185,10091.818208333332,15340.6533
1,623.5073,623.5073,623.5073
1,132.5779,132.5779,132.5779
1,71.7919,71.7919,71.7919
2,6520.1078,3260.0539,3953.9884
1,46.7194,46.7194,46.7194
1,38.0894,38.0894,38.0894
1,635.3529,635.3529,635.3529
1,76.2119,76.2119,76.2119
3,5558.5253,1852.841766666667,2618.8058
2,4672.7357,2336.36785,3953.9884
1,622.9659,622.9659,622.9659
2,5087.2212,2543.6106,3729.364
1,40.432,40.432,40.432
2,3055.7642,1527.8821,1950.2808
1,74.3334,74.3334,74.3334
1,98.3229,98.3229,98.3229
1,49.9681,49.9681,49.9681
1,1402.0682,1402.0682,1402.0682
1,666.8565,666.8565,666.8565
1,2652.3757,2652.3757,2652.3757
2,4577.7388,2288.8694,3953.9884
2,4586.3357000000005,2293.1678500000003,3953.9884
2,4923.3161,2461.65805,2634.3974
1,40.432,40.432,40.432
2,4987.796,2493.898,2577.1694
2,4990.7685,2495.38425,2580.1419
1,64.0679,64.0679,64.0679
2,4880.0995,2440.04975,2591.1808
1,2699.9018,2699.9018,2699.9018
2,6556.2413,3278.12065,3953.9884
1,36.023,36.023,36.023
2,3330.8126,1665.4063,2699.9018
3,9123.9961,3041.3320333333336,3756.989
1,44.1779,44.1779,44.1779
1,1238.1415,1238.1415,1238.1415
2,4290.220600000001,2145.1103000000003,2410.6266
1,83.4054,83.4054,83.4054
1,596.689,596.689,596.689
2,6738.8868,3369.4434,3953.9884
1,101.7484,101.7484,101.7484
1,76.2119,76.2119,76.2119
2,6572.8053,3286.40265,3953.9884
1,106.1574,106.1574,106.1574
8,132424.06403399998,26111.29106147616,40003.72408799979
1,2288.9187,2288.9187,2288.9187
1,44.1779,44.1779,44.1779
1,32.5754,32.5754,32.5754
8,79847.8229,7984.78229,21436.4436
1,671.7958,671.7958,671.7958
2,4580.8218,2290.4109,3953.9884
3,164.5235,54.84116666666667,106.5552
1,5.514,5.514,5.514
2,78.7534,39.3767,40.0784
2,3667.9342,1833.9671,2562.4508
4,52748.2969,13187.074225,16245.6329
1,34.5644,34.5644,34.5644
2,3082.4224,1541.2112,2410.6266
1,606.6229,606.6229,606.6229
2,187.9164,93.9582,147.4844
1,44.1779,44.1779,44.1779
2,3472.4054,1736.2027,2699.9018
2,5176.2538,2588.1269,2765.6272
1,43.3381,43.3381,43.3381
1,82.8529,82.8529,82.8529
2,1548.6134,774.3067,865.204
3,7410.759900000001,2470.2533000000003,3953.9884
1,103.2733,103.2733,103.2733
1,59.6148,59.6148,59.6148
1,54.6754,54.6754,54.6754
1,93.3394,93.3394,93.3394
1,62.9519,62.9519,62.9519
1,1303.3144,1303.3144,1303.3144
1,60.7529,60.7529,60.7529
3,267.96259999999995,89.32086666666665,162.3798
1,24.2879,24.2879,24.2879
1,5.514,5.514,5.514
1,1319.3148,1319.3148,1319.3148
3,7515.2468,2505.082266666667,2644.3313
1,35.3269,35.3269,35.3269
1,87.2729,87.2729,87.2729
3,136.9206,45.6402,96.0798
1,15.4479,15.4479,15.4479
3,9256.6846,3085.561533333333,3953.9884
2,4816.7705000000005,2408.3852500000003,2552.5169
3,251.8959,83.9653,175.695
1,44.1779,44.1779,44.1779
1,2410.6266,2410.6266,2410.6266
2,64.0348,32.0174,47.4819
1,44.1779,44.1779,44.1779
2,70.69800000000001,35.349000000000004,38.664
1,44.1779,44.1779,44.1779
1,5.514,5.514,5.514
1,55.2169,55.2169,55.2169
1,1934.8329,1934.8329,1934.8329
1,1381.0732,1381.0732,1381.0732
1,26.4869,26.4869,26.4869
1,164.0594,164.0594,164.0594
2,3687.432,1843.716,2410.6266
1,1332.0444,1332.0444,1332.0444
1,5.514,5.514,5.514
1,147.5065,147.5065,147.5065
1,3953.9884,3953.9884,3953.9884
1,1308.8283,1308.8283,1308.8283
1,26.4869,26.4869,26.4869
1,650.8008,650.8008,650.8008
2,3693.3603,1846.68015,2587.8769
2,114.8869,57.44345,77.339
2,6598.3197,3299.15985,3953.9884
3,7283.6849,2427.8949666666667,3756.989
2,3472.9819,1736.49095,2607.7779
2,4567.2303,2283.61515,3953.9884
1,1934.8329,1934.8329,1934.8329
1,16.8292,16.8292,16.8292
1,55.2169,55.2169,55.2169
2,90.831,45.4155,79.5158
1,77.339,77.339,77.339
1,8.7848,8.7848,8.7848
1,77.339,77.339,77.339
1,99.4169,99.4169,99.4169
1,76.2119,76.2119,76.2119
2,4859.513800000001,2429.7569000000003,3953.9884
1,2264.2536,2264.2536,2264.2536
2,3648.7681,1824.38405,2410.6266
1,8.0444,8.0444,8.0444
2,231.1992,115.5996,184.4798
1,650.8008,650.8008,650.8008
3,6295.7592,2098.5864,2624.3529
1,6.9394,6.9394,6.9394
2,3550.993,1775.4965,2264.2536
2,1461.893,730.9465,865.204
1,1238.1415,1238.1415,1238.1415
1,650.8008,650.8008,650.8008
1,2775.0086,2775.0086,2775.0086
4,2717.6198,679.40495,1420.407
1,65.1729,65.1729,65.1729
1,8.0444,8.0444,8.0444
1,44.1779,44.1779,44.1779
2,207.0549,103.52745,109.3508
1,44.1779,44.1779,44.1779
1,1966.3144,1966.3144,1966.3144
2,3687.432,1843.716,2410.6266
1,40.0784,40.0784,40.0784
1,38.6529,38.6529,38.6529
1,55.2169,55.2169,55.2169
1,118.1908,118.1908,118.1908
2,4913.2716,2456.6358,2624.3529
1,30.1444,30.1444,30.1444
1,16.5529,16.5529,16.5529
4,116621.1333,26111.29106147616,32721.915
1,32.034,32.034,32.034
1,36.023,36.023,36.023
1,606.6229,606.6229,606.6229
1,16.5529,16.5529,16.5529
1,5.514,5.514,5.514
1,1276.8054,1276.8054,1276.8054
2,152.4238,76.2119,76.2119
1,2622.1098,2622.1098,2622.1098
2,3019.6307,1509.81535,1914.1473
1,76.2119,76.2119,76.2119
1,14.2987,14.2987,14.2987
2,6600.4303,3300.21515,3953.9884
1,2674.4757,2674.4757,2674.4757
1,874.4086,874.4086,874.4086
1,64.6094,64.6094,64.6094
1,2671.9453,2671.9453,2671.9453
1,62.9519,62.9519,62.9519
1,2636.4637,2636.4637,2636.4637
1,66.8194,66.8194,66.8194
1,3756.989,3756.989,3756.989
1,92.7869,92.7869,92.7869
2,2343.6249,1171.81245,1238.1415
1,8.0444,8.0444,8.0444
1,6.9394,6.9394,6.9394
1,622.9659,622.9659,622.9659
1,1276.8054,1276.8054,1276.8054
1,32.5754,32.5754,32.5754
1,30.6859,30.6859,30.6859
1,71.2394,71.2394,71.2394
1,132.5779,132.5779,132.5779
1,23.7465,23.7465,23.7465
2,136.9759,68.48795,77.3169
2,3489.5569,1744.7784499999998,2624.3529
1,639.1983,639.1983,639.1983
2,2995.0113,1497.50565,1889.5279
2,3648.7681,1824.38405,2410.6266
1,55.2169,55.2169,55.2169
1,32.3323,32.3323,32.3323
1,690.5698,690.5698,690.5698
1,76.2119,76.2119,76.2119
1,1276.8054,1276.8054,1276.8054
2,3671.6028,1835.8014,2566.1194
1,44.1779,44.1779,44.1779
2,4550.6774000000005,2275.3387,3953.9884
2,135.0863,67.54315,69.5929
1,87.2729,87.2729,87.2729
1,627.3748,627.3748,627.3748
2,163.7611,81.88055,146.9319
1,1308.8283,1308.8283,1308.8283
4,25153.6109,6288.402725,14594.634
1,1293.3804,1293.3804,1293.3804
2,1724.2752,862.1376,865.204
1,640.8669,640.8669,640.8669
2,6696.8526,3348.4263,3953.9884
2,3312.0387,1656.01935,2699.9018
2,6492.4828,3246.2414,3953.9884
2,4550.6774000000005,2275.3387,3953.9884
1,55.239,55.239,55.239
2,1461.893,730.9465,865.204
1,622.0708,622.0708,622.0708
1,1308.8283,1308.8283,1308.8283
1,34.2219,34.2219,34.2219
1,1397.6482,1397.6482,1397.6482
1,75.0627,75.0627,75.0627
1,3953.9884,3953.9884,3953.9884
2,3114.5401,1557.27005,2264.2536
2,3132.6999,1566.34995,2410.6266
1,70.6869,70.6869,70.6869
1,65.1729,65.1729,65.1729
1,27.614,27.614,27.614
1,1253.5894,1253.5894,1253.5894
1,24.2879,24.2879,24.2879
2,1792.8294,896.4147,927.6254
2,142.4788,71.2394,132.5448
1,44.1779,44.1779,44.1779
1,106.5883,106.5883,106.5883
3,3991.5028,1330.5009333333337,2288.9187
2,159.3189,79.65944999999999,110.4558
1,109.3508,109.3508,109.3508
1,88.9194,88.9194,88.9194
3,7506.861800000001,2502.2872666666667,3953.9884
1,87.2729,87.2729,87.2729
2,4844.4065,2422.20325,2580.1529
2,57.3717,28.68585,47.4377
1,15.4479,15.4479,15.4479
2,6591.5682,3295.7841,3953.9884
1,62.9519,62.9519,62.9519
1,66.2779,66.2779,66.2779
2,3442.0088,1721.0043999999998,2576.8048
2,6569.4792,3284.7396,3953.9884
1,55.2169,55.2169,55.2169
1,2643.0937,2643.0937,2643.0937
1,690.5698,690.5698,690.5698
2,2779.3513000000003,1389.67565,1914.1473
2,3669.0724,1834.5362,2563.589
1,92.7869,92.7869,92.7869
2,3603.7697,1801.88485,2738.5657
2,3410.9362,1705.4681,2699.9018
2,6708.002,3354.001,3953.9884
1,132.5779,132.5779,132.5779
1,66.8194,66.8194,66.8194
1,671.7958,671.7958,671.7958
2,4923.3161,2461.65805,2634.3974
2,6492.4828,3246.2414,3953.9884
1,2659.7792,2659.7792,2659.7792
1,99.4169,99.4169,99.4169
1,606.6229,606.6229,606.6229
2,3690.0453,1845.02265,2584.5619
1,44.1779,44.1779,44.1779
1,5.514,5.514,5.514
1,71.7919,71.7919,71.7919
1,15.4479,15.4479,15.4479
1,103.8369,103.8369,103.8369
1,30.1444,30.1444,30.1444
3,9078.669,3026.223,3756.989
1,8.0444,8.0444,8.0444
1,1918.2579,1918.2579,1918.2579
2,3611.7459,1805.87295,2264.2536
1,162.7444,162.7444,162.7444
1,77.3169,77.3169,77.3169
1,624.8444,624.8444,624.8444
1,2630.4194,2630.4194,2630.4194
1,16.5529,16.5529,16.5529
2,2951.3331000000003,1475.66655,2288.9187
1,137.5173,137.5173,137.5173
1,1276.8054,1276.8054,1276.8054
2,156.8659,78.43295,79.5269
2,108.7873,54.39365,75.1069
2,2163.0044,1081.5022,1297.8004
1,40.8077,40.8077,40.8077
1,15.4479,15.4479,15.4479
2,2985.0774,1492.5387,1879.594
1,41.9127,41.9127,41.9127
1,27.614,27.614,27.614
2,205.4417,102.72085,151.3298
1,2618.8169,2618.8169,2618.8169
2,5863.7268,2931.8634,3953.9884
3,7535.1147,2511.7049,2710.6092
8,99385.9745,12423.2468125,33159.5844
2,108.2679,54.13395,69.5929
2,6570.551100000001,3285.2755500000003,3953.9884
1,35.6694,35.6694,35.6694
1,76.2119,76.2119,76.2119
1,16.5529,16.5529,16.5529
8,132424.06403399998,26111.29106147616,40003.72408799979
1,15.7242,15.7242,15.7242
2,162.6892,81.3446,122.6108
2,2033.1088,1016.5544,1105.4834
1,77.339,77.339,77.339
1,77.339,77.339,77.339
2,4982.975,2491.4875,2694.0563
1,71.7919,71.7919,71.7919
2,55.5042,27.7521,44.189
2,6653.8902,3326.9451,3953.9884
5,532.4664,106.49328,159.6173
1,77.3169,77.3169,77.3169
1,82.2783,82.2783,82.2783
1,3953.9884,3953.9884,3953.9884
1,2699.9018,2699.9018,2699.9018
3,7911.4686,2637.1562,2699.9018
1,2715.3497,2715.3497,2715.3497
1,2626.5408,2626.5408,2626.5408
2,115.1853,57.59265,59.9463
1,55.2169,55.2169,55.2169
1,5.514,5.514,5.514
1,158.8769,158.8769,158.8769
2,1565.7298,782.8649,865.204
1,2649.8453,2649.8453,2649.8453
2,5257.8553,2628.92765,3953.9884
3,130.3238,43.44126666666667,98.8533
1,60.7529,60.7529,60.7529
1,43.0729,43.0729,43.0729
2,1732.0434,866.0217,866.8394
1,93.8919,93.8919,93.8919
2,6622.5524000000005,3311.2762,3953.9884
3,9026.7451,3008.915033333333,3729.364
1,32.0229,32.0229,32.0229
1,106.1574,106.1574,106.1574
2,4937.314899999999,2468.65745,2673.0613
2,112.6659,56.33295,74.0019
2,1495.5734,747.7867,865.204
1,3953.9884,3953.9884,3953.9884
3,7643.8845,2547.9615,2658.63
1,85.0408,85.0408,85.0408
2,3687.432,1843.716,2410.6266
1,99.4169,99.4169,99.4169
1,5.514,5.514,5.514
2,59.6258,29.8129,44.1779
3,194.9331,64.97770000000001,134.2023
2,4825.5552,2412.7776,2561.3016
1,59.6479,59.6479,59.6479
1,33.1279,33.1279,33.1279
2,3401.168,1700.5839999999998,2535.964
2,6564.2968,3282.1484,3953.9884
1,75.6815,75.6815,75.6815
1,5.514,5.514,5.514
1,606.6229,606.6229,606.6229
1,3953.9884,3953.9884,3953.9884
1,612.1369,612.1369,612.1369
1,2659.6798,2659.6798,2659.6798
2,43.6033,21.80165,28.1554
1,5.514,5.514,5.514
2,2419.8367,1209.91835,1314.3533
1,2699.9018,2699.9018,2699.9018
1,2709.5042,2709.5042,2709.5042
2,5189.6243,2594.81215,2778.9977
1,35.6694,35.6694,35.6694
1,596.689,596.689,596.689
1,1352.3432,1352.3432,1352.3432
8,132424.06403399998,16487.32773333333,40003.72408799979
1,830.2307,830.2307,830.2307
1,15.4479,15.4479,15.4479
1,2410.6266,2410.6266,2410.6266
1,87.2729,87.2729,87.2729
1,44.1779,44.1779,44.1779
1,858.9607,858.9607,858.9607
1,92.7869,92.7869,92.7869
1,24.2879,24.2879,24.2879
1,6.9394,6.9394,6.9394
1,5.514,5.514,5.514
1,1272.6948,1272.6948,1272.6948
1,8.0444,8.0444,8.0444
1,66.2779,66.2779,66.2779
1,32.0229,32.0229,32.0229
2,4955.35,2477.675,2666.4313
3,9115.1562,3038.385400000001,3756.989
3,2611.9881,870.6627,888.9394
1,1276.8054,1276.8054,1276.8054
2,44.1669,22.08345,27.614
1,30.1444,30.1444,30.1444
2,3479.5788,1739.7894,2614.3748
1,55.2169,55.2169,55.2169
3,7539.5789,2513.192966666667,2673.0613
1,612.1369,612.1369,612.1369
1,65.1729,65.1729,65.1729
2,89.7923,44.89615,46.7194
3,3901.348,1300.4493333333332,2280.1432
2,2915.0544,1457.5272,2264.2536
2,4961.98,2480.99,2673.0613
1,2740.3337,2740.3337,2740.3337
1,1939.2529,1939.2529,1939.2529
2,116.3124,58.1562,75.1069
3,8926.2122,2975.4040666666665,3729.364
2,85.3834,42.6917,46.7194
3,5563.432,1854.4773333333333,3729.364
1,5.514,5.514,5.514
2,3352.6455,1676.32275,2580.1419
4,132424.06403399998,26111.29106147616,40003.72408799979
1,5.514,5.514,5.514
1,1889.5279,1889.5279,1889.5279
1,6.9394,6.9394,6.9394
1,2649.6906,2649.6906,2649.6906
8,67481.63,5623.469166666667,8870.2036
1,2538.4944,2538.4944,2538.4944
2,88.63210000000001,44.31605,44.4542
1,65.1729,65.1729,65.1729
1,44.1779,44.1779,44.1779
1,1292.2533,1292.2533,1292.2533
1,1276.8054,1276.8054,1276.8054
3,7522.9818,2507.6606,2673.0613
1,3953.9884,3953.9884,3953.9884
1,77.339,77.339,77.339
1,1265.7554,1265.7554,1265.7554
2,3017.2495,1508.62475,2410.6266
1,66.2779,66.2779,66.2779
1,77.3169,77.3169,77.3169
1,33.139,33.139,33.139
1,5.514,5.514,5.514
1,5.514,5.514,5.514
1,77.339,77.339,77.339
1,2561.3016,2561.3016,2561.3016
1,5.514,5.514,5.514
1,140.6444,140.6444,140.6444
1,44.1779,44.1779,44.1779
1,3953.9884,3953.9884,3953.9884
2,5329.4261,2664.71305,2710.6092
1,1918.2579,1918.2579,1918.2579
2,5026.3131,2513.15655,2737.3944
2,4143.8476,2071.9238,2264.2536
1,596.689,596.689,596.689
2,92.7869,46.39345,82.8529
1,8.7848,8.7848,8.7848
1,77.339,77.339,77.339
1,1238.1415,1238.1415,1238.1415
1,2570.1858,2570.1858,2570.1858
2,3451.9427,1725.9713499999998,2586.7387
1,104.3783,104.3783,104.3783
1,44.1779,44.1779,44.1779
1,38.0894,38.0894,38.0894
1,2264.2536,2264.2536,2264.2536
1,43.0729,43.0729,43.0729
4,31667.3341,7916.833525,11230.1556
1,125.9258,125.9258,125.9258
2,2151.9434,1075.9717,1286.7394
1,635.3529,635.3529,635.3529
1,76.2119,76.2119,76.2119
1,71.7919,71.7919,71.7919
2,2168.5184,1084.2592,1303.3144
1,83.4054,83.4054,83.4054
1,33.6804,33.6804,33.6804
2,121.5169,60.75845,77.339
1,33.139,33.139,33.139
2,6552.904200000001,3276.4521000000004,3953.9884
1,71.7919,71.7919,71.7919
1,87.2729,87.2729,87.2729
1,3953.9884,3953.9884,3953.9884
2,4380.7394,2190.3697,3756.989
1,44.1779,44.1779,44.1779
1,15.4479,15.4479,15.4479
1,606.6229,606.6229,606.6229
1,15.4479,15.4479,15.4479
1,40.0784,40.0784,40.0784
1,132.5779,132.5779,132.5779
1,15.4479,15.4479,15.4479
1,44.189,44.189,44.189
2,4631.8507,2315.92535,3953.9884
1,38.675,38.675,38.675
1,111.0083,111.0083,111.0083
4,93981.0186,23495.254650000003,33243.4322
2,131.4509,65.72545,76.2119
1,639.1983,639.1983,639.1983
1,44.1779,44.1779,44.1779
3,9114.0622,3038.0207333333333,3756.989
2,3109.2155,1554.60775,2288.9187
2,1700.129,850.0645,927.6254
1,620.9216,620.9216,620.9216
1,5.514,5.514,5.514
2,4833.944100000001,2416.9720500000003,3953.9884
1,1342.4093,1342.4093,1342.4093
2,142.5119,71.25595,87.2729
8,96507.6623,12063.4577875,16462.5525
1,41.1834,41.1834,41.1834
1,622.9659,622.9659,622.9659
1,42.9624,42.9624,42.9624
2,3022.7635,1511.38175,2410.6266
2,5207.5778,2603.7889,3953.9884
1,2607.7779,2607.7779,2607.7779
1,5.514,5.514,5.514
1,44.1779,44.1779,44.1779
1,16.5529,16.5529,16.5529
1,158.8769,158.8769,158.8769
2,5036.6039,2518.30195,2625.9773
1,2580.1419,2580.1419,2580.1419
2,6747.793100000001,3373.8965500000004,3953.9884
2,2163.0044,1081.5022,1297.8004
1,26.2769,26.2769,26.2769
1,16.5529,16.5529,16.5529
1,38.675,38.675,38.675
4,194.1597,48.539925,76.2119
1,690.5919,690.5919,690.5919
3,7380.9581,2460.3193666666666,3953.9884
2,6662.6749,3331.33745,3953.9884
2,4992.909,2496.4545,2703.9903
2,5138.0622,2569.0311,3756.989
1,1920.4016,1920.4016,1920.4016
2,114.8869,57.44345,104.9529
1,164.0594,164.0594,164.0594
1,8.0444,8.0444,8.0444
2,4868.6944,2434.3472,2604.4408
1,1934.8329,1934.8329,1934.8329
1,114.3233,114.3233,114.3233
1,15.4479,15.4479,15.4479
1,146.9319,146.9319,146.9319
1,77.339,77.339,77.339
1,44.1779,44.1779,44.1779
4,132424.06403399998,26111.29106147616,40003.72408799979
2,176.789,88.3945,132.6
1,27.614,27.614,27.614
1,98.3119,98.3119,98.3119
2,4838.8815,2419.44075,2574.6279
3,213.2762,71.09206666666667,99.4169
2,3097.8924,1548.9462,2410.6266
2,3393.4689,1696.73445,2410.6266
1,5.514,5.514,5.514
2,4345.4595,2172.72975,2410.6266
1,2264.2536,2264.2536,2264.2536
2,79.73689999999999,39.86845,41.1834
3,8985.8711,2995.2903666666666,3729.364
2,3627.5051,1813.75255,2699.9018
2,6692.4436000000005,3346.2218000000003,3953.9884
1,81.7258,81.7258,81.7258
1,1293.3804,1293.3804,1293.3804
1,2574.639,2574.639,2574.639
1,2264.2536,2264.2536,2264.2536
1,15.4479,15.4479,15.4479
1,596.689,596.689,596.689
1,28.1554,28.1554,28.1554
2,2118.7934,1059.3967,1253.5894
2,4784.2191,2392.10955,3953.9884
2,1745.2342,872.6171,1105.4834
3,7549.0944,2516.3648,2694.0563
2,4387.4274000000005,2193.7137,2410.6266
1,26.2769,26.2769,26.2769
3,102.5662,34.18873333333334,41.2055
1,2598.9158,2598.9158,2598.9158
3,143.3296,47.77653333333333,104.4004
1,671.7958,671.7958,671.7958
1,830.2307,830.2307,830.2307
1,5.514,5.514,5.514
4,12044.0802,3011.02005,3953.9884
1,71.7919,71.7919,71.7919
1,3953.9884,3953.9884,3953.9884
1,44.1779,44.1779,44.1779
2,3147.8794000000003,1573.9397,2288.9187
2,3658.0003,1829.00015,2552.5169
2,3704.3992,1852.1996,2598.9158
1,2538.4944,2538.4944,2538.4944
1,1949.1869,1949.1869,1949.1869
1,2668.564,2668.564,2668.564
8,46391.1048,5798.8881,9558.3823
2,3286.2507,1643.12535,2410.6266
2,44.4874,22.2437,34.5534
1,663.5083,663.5083,663.5083
2,121.5169,60.75845,82.8529
2,4649.0003,2324.50015,3953.9884
2,34.5534,17.2767,27.614
1,5.514,5.514,5.514
2,3413.6766,1706.8383,2699.9018
2,62.719800000000006,31.359900000000003,54.6754
1,48.8631,48.8631,48.8631
1,3953.9884,3953.9884,3953.9884
1,2659.7792,2659.7792,2659.7792
3,3704.5709,1234.8569666666667,1650.7273
1,2602.2529,2602.2529,2602.2529
1,42.9624,42.9624,42.9624
1,40.432,40.432,40.432
2,70.68690000000001,35.343450000000004,38.664
2,113.7377,56.86885,104.9529
2,4594.8553,2297.42765,3953.9884
2,3088.4889000000003,1544.24445,2410.6266
2,5088.572,2544.286,2677.9454
2,2228.7298,1114.3649,1363.5258
2,5306.3316,2653.1658,3953.9884
1,1286.7394,1286.7394,1286.7394
1,666.8565,666.8565,666.8565
2,6627.0497,3313.52485,3953.9884
1,30.6859,30.6859,30.6859
2,122.3788,61.1894,82.3004
1,11.039,11.039,11.039
1,16.5529,16.5529,16.5529
2,6795.2749,3397.63745,3953.9884
2,2690.7615,1345.38075,1918.2579
2,3367.8301,1683.91505,2699.9018
2,6663.8241,3331.91205,3953.9884
1,16.8292,16.8292,16.8292
2,3106.7324,1553.3662,2410.6266
1,159.6394,159.6394,159.6394
1,1918.2579,1918.2579,1918.2579
1,1276.8054,1276.8054,1276.8054
1,77.339,77.339,77.339
1,2677.9454,2677.9454,2677.9454
1,30.1444,30.1444,30.1444
1,650.8008,650.8008,650.8008
1,3953.9884,3953.9884,3953.9884
1,60.7529,60.7529,60.7529
1,30.6859,30.6859,30.6859
2,4337.0919,2168.54595,3729.364
2,92.7538,46.3769,71.7919
2,2135.3684,1067.6842,1270.1644
1,5.514,5.514,5.514
1,1879.594,1879.594,1879.594
1,104.4004,104.4004,104.4004
1,37.5479,37.5479,37.5479
2,4898.651,2449.3255,2634.3974
2,5110.4372,2555.2186,3729.364
2,55.5042,27.7521,44.189
1,5.514,5.514,5.514
1,62.9519,62.9519,62.9519
3,7532.9158,2510.9719333333333,2649.8453
1,33.139,33.139,33.139
1,127.0308,127.0308,127.0308
2,3059.2285,1529.61425,2410.6266
1,3953.9884,3953.9884,3953.9884
1,2587.8769,2587.8769,2587.8769
2,4923.3161,2461.65805,2634.3974
1,32.034,32.034,32.034
3,6192.3297,2064.1099,2547.0029
2,4583.75,2291.875,3953.9884
1,6.9394,6.9394,6.9394
1,2630.4194,2630.4194,2630.4194
1,3953.9884,3953.9884,3953.9884
2,5893.2413,2946.62065,3953.9884
1,31.4704,31.4704,31.4704
1,40.432,40.432,40.432
1,679.5308,679.5308,679.5308
3,8949.4282,2983.1427333333336,3729.364
1,3953.9884,3953.9884,3953.9884
1,41.1834,41.1834,41.1834
1,138.114,138.114,138.114
1,1276.8054,1276.8054,1276.8054
2,140.2688,70.1344,77.3169
1,623.7504,623.7504,623.7504
1,41.9127,41.9127,41.9127
1,624.5571,624.5571,624.5571
2,6624.1657,3312.08285,3953.9884
2,47.4819,23.74095,37.5479
1,622.0708,622.0708,622.0708
1,896.5086,896.5086,896.5086
1,5.514,5.514,5.514
1,2264.2536,2264.2536,2264.2536
1,15.4479,15.4479,15.4479
1,1293.3804,1293.3804,1293.3804
1,16.8292,16.8292,16.8292
2,5372.6095000000005,2686.30475,3953.9884
1,77.3169,77.3169,77.3169
1,40.432,40.432,40.432
1,71.7919,71.7919,71.7919
2,150.55630000000002,75.27815000000001,109.3508
2,3109.2155,1554.60775,2288.9187
2,3007.3156,1503.6578,2410.6266
1,2649.8453,2649.8453,2649.8453
1,606.6229,606.6229,606.6229
1,33.6804,33.6804,33.6804
1,76.2119,76.2119,76.2119
1,54.1119,54.1119,54.1119
2,15.448,7.724,9.934
1,2916.0287,2916.0287,2916.0287
2,205.4638,102.7319,128.1248
1,2694.0563,2694.0563,2694.0563
1,44.1779,44.1779,44.1779
1,1293.3804,1293.3804,1293.3804
1,11.039,11.039,11.039
1,1272.6948,1272.6948,1272.6948
1,66.8194,66.8194,66.8194
2,6406.8343,3203.41715,3756.989
1,2728.3003,2728.3003,2728.3003
2,6606.364100000001,3303.1820500000003,3953.9884
1,86.7204,86.7204,86.7204
8,132424.06403399998,26111.29106147616,40003.72408799979
1,35.6584,35.6584,35.6584
1,1276.8054,1276.8054,1276.8054
1,2673.0613,2673.0613,2673.0613
1,1329.8233,1329.8233,1329.8233
1,33.0727,33.0727,33.0727
1,96.0798,96.0798,96.0798
1,77.3169,77.3169,77.3169
2,191.1098,95.5549,146.9319
1,37.5479,37.5479,37.5479
1,38.9292,38.9292,38.9292
2,1461.893,730.9465,865.204
3,9245.8666,3081.9555333333333,3953.9884
2,6662.6749,3331.33745,3953.9884
1,5.514,5.514,5.514
1,2576.8048,2576.8048,2576.8048
1,35.3269,35.3269,35.3269
1,79.5269,79.5269,79.5269
1,11.039,11.039,11.039
2,48.6643,24.33215,30.6859
3,182.6566,60.885533333333335,110.5995
2,3118.3239000000003,1559.1619500000002,2410.6266
2,4666.6692,2333.3346,3953.9884
2,3781.2327,1890.61635,2916.0287
2,5440.235500000001,2720.1177500000003,2740.3337
2,2888.5565,1444.27825,2264.2536
2,3511.6458999999995,1755.8229499999998,2646.4419
1,2590.4073,2590.4073,2590.4073
1,615.4077,615.4077,615.4077
1,623.4521,623.4521,623.4521
1,149.1529,149.1529,149.1529
1,2673.0613,2673.0613,2673.0613
1,2694.0563,2694.0563,2694.0563
1,77.339,77.339,77.339
2,6552.904200000001,3276.4521000000004,3953.9884
1,2659.7792,2659.7792,2659.7792
1,1879.594,1879.594,1879.594
1,15.4479,15.4479,15.4479
1,858.9607,858.9607,858.9607
1,77.3169,77.3169,77.3169
1,87.8144,87.8144,87.8144
1,79.5048,79.5048,79.5048
2,3707.7474,1853.8737,2602.264
1,43.0729,43.0729,43.0729
2,6541.3017,3270.65085,3953.9884
2,6599.8667000000005,3299.93335,3953.9884
1,1889.5279,1889.5279,1889.5279
2,4143.8476,2071.9238,2264.2536
1,5.514,5.514,5.514
2,96.0798,48.0399,86.1458
2,4398.4774,2199.2387,2410.6266
2,6761.0641,3380.53205,3953.9884
1,98.3119,98.3119,98.3119
2,3034.9406,1517.4703,2410.6266
2,1800.4953,900.24765,1105.4834
1,1961.8944,1961.8944,1961.8944
2,6552.904200000001,3276.4521000000004,3953.9884
1,623.1758,623.1758,623.1758
2,212.39210000000003,106.19605,135.1305
1,44.1779,44.1779,44.1779
1,62.9519,62.9519,62.9519
2,4834.4394,2417.2197,2570.1858
2,1477.3409,738.67045,865.204
2,4891.5478,2445.7739,3953.9884
1,612.1369,612.1369,612.1369
1,34.2219,34.2219,34.2219
1,75.6815,75.6815,75.6815
3,7584.1009,2528.033633333333,2682.9953
2,3554.6741,1777.33705,2288.9187
1,2687.3048,2687.3048,2687.3048
1,645.2869,645.2869,645.2869
1,83.9469,83.9469,83.9469
1,77.339,77.339,77.339
1,81.7369,81.7369,81.7369
1,703.2773,703.2773,703.2773
8,45166.9405,5645.8675625000005,8770.1987
1,2732.7092,2732.7092,2732.7092
5,289.9742,57.99484,86.1016
2,1536.9998,768.4999,865.204
2,5050.9799,2525.48995,2640.3533
2,4812.9491,2406.47455,3953.9884
4,8334.7609,2083.690225,3756.989
1,635.3529,635.3529,635.3529
1,5.514,5.514,5.514
1,14.3429,14.3429,14.3429
1,2628.7398,2628.7398,2628.7398
4,1291.8825,322.970625,519.8674
1,2602.2529,2602.2529,2602.2529
1,640.8669,640.8669,640.8669
1,8.0444,8.0444,8.0444
1,1939.2529,1939.2529,1939.2529
1,87.2729,87.2729,87.2729
2,3403.6984,1701.8492,2538.4944
1,9.934,9.934,9.934
2,5146.5514,2573.2757,2735.9248
1,34.5534,34.5534,34.5534
1,1276.8054,1276.8054,1276.8054
1,75.0627,75.0627,75.0627
1,1397.6482,1397.6482,1397.6482
1,132.5779,132.5779,132.5779
1,635.3529,635.3529,635.3529
1,108.2458,108.2458,108.2458
2,216.8673,108.43365,208.8229
3,148.0148,49.33826666666667,87.2729
1,1357.8572,1357.8572,1357.8572
1,71.2394,71.2394,71.2394
1,49.7029,49.7029,49.7029
2,1765.3019,882.65095,992.7983
2,5263.4908,2631.7454,2699.9018
2,93.8809,46.94045,83.9469
1,24.2879,24.2879,24.2879
3,7505.2907,2501.7635666666665,2644.3313
2,5335.0616,2667.5308,3953.9884
1,650.8008,650.8008,650.8008
1,177.0542,177.0542,177.0542
2,6604.2978,3302.1489,3953.9884
1,1397.6482,1397.6482,1397.6482
1,71.7919,71.7919,71.7919
1,27.614,27.614,27.614
1,43.0729,43.0729,43.0729
3,164.6893,54.89643333333333,85.0519
2,72.10130000000001,36.050650000000005,46.7194
1,5.514,5.514,5.514
8,1009.1637,59.3625705882353,178.2255
2,5342.9955,2671.49775,2699.9018
1,67.9023,67.9023,67.9023
1,26.2769,26.2769,26.2769
1,64.6094,64.6094,64.6094
1,51.3494,51.3494,51.3494
3,9006.8551,3002.2850333333336,3729.364
1,44.1779,44.1779,44.1779
1,32.5754,32.5754,32.5754
1,104.4004,104.4004,104.4004
1,2699.9018,2699.9018,2699.9018
1,98.8533,98.8533,98.8533
1,16.5529,16.5529,16.5529
1,668.4808,668.4808,668.4808
1,1402.0682,1402.0682,1402.0682
2,6714.6541,3357.32705,3953.9884
1,5.514,5.514,5.514
1,16.8292,16.8292,16.8292
1,5.514,5.514,5.514
2,6627.0497,3313.52485,3953.9884
2,243.6083,121.80415,132.6
1,82.8529,82.8529,82.8529
1,62.9519,62.9519,62.9519
1,635.3529,635.3529,635.3529
1,44.1779,44.1779,44.1779
1,91.6819,91.6819,91.6819
2,2092.7678,1046.3839,1105.4834
1,30.1444,30.1444,30.1444
2,1852.4884,926.2442,987.2844
2,136.1803,68.09015,133.6498
1,71.7919,71.7919,71.7919
1,6.9394,6.9394,6.9394
1,42.9624,42.9624,42.9624
1,2754.0136,2754.0136,2754.0136
2,3045.9795,1522.98975,2410.6266
1,26.4869,26.4869,26.4869
3,6410.527700000001,2136.8425666666667,2602.2529
1,1895.0419,1895.0419,1895.0419
2,2738.818,1369.409,1966.3144
1,2410.6266,2410.6266,2410.6266
1,30.6859,30.6859,30.6859
1,27.614,27.614,27.614
1,3953.9884,3953.9884,3953.9884
2,6663.8241,3331.91205,3953.9884
5,212.7458,42.54916,55.2169
2,1384.6405,692.32025,772.5036
2,6572.7942,3286.3971,3953.9884
2,5872.246300000001,2936.1231500000004,3953.9884
1,16.8292,16.8292,16.8292
2,5012.316000000001,2506.1580000000004,2601.6894
2,6371.3417,3185.67085,3729.364
1,820.2968,820.2968,820.2968
1,44.1779,44.1779,44.1779
1,64.6094,64.6094,64.6094
1,5.514,5.514,5.514
1,76.2119,76.2119,76.2119
2,112.1023,56.05115,79.5269
1,28.1554,28.1554,28.1554
2,6534.130300000001,3267.0651500000004,3953.9884
2,77.8584,38.9292,54.1119
1,713.7637,713.7637,713.7637
1,663.5083,663.5083,663.5083
2,3032.6974,1516.3487,2410.6266
1,159.6394,159.6394,159.6394
1,667.3758,667.3758,667.3758
2,5307.6576000000005,2653.8288,2673.0613
1,44.1779,44.1779,44.1779
2,4250.8131,2125.40655,2288.9187
1,65.1729,65.1729,65.1729
3,7535.502899999999,2511.8343,2644.3313
1,44.1779,44.1779,44.1779
2,6694.3221,3347.16105,3953.9884
1,635.3529,635.3529,635.3529
2,3097.8924,1548.9462,2410.6266
2,62.66460000000001,31.332300000000004,51.3494
1,76.2119,76.2119,76.2119
1,1297.8004,1297.8004,1297.8004
1,28.1554,28.1554,28.1554
1,914.1997,914.1997,914.1997
1,66.2779,66.2779,66.2779
1,2763.9476,2763.9476,2763.9476
1,43.0729,43.0729,43.0729
1,36.023,36.023,36.023
2,4946.5906,2473.2953,2535.964
3,7636.204799999999,2545.4016,2673.0613
1,136.4454,136.4454,136.4454
2,4578.2913,2289.14565,3953.9884
1,2570.1858,2570.1858,2570.1858
2,3658.0003,1829.00015,2552.5169
1,66.8194,66.8194,66.8194
1,695.0119,695.0119,695.0119
2,5277.0712,2638.5356,2699.9018
1,44.1779,44.1779,44.1779
2,5243.2471000000005,2621.6235500000003,2644.3313
1,40.432,40.432,40.432
1,30.1444,30.1444,30.1444
1,1297.8004,1297.8004,1297.8004
1,15.7242,15.7242,15.7242
2,136.9759,68.48795,77.3169
2,4305.6685,2152.83425,2410.6266
2,66.278,33.139,38.664
1,40.8408,40.8408,40.8408
1,5.514,5.514,5.514
2,268.4487,134.22435,136.9979
2,3302.0964,1651.0482,2410.6266
1,33.139,33.139,33.139
2,3143.1864,1571.5932,2410.6266
3,9348.5764,3116.192133333333,3953.9884
1,26.8184,26.8184,26.8184
1,1320.4419,1320.4419,1320.4419
2,95.8698,47.9349,65.7254
1,64.6094,64.6094,64.6094
1,615.4077,615.4077,615.4077
1,77.339,77.339,77.339
1,59.659,59.659,59.659
1,99.4169,99.4169,99.4169
1,106.1574,106.1574,106.1574
2,1712.4431,856.22155,1630.9361
2,4290.220600000001,2145.1103000000003,2410.6266
1,71.2394,71.2394,71.2394
1,3953.9884,3953.9884,3953.9884
2,3338.2299000000003,1669.11495,2410.6266
3,113.7157,37.905233333333335,77.3169
2,1528.1819,764.09095,865.204
1,101.1959,101.1959,101.1959
1,70.6869,70.6869,70.6869
4,132424.06403399998,26111.29106147616,40003.72408799979
1,44.1779,44.1779,44.1779
2,4859.513800000001,2429.7569000000003,3953.9884
3,7634.5537,2544.8512333333333,2687.3048
1,2264.2536,2264.2536,2264.2536
3,88.05760000000001,29.352533333333337,43.6144
1,623.7504,623.7504,623.7504
2,5227.0036,2613.5018,2652.3757
1,2555.0473,2555.0473,2555.0473
1,44.1779,44.1779,44.1779
2,115.8704,57.9352,77.3169
1,82.8529,82.8529,82.8529
1,2563.589,2563.589,2563.589
1,2588.9377,2588.9377,2588.9377
1,44.1779,44.1779,44.1779
1,1918.2579,1918.2579,1918.2579
3,7109.9127,2369.9709,3729.364
1,44.1779,44.1779,44.1779
1,82.2783,82.2783,82.2783
3,288.836,96.27866666666668,118.1908
2,5063.6764,2531.8382,2653.0498
1,36.023,36.023,36.023
1,2644.3313,2644.3313,2644.3313
1,1961.8944,1961.8944,1961.8944
2,229.818,114.909,219.884
1,1359.1058,1359.1058,1359.1058
2,6732.9861,3366.49305,3953.9884
2,1770.7294,885.3647,905.5254
1,103.2733,103.2733,103.2733
1,26.2769,26.2769,26.2769
1,99.4279,99.4279,99.4279
1,1324.8619,1324.8619,1324.8619
1,70.6869,70.6869,70.6869
1,102.1904,102.1904,102.1904
1,77.339,77.339,77.339
2,2163.0044,1081.5022,1297.8004
1,1907.2079,1907.2079,1907.2079
2,85.38340000000001,42.6917,82.8529
1,55.2169,55.2169,55.2169
1,79.5048,79.5048,79.5048
1,5.514,5.514,5.514
1,1297.8004,1297.8004,1297.8004
1,44.1779,44.1779,44.1779
4,302.6596,75.6649,148.0258
2,3302.0964,1651.0482,2410.6266
1,79.0959,79.0959,79.0959
1,66.2006,66.2006,66.2006
2,3442.0088,1721.0043999999998,2576.8048
2,3216.5441,1608.27205,2288.9187
1,23.7465,23.7465,23.7465
1,1303.3144,1303.3144,1303.3144
1,77.3169,77.3169,77.3169
2,4881.6138,2440.8069,3953.9884
2,6561.755300000001,3280.8776500000004,3953.9884
1,1276.8054,1276.8054,1276.8054
3,230.6025,76.86749999999999,123.1412
2,215.4529,107.72645,132.6
1,23.7465,23.7465,23.7465
8,114722.0767,12746.89741111111,33714.0297
1,26.4869,26.4869,26.4869
1,94.4554,94.4554,94.4554
2,5270.1898,2635.0949,2859.5632
2,26.8184,13.4092,24.2879
1,104.4004,104.4004,104.4004
2,4813.0596000000005,2406.5298000000003,3953.9884
2,6669.338100000001,3334.6690500000004,3953.9884
2,6489.9524,3244.9762,3953.9884
4,30177.3446,7544.33615,10484.8189
4,10626.7121,2656.678025,6813.7989
2,3355.187,1677.5935,2582.6834
2,141.94830000000002,70.97415000000001,104.4004
2,5413.4172,2706.7086,2763.5719
2,172.3138,86.1569,117.0748
1,596.689,596.689,596.689
3,6391.7206,2130.573533333333,2628.7508
2,498.4405,249.22025,364.8172
1,5.514,5.514,5.514
1,2602.2529,2602.2529,2602.2529
1,2580.1529,2580.1529,2580.1529
1,32.0229,32.0229,32.0229
2,4650.1826,2325.0913,2699.9018
1,798.6609,798.6609,798.6609
4,217.9061,54.476525,71.7919
1,2676.9067,2676.9067,2676.9067
2,4493.9577,2246.97885,3756.989
3,188.4357,62.8119,82.8529
1,30.1444,30.1444,30.1444
2,4914.3435,2457.17175,2625.4248
1,2582.6834,2582.6834,2582.6834
1,1276.8054,1276.8054,1276.8054
1,5.514,5.514,5.514
1,114.3454,114.3454,114.3454
1,627.3748,627.3748,627.3748
1,1276.8054,1276.8054,1276.8054
1,868.8947,868.8947,868.8947
2,212.1048,106.0524,142.5119
8,46795.976,3899.664666666667,9619.3538
1,40.0784,40.0784,40.0784
1,42.9624,42.9624,42.9624
2,3195.3613,1597.68065,2288.9187
1,1879.594,1879.594,1879.594
2,5941.8392,2970.9196,3953.9884
1,1909.7384,1909.7384,1909.7384
2,4579.495800000001,2289.7479000000003,2699.9018
1,44.1779,44.1779,44.1779
8,58418.6364,4868.219700000001,11543.7753
2,6528.6163,3264.30815,3953.9884
2,282.0734,141.0367,222.4144
1,1292.2533,1292.2533,1292.2533
1,1297.8004,1297.8004,1297.8004
2,6492.4828,3246.2414,3953.9884
2,1622.7901000000002,811.3950500000001,850.2865
1,76.2119,76.2119,76.2119
1,43.0729,43.0729,43.0729
2,104.3894,52.1947,94.4554
1,865.204,865.204,865.204
1,8.0444,8.0444,8.0444
1,2560.2519,2560.2519,2560.2519
2,1792.8294,896.4147,927.6254
1,30.1444,30.1444,30.1444
1,44.1779,44.1779,44.1779
2,1802.7634,901.3817,937.5594
1,132.5779,132.5779,132.5779
2,146.8767,73.43835,138.0919
1,612.1369,612.1369,612.1369
1,33.0727,33.0727,33.0727
1,107.0966,107.0966,107.0966
3,7602.5087,2534.169566666667,2719.4382
3,7588.5208,2529.5069333333336,2673.0613
2,79.7921,39.89605,71.0073
3,216.8784,72.2928,82.2783
1,34.2219,34.2219,34.2219
2,2382.2888000000003,1191.1444,1276.8054
1,8.0444,8.0444,8.0444
2,6515.29,3257.645,3953.9884
1,1944.7669,1944.7669,1944.7669
1,5.514,5.514,5.514
2,2652.0976,1326.0488,1879.594
1,1318.7623,1318.7623,1318.7623
2,1739.7784,869.8892,874.5744
2,2414.3117,1207.15585,1308.8283
1,82.8529,82.8529,82.8529
2,179.31949999999998,89.65974999999999,176.789
2,6612.032800000001,3306.0164000000004,3953.9884
2,113.3399,56.66995,77.3169
1,1293.3804,1293.3804,1293.3804
4,8864.9491,2216.237275,2674.0448
1,54.6754,54.6754,54.6754
1,62.9519,62.9519,62.9519
2,4879.326,2439.663,2590.4073
2,3295.1349,1647.56745,2410.6266
1,27.614,27.614,27.614
1,79.5269,79.5269,79.5269
2,3054.6703,1527.33515,1949.1869
1,1950.2808,1950.2808,1950.2808
1,104.3783,104.3783,104.3783
1,33.139,33.139,33.139
1,612.1369,612.1369,612.1369
1,596.689,596.689,596.689
1,1397.6482,1397.6482,1397.6482
1,147.5065,147.5065,147.5065
1,83.4054,83.4054,83.4054
1,2610.3084,2610.3084,2610.3084
2,95.3284,47.6642,59.659
1,77.339,77.339,77.339
1,1253.5894,1253.5894,1253.5894
1,2644.3313,2644.3313,2644.3313
2,74.3223,37.16115,44.1779
2,130.3459,65.17295,91.6819
2,3373.3441000000003,1686.67205,2699.9018
1,38.664,38.664,38.664
1,734.7035,734.7035,734.7035
2,5448.4015,2724.20075,2748.4997
2,6627.0497,3313.52485,3953.9884
1,1889.5279,1889.5279,1889.5279
2,4650.1826,2325.0913,2699.9018
3,336.52790000000005,112.17596666666668,216.127
1,104.4004,104.4004,104.4004
1,2535.964,2535.964,2535.964
2,5009.5424,2504.7712,2598.9158
3,6091.0474,2030.3491333333332,2699.9018
1,635.3529,635.3529,635.3529
2,4968.3342,2484.1671,3953.9884
1,8.0444,8.0444,8.0444
1,1949.1869,1949.1869,1949.1869
1,89.4608,89.4608,89.4608
1,2264.2536,2264.2536,2264.2536
1,82.2783,82.2783,82.2783
1,47.4819,47.4819,47.4819
1,8.0444,8.0444,8.0444
1,103.8258,103.8258,103.8258
1,76.2119,76.2119,76.2119
1,47.4377,47.4377,47.4377
1,1270.1644,1270.1644,1270.1644
1,1939.2529,1939.2529,1939.2529
1,23.7465,23.7465,23.7465
1,139.5394,139.5394,139.5394
2,2343.3714,1171.6857,1940.2551
2,3348.186,1674.093,2410.6266
2,3271.952,1635.976,2410.6266
1,1238.1415,1238.1415,1238.1415
1,44.1779,44.1779,44.1779
1,2715.3497,2715.3497,2715.3497
2,2163.0044,1081.5022,1297.8004
1,5.514,5.514,5.514
1,44.1779,44.1779,44.1779
1,66.8194,66.8194,66.8194
1,596.689,596.689,596.689
1,2742.4111,2742.4111,2742.4111
2,5004.268400000001,2502.1342000000004,2715.3497
2,5920.3028,2960.1514,3953.9884
1,3953.9884,3953.9884,3953.9884
3,4196.092000000001,1398.6973333333335,2264.2536
1,16.5529,16.5529,16.5529
2,4961.98,2480.99,2673.0613
1,55.2169,55.2169,55.2169
2,160.4792,80.2396,120.4008
1,104.4004,104.4004,104.4004
2,4326.053,2163.0265,3729.364
1,34.2219,34.2219,34.2219
1,79.0959,79.0959,79.0959
2,3099.9983,1549.99915,2264.2536
2,44.1669,22.08345,27.614
4,97.1849,24.296225,44.189
3,64.14529999999999,21.381766666666664,30.1444
1,75.0627,75.0627,75.0627
2,4938.764,2469.382,2649.8453
2,6728.997,3364.4985,3953.9884
1,681.7298,681.7298,681.7298
1,3953.9884,3953.9884,3953.9884
1,2836.314,2836.314,2836.314
2,3757.0249,1878.51245,2410.6266
4,11639.3708,2909.8427,4978.8814
2,5234.9707,2617.48535,2699.0067
1,2644.3313,2644.3313,2644.3313
1,76.2853,76.2853,76.2853
1,44.1779,44.1779,44.1779
2,3022.7635,1511.38175,2410.6266
1,32.0229,32.0229,32.0229
1,55.2169,55.2169,55.2169
2,1727.1684,863.5842,954.6648
3,7165.604600000001,2388.534866666667,3953.9884
1,5.514,5.514,5.514
3,6238.6734,2079.5578,2607.7779
1,5.514,5.514,5.514
1,2630.4194,2630.4194,2630.4194
1,79.0959,79.0959,79.0959
1,1423.5826,1423.5826,1423.5826
2,1394.5744,697.2872,772.5036
1,680.0944,680.0944,680.0944
1,34.5534,34.5534,34.5534
1,87.2729,87.2729,87.2729
1,27.614,27.614,27.614
1,671.7958,671.7958,671.7958
1,26.2769,26.2769,26.2769
1,27.614,27.614,27.614
1,8.0444,8.0444,8.0444
1,66.2779,66.2779,66.2779
1,87.2729,87.2729,87.2729
1,1961.8944,1961.8944,1961.8944
1,744.7369,744.7369,744.7369
1,16.8292,16.8292,16.8292
1,2615.4908,2615.4908,2615.4908
1,3953.9884,3953.9884,3953.9884
2,4974.2156,2487.1078,2563.589
1,44.1779,44.1779,44.1779
2,3747.091,1873.5455,2410.6266
2,6492.4828,3246.2414,3953.9884
1,43.6144,43.6144,43.6144
2,4606.5572,2303.2786,2699.9018
3,135.009,45.00300000000001,79.5269
2,2378.1782000000003,1189.0891,1272.6948
2,4804.2749,2402.13745,3953.9884
1,71.2394,71.2394,71.2394
2,4904.4095,2452.20475,2615.4908
4,11910.3642,2977.59105,3953.9884
2,5353.5041,2676.75205,2699.9018
1,55.239,55.239,55.239
2,1759.788,879.894,987.2844
1,1238.1415,1238.1415,1238.1415
2,79.4717,39.73585,40.8077
1,1934.8329,1934.8329,1934.8329
1,15.4479,15.4479,15.4479
1,28.1554,28.1554,28.1554
2,3723.1953,1861.59765,2617.7119
1,41.2055,41.2055,41.2055
1,1238.1415,1238.1415,1238.1415
1,38.6529,38.6529,38.6529
2,3605.4272,1802.7136,2699.9018
1,5.514,5.514,5.514
1,3953.9884,3953.9884,3953.9884
2,3222.7969000000003,1611.39845,2264.2536
1,651.9058,651.9058,651.9058
1,596.689,596.689,596.689
1,6.9394,6.9394,6.9394
2,71.7919,35.89595,38.664
1,168.623,168.623,168.623
1,690.5698,690.5698,690.5698
2,125.1303,62.56515,85.0519
1,1332.0444,1332.0444,1332.0444
1,70.6869,70.6869,70.6869
2,6603.8337,3301.91685,3953.9884
2,2163.0044,1081.5022,1297.8004
2,6679.272000000001,3339.6360000000004,3953.9884
1,110.4558,110.4558,110.4558
1,44.1779,44.1779,44.1779
2,6732.9861,3366.49305,3953.9884
2,2103.3455,1051.67275,1238.1415
1,114.3565,114.3565,114.3565
1,44.1779,44.1779,44.1779
3,84.69839999999999,28.2328,41.9127
4,161.90480000000002,40.476200000000006,76.2119
1,16.5529,16.5529,16.5529
1,1944.7669,1944.7669,1944.7669
1,1342.4093,1342.4093,1342.4093
1,87.2508,87.2508,87.2508
1,138.114,138.114,138.114
1,650.8008,650.8008,650.8008
2,109.3509,54.67545,70.6869
1,1879.594,1879.594,1879.594
1,2288.9187,2288.9187,2288.9187
1,11.039,11.039,11.039
1,41.1834,41.1834,41.1834
1,44.1779,44.1779,44.1779
1,104.4004,104.4004,104.4004
2,6689.9132,3344.9566,3953.9884
1,1950.2808,1950.2808,1950.2808
1,44.1779,44.1779,44.1779
1,44.1779,44.1779,44.1779
4,355.1361,88.784025,153.0204
1,15.4479,15.4479,15.4479
2,1496.9546,748.4773,865.204
1,1332.0444,1332.0444,1332.0444
8,132424.06403399998,26111.29106147616,40003.72408799979
4,253.0451,63.261275,86.7204
2,6492.4828,3246.2414,3953.9884
2,47.4598,23.7299,38.675
1,8.0444,8.0444,8.0444
2,3070.2674,1535.1337,2410.6266
1,54.1119,54.1119,54.1119
1,142.5119,142.5119,142.5119
1,1918.2579,1918.2579,1918.2579
3,121.8042,40.6014,75.1069
1,28.1554,28.1554,28.1554
1,59.659,59.659,59.659
1,23.7465,23.7465,23.7465
1,43.0729,43.0729,43.0729
1,55.2169,55.2169,55.2169
1,663.5083,663.5083,663.5083
2,1729.7974,864.8987,1105.4834
2,3557.634,1778.817,2264.2536
1,16.5529,16.5529,16.5529
1,2657.4256,2657.4256,2657.4256
1,2587.8769,2587.8769,2587.8769
1,30.1444,30.1444,30.1444
3,5500.534900000001,1833.5116333333333,2591.1808
1,26.2769,26.2769,26.2769
8,16912.9207,2114.1150875,4879.0386
1,91.6598,91.6598,91.6598
1,32.0008,32.0008,32.0008
4,138.04770000000002,34.511925000000005,82.8529
1,44.1779,44.1779,44.1779
3,6257.8688,2085.9562666666666,2587.8769
2,136.9759,68.48795,77.3169
2,3193.9012,1596.9506,2264.2536
1,677.8623,677.8623,677.8623
1,620.4354,620.4354,620.4354
1,62.9519,62.9519,62.9519
1,43.0729,43.0729,43.0729
1,146.9319,146.9319,146.9319
3,82.3668,27.4556,71.7919
1,660.7348,660.7348,660.7348
2,103.8148,51.9074,60.7419
1,100.4998,100.4998,100.4998
2,3687.6972,1843.8486,2410.6266
2,3703.2942,1851.6471,2597.8108
1,28.1554,28.1554,28.1554
2,6653.8902,3326.9451,3953.9884
3,5708.8812,1902.9604,2585.6669
1,2661.1605,2661.1605,2661.1605
6,10196.1966,1699.3661000000002,2931.9869
1,2699.9018,2699.9018,2699.9018
1,15.4479,15.4479,15.4479
2,6567.269200000001,3283.6346000000003,3953.9884
2,104.3894,52.1947,94.4554
1,66.2779,66.2779,66.2779
1,1352.3432,1352.3432,1352.3432
1,30.6859,30.6859,30.6859
1,5.514,5.514,5.514
2,1411.7019,705.85095,772.5036
2,4852.8728,2426.4364,3953.9884
1,35.6694,35.6694,35.6694
2,254.3268,127.1634,218.6574
1,70.6869,70.6869,70.6869
2,4973.4089,2486.70445,2562.7823
2,107.6823,53.84115,69.5929
1,44.1779,44.1779,44.1779
1,55.2169,55.2169,55.2169
1,54.1229,54.1229,54.1229
1,622.9659,622.9659,622.9659
1,44.1779,44.1779,44.1779
1,3953.9884,3953.9884,3953.9884
2,6696.8526,3348.4263,3953.9884
1,162.7444,162.7444,162.7444
1,2665.2048,2665.2048,2665.2048
1,44.1779,44.1779,44.1779
1,1238.1415,1238.1415,1238.1415
1,1276.8054,1276.8054,1276.8054
1,42.5094,42.5094,42.5094
1,83.9469,83.9469,83.9469
2,92.1792,46.0896,55.239
1,596.689,596.689,596.689
2,3040.3163000000004,1520.1581500000002,1934.8329
1,1939.2529,1939.2529,1939.2529
2,5215.8984,2607.9492,2653.1161
3,234.2711,78.09036666666667,118.3234
2,5347.094999999999,2673.5475,2702.7637
1,2607.7779,2607.7779,2607.7779
8,132424.06403399998,26111.29106147616,40003.72408799979
2,4866.5065,2433.25325,2602.2529
1,86.1458,86.1458,86.1458
1,62.9519,62.9519,62.9519
1,64.6094,64.6094,64.6094
1,23.7465,23.7465,23.7465
2,5081.7072,2540.8536,3729.364
2,3362.3162,1681.1581,2699.9018
1,44.1779,44.1779,44.1779
1,865.204,865.204,865.204
1,2644.3313,2644.3313,2644.3313
1,1292.2533,1292.2533,1292.2533
2,2682.242,1341.121,1909.7384
1,42.9624,42.9624,42.9624
3,185.5296,61.8432,82.8529
2,106.3784,53.1892,59.659
3,7936.839400000001,2645.6131333333337,2699.9018
4,210.1379,52.534475,86.1016
1,1914.1473,1914.1473,1914.1473
1,612.1369,612.1369,612.1369
1,71.7919,71.7919,71.7919
2,5016.1034,2508.0517,3729.364
2,68.8084,34.4042,38.664
1,98.3229,98.3229,98.3229
2,6732.9861,3366.49305,3953.9884
1,8.0444,8.0444,8.0444
1,44.1779,44.1779,44.1779
1,149.1529,149.1529,149.1529
1,1949.1869,1949.1869,1949.1869
1,77.3169,77.3169,77.3169
2,1717.6203,858.81015,1105.4834
2,4880.0995,2440.04975,2591.1808
1,1918.2579,1918.2579,1918.2579
1,1297.8004,1297.8004,1297.8004
1,26.2769,26.2769,26.2769
2,4804.2749,2402.13745,3953.9884
2,2923.1666,1461.5833,2288.9187
2,4852.5077,2426.25385,2563.589
1,44.1779,44.1779,44.1779
1,1367.7911,1367.7911,1367.7911
2,4364.7169,2182.35845,3756.989
2,47.4819,23.74095,37.5479
1,42.9624,42.9624,42.9624
2,176.7338,88.3669,104.9419
2,3102.8428,1551.4214,2410.6266
2,46.7195,23.35975,44.189
1,2728.3003,2728.3003,2728.3003
1,35.6584,35.6584,35.6584
1,662.4144,662.4144,662.4144
1,23.7465,23.7465,23.7465
1,77.3169,77.3169,77.3169
3,8982.5672,2994.1890666666663,3729.364
1,5.514,5.514,5.514
1,2602.2529,2602.2529,2602.2529
1,60.7308,60.7308,60.7308
1,46.7194,46.7194,46.7194
1,606.6229,606.6229,606.6229
2,5405.2291000000005,2702.61455,3953.9884
2,59.9131,29.95655,46.7194
1,5.514,5.514,5.514
2,268.4598,134.2299,164.6229
2,5110.4372,2555.2186,3729.364
1,83.9469,83.9469,83.9469
1,1238.1415,1238.1415,1238.1415
2,3413.4315,1706.71575,2640.9279
1,55.239,55.239,55.239
1,2535.964,2535.964,2535.964
1,1292.2533,1292.2533,1292.2533
1,845.6786,845.6786,845.6786
2,1631.5748,815.7873999999999,859.0712
1,1253.5894,1253.5894,1253.5894
3,5999.8849,1999.961633333333,2699.9018
2,1700.129,850.0645,927.6254
1,650.8008,650.8008,650.8008
1,8.0444,8.0444,8.0444
1,624.314,624.314,624.314
4,5112.8067,1278.201675,2449.6002
1,16.5529,16.5529,16.5529
3,2624.1541,874.7180333333332,899.9894
1,98.3119,98.3119,98.3119
8,132424.06403399998,26111.29106147616,40003.72408799979
1,639.1983,639.1983,639.1983
1,44.1779,44.1779,44.1779
1,596.689,596.689,596.689
8,132424.06403399998,18169.26875,40003.72408799979
1,43.0729,43.0729,43.0729
1,40.0784,40.0784,40.0784
1,27.614,27.614,27.614
1,44.189,44.189,44.189
1,2618.8058,2618.8058,2618.8058
2,3316.152,1658.076,2410.6266
2,3710.2778,1855.1389,2604.7944
1,59.659,59.659,59.659
1,2634.3974,2634.3974,2634.3974
1,3953.9884,3953.9884,3953.9884
3,69.0184,23.00613333333333,27.614
2,3045.9795,1522.98975,2410.6266
2,2049.309,1024.6545,1276.8054
3,107.0636,35.687866666666665,71.7919
1,1238.1415,1238.1415,1238.1415
2,5032.6784,2516.3392,3729.364
1,927.6254,927.6254,927.6254
1,651.9279,651.9279,651.9279
2,4911.6031,2455.80155,2622.6844
2,1663.9734,831.9866999999999,891.4698
1,3953.9884,3953.9884,3953.9884
1,54.6754,54.6754,54.6754
1,33.6804,33.6804,33.6804
1,23.7465,23.7465,23.7465
2,4928.3423,2464.17115,2664.0887
1,5.514,5.514,5.514
1,33.0727,33.0727,33.0727
1,35.6584,35.6584,35.6584
1,635.3529,635.3529,635.3529
1,74.5765,74.5765,74.5765
1,44.1779,44.1779,44.1779
4,132424.06403399998,26111.29106147616,40003.72408799979
1,77.3169,77.3169,77.3169
2,4550.6774000000005,2275.3387,3953.9884
1,54.1119,54.1119,54.1119
1,110.4558,110.4558,110.4558
2,162.3798,81.1899,123.7158
1,8.0444,8.0444,8.0444
4,77287.5609,19321.890225,23870.7513
2,2800.0369,1400.01845,1934.8329
4,5226.8256,1306.7064,1755.0278
1,2264.2536,2264.2536,2264.2536
1,8.0444,8.0444,8.0444
1,5.514,5.514,5.514
1,46.7194,46.7194,46.7194
2,4799.667,2399.8335,3953.9884
2,4355.3935,2177.69675,2410.6266
1,1367.7911,1367.7911,1367.7911
5,358.8157,71.76313999999999,136.9979
1,620.9216,620.9216,620.9216
1,29.8019,29.8019,29.8019
2,3338.252,1669.126,2410.6266
1,2735.9248,2735.9248,2735.9248
1,74.5765,74.5765,74.5765
2,5110.5284,2555.2642,2699.9018
1,66.2779,66.2779,66.2779
1,136.9979,136.9979,136.9979
3,7735.6106,2578.536866666667,2688.5092
2,155.19729999999998,77.59864999999999,102.1904
1,40.0784,40.0784,40.0784
1,32.0229,32.0229,32.0229
2,5072.391600000001,2536.1958000000004,2783.4729
2,6602.6292,3301.3146,3953.9884
1,6.9394,6.9394,6.9394
1,15.4479,15.4479,15.4479
1,149.0977,149.0977,149.0977
1,26.2769,26.2769,26.2769
3,7483.2239,2494.4079666666667,2644.3313
1,2410.6266,2410.6266,2410.6266
1,225.9588,225.9588,225.9588
1,32.5754,32.5754,32.5754
1,2659.7792,2659.7792,2659.7792
1,16.5529,16.5529,16.5529
1,136.9979,136.9979,136.9979
1,3953.9884,3953.9884,3953.9884
1,1314.3533,1314.3533,1314.3533
1,59.9463,59.9463,59.9463
1,2657.4256,2657.4256,2657.4256
1,34.5534,34.5534,34.5534
2,166.8219,83.41095,156.8879
1,635.3529,635.3529,635.3529
2,4376.941,2188.4705,2410.6266
1,16.8292,16.8292,16.8292
3,7612.4647,2537.488233333333,2681.7798
1,2658.0444,2658.0444,2658.0444
1,59.659,59.659,59.659
2,6551.7992,3275.8996,3953.9884
2,5026.1174,2513.0587,2615.4908
1,38.0894,38.0894,38.0894
2,277.2556,138.62779999999998,142.5119
2,4203.5065,2101.75325,2264.2536
1,596.689,596.689,596.689
1,30.1444,30.1444,30.1444
2,4196.1266000000005,2098.0633000000003,2288.9187
1,55.2169,55.2169,55.2169
2,3658.0003,1829.00015,2552.5169
1,40.0784,40.0784,40.0784
3,9338.6424,3112.8808000000004,3953.9884
3,208.8009,69.6003,132.6
2,6696.8526,3348.4263,3953.9884
1,93.8808,93.8808,93.8808
2,3045.9795,1522.98975,2410.6266
1,2673.0613,2673.0613,2673.0613
1,624.314,624.314,624.314
2,6520.1078,3260.0539,3953.9884
1,1909.7384,1909.7384,1909.7384
2,5304.3316,2652.1658,2699.9018
1,144.1583,144.1583,144.1583
2,3481.1901,1740.59505,2708.6865
1,87.2729,87.2729,87.2729
1,87.2729,87.2729,87.2729
1,62.9519,62.9519,62.9519
1,211.3534,211.3534,211.3534
1,14.2987,14.2987,14.2987
2,2815.4848,1407.7424,1950.2808
2,5257.8553,2628.92765,3953.9884
1,36.9402,36.9402,36.9402
2,2049.309,1024.6545,1276.8054
1,67.9023,67.9023,67.9023
1,38.6529,38.6529,38.6529
1,38.6529,38.6529,38.6529
1,2288.9187,2288.9187,2288.9187
2,6735.0635,3367.53175,3953.9884
3,7565.8463,2521.948766666667,2700.1228
1,2680.73,2680.73,2680.73
3,8972.3901,2990.7967000000003,3756.989
1,2535.964,2535.964,2535.964
2,4859.513800000001,2429.7569000000003,3953.9884
8,132424.06403399998,25735.851075,40003.72408799979
1,614.6673,614.6673,614.6673
1,132.5558,132.5558,132.5558
1,76.2119,76.2119,76.2119
2,1852.4884,926.2442,987.2844
1,8.0444,8.0444,8.0444
2,1754.0853000000002,877.0426500000001,1105.4834
3,7603.0833,2534.3611,2720.0128
2,5135.5014,2567.7507,2724.8748
2,4841.435600000001,2420.7178000000004,2552.5169
1,2732.7092,2732.7092,2732.7092
1,38.675,38.675,38.675
1,88.3669,88.3669,88.3669
2,6653.8902,3326.9451,3953.9884
1,70.6869,70.6869,70.6869
1,35.3269,35.3269,35.3269
1,1945.3194,1945.3194,1945.3194
1,1268.2859,1268.2859,1268.2859
1,659.6408,659.6408,659.6408
3,6155.0912,2051.6970666666666,2538.4944
1,33.6804,33.6804,33.6804
1,77.3169,77.3169,77.3169
1,1105.4834,1105.4834,1105.4834
1,43.0729,43.0729,43.0729
8,10131.4774,1266.434675,4723.1073
1,60.7529,60.7529,60.7529
1,79.5269,79.5269,79.5269
2,1369.1926,684.5962999999999,772.5036
1,2264.2536,2264.2536,2264.2536
2,115.9809,57.99045,83.9469
2,2860.9426,1430.4713,2264.2536
1,89.4608,89.4608,89.4608
1,66.8194,66.8194,66.8194
2,6605.4028,3302.7014,3953.9884
4,3017.5686,754.39215,1610.6777
2,1471.8269,735.91345,865.204
1,622.9659,622.9659,622.9659
2,41.2055,20.60275,38.675
2,177.2862,88.6431,90.0133
1,26.2769,26.2769,26.2769
1,77.339,77.339,77.339
1,852.3307,852.3307,852.3307
1,26.2769,26.2769,26.2769
2,5318.7076,2659.3538,2699.9018
1,3953.9884,3953.9884,3953.9884
1,8.0444,8.0444,8.0444
1,888.9504,888.9504,888.9504
1,624.8444,624.8444,624.8444
2,6692.5541,3346.27705,3953.9884
1,2264.2536,2264.2536,2264.2536
1,34.2219,34.2219,34.2219
3,240.2933,80.09776666666666,175.695
1,44.1779,44.1779,44.1779
2,1379.1265,689.5632499999999,772.5036
2,2804.4569,1402.22845,1939.2529
2,125.9369,62.96845,98.3229
1,79.5269,79.5269,79.5269
1,44.1779,44.1779,44.1779
1,83.9469,83.9469,83.9469
1,77.339,77.339,77.339
1,850.2865,850.2865,850.2865
1,49.7029,49.7029,49.7029
1,2690.5866,2690.5866,2690.5866
1,27.8681,27.8681,27.8681
1,1293.3804,1293.3804,1293.3804
2,4203.5065,2101.75325,2264.2536
1,33.1279,33.1279,33.1279
1,2673.0613,2673.0613,2673.0613
2,2142.0094,1071.0047,1276.8054
2,190.3363,95.16815,135.1305
2,146.1584,73.0792,140.6444
2,5325.3266,2662.6633,2699.9018
1,1293.3804,1293.3804,1293.3804
1,15.4479,15.4479,15.4479
1,35.6694,35.6694,35.6694
1,71.2394,71.2394,71.2394
2,86.4774,43.2387,83.9469
1,64.0679,64.0679,64.0679
2,2142.0094,1071.0047,1276.8054
1,82.8529,82.8529,82.8529
2,1423.3044,711.6522,772.5036
3,6197.4474,2065.8158,2566.1194
1,32.5754,32.5754,32.5754
1,8.0444,8.0444,8.0444
2,5440.235500000001,2720.1177500000003,2740.3337
2,3333.7989,1666.89945,2410.6266
2,5196.8482,2598.4241,2644.3313
1,1265.7554,1265.7554,1265.7554
3,213.2319,71.0773,175.695
1,635.3529,635.3529,635.3529
1,23.7465,23.7465,23.7465
1,666.8565,666.8565,666.8565
2,1369.1926,684.5962999999999,772.5036
1,149.6833,149.6833,149.6833
1,835.7447,835.7447,835.7447
1,1961.8944,1961.8944,1961.8944
1,865.204,865.204,865.204
1,35.3269,35.3269,35.3269
2,3464.1198000000004,1732.0599000000002,2598.9158
2,135.2963,67.64815,107.6823
2,3658.0003,1829.00015,2552.5169
1,1914.1473,1914.1473,1914.1473
1,622.9659,622.9659,622.9659
1,5.514,5.514,5.514
2,1477.3409,738.67045,865.204
1,666.8565,666.8565,666.8565
2,144.13619999999997,72.06809999999999,78.4108
3,7536.619000000001,2512.206333333333,2673.0613
1,639.1983,639.1983,639.1983
1,1911.6169,1911.6169,1911.6169
1,27.614,27.614,27.614
1,33.0727,33.0727,33.0727
1,1381.0732,1381.0732,1381.0732
1,77.339,77.339,77.339
2,87.273,43.6365,55.239
2,5893.2413,2946.62065,3953.9884
4,7929.2039,1982.300975,3756.989
2,6391.386399999999,3195.6932,3756.989
1,37.5479,37.5479,37.5479
2,3383.8747000000003,1691.9373500000002,2699.9018
1,2649.8453,2649.8453,2649.8453
1,3953.9884,3953.9884,3953.9884
2,4850.497,2425.2485,3953.9884
1,64.6094,64.6094,64.6094
2,4800.2176,2400.1088,2535.964
1,136.9979,136.9979,136.9979
2,92.2012,46.1006,48.0233
1,35.3269,35.3269,35.3269
2,4305.6685,2152.83425,2410.6266
1,26.2769,26.2769,26.2769
2,121.5169,60.75845,82.8529
4,1935.7608,483.9402,1550.4952
1,1944.7669,1944.7669,1944.7669
1,25.3377,25.3377,25.3377
1,15.4479,15.4479,15.4479
1,1459.2824,1459.2824,1459.2824
1,132.5779,132.5779,132.5779
8,132424.06403399998,26111.29106147616,40003.72408799979
2,3334.8928,1667.4464,2410.6266
4,252.5147,63.128675,132.5779
1,66.2779,66.2779,66.2779
1,62.9519,62.9519,62.9519
3,5721.025100000001,1907.008366666667,2626.5408
3,8966.014299999999,2988.671433333333,3729.364
1,77.3169,77.3169,77.3169
1,70.6869,70.6869,70.6869
2,6696.8526,3348.4263,3953.9884
4,132424.06403399998,26111.29106147616,40003.72408799979
4,21863.8998,5465.97495,6236.3616
4,132424.06403399998,26111.29106147616,40003.72408799979
2,1663.9734,831.9866999999999,891.4698
2,3350.7026,1675.3513,2699.9018
4,63438.0774,15859.51935,20427.8298
4,177.38580000000002,44.34645,76.2119
8,15976.553,1997.069125,4992.7544
1,635.3529,635.3529,635.3529
2,2163.0044,1081.5022,1297.8004
1,77.339,77.339,77.339
1,100.0909,100.0909,100.0909
1,2574.639,2574.639,2574.639
2,3073.6045,1536.80225,2410.6266
1,173.032,173.032,173.032
3,6240.9608,2080.3202666666666,2574.639
3,7630.544,2543.5146666666665,2673.0613
1,98.3119,98.3119,98.3119
1,142.5119,142.5119,142.5119
1,83.3944,83.3944,83.3944
1,24.2879,24.2879,24.2879
1,38.5535,38.5535,38.5535
2,50.7748,25.3874,40.8408
1,2053.0016,2053.0016,2053.0016
2,92.7869,46.39345,82.8529
1,83.9469,83.9469,83.9469
1,24.2879,24.2879,24.2879
1,71.2394,71.2394,71.2394
1,606.6229,606.6229,606.6229
4,5282.5744,1320.6436,2431.4304
3,7485.7669,2495.2556333333337,2649.8453
1,5.514,5.514,5.514
2,2010.6451,1005.32255,1238.1415
2,2885.6077,1442.80385,2288.9187
1,5.514,5.514,5.514
2,4800.2176,2400.1088,2535.964
2,6353.716899999999,3176.85845,3729.364
2,151.3188,75.6594,96.0798
1,1914.1473,1914.1473,1914.1473
1,54.6754,54.6754,54.6754
1,79.5048,79.5048,79.5048
3,6265.2376,2088.4125333333336,2619.9108
1,27.614,27.614,27.614
1,44.1779,44.1779,44.1779
1,43.0729,43.0729,43.0729
1,5.514,5.514,5.514
2,5495.4745,2747.73725,2795.5727
1,2264.2536,2264.2536,2264.2536
2,5001.0339,2500.51695,2590.4073
1,5.514,5.514,5.514
3,9009.0872,3003.0290666666665,3756.989
2,4854.6609,2427.33045,2590.4073
1,1949.1869,1949.1869,1949.1869
1,66.8194,66.8194,66.8194
1,62.9519,62.9519,62.9519
1,1973.4969,1973.4969,1973.4969
1,197.7729,197.7729,197.7729
1,38.6529,38.6529,38.6529
2,3227.7299000000003,1613.86495,2410.6266
1,8.0444,8.0444,8.0444
2,162.9655,81.48275,103.3065
2,3441.0344,1720.5172,2668.5308
1,11.039,11.039,11.039
3,7408.0085,2469.3361666666665,3953.9884
3,5805.2829,1935.0943,2649.7348
1,79.0959,79.0959,79.0959
1,70.6869,70.6869,70.6869
2,4577.1642,2288.5821,3953.9884
1,132.5779,132.5779,132.5779
2,110.7431,55.37155,99.4279
1,612.1369,612.1369,612.1369
1,82.8529,82.8529,82.8529
2,4811.2565,2405.62825,2547.0029
1,635.3529,635.3529,635.3529
1,66.8194,66.8194,66.8194
1,144.2688,144.2688,144.2688
2,2118.7934,1059.3967,1253.5894
1,55.239,55.239,55.239
2,4594.2917,2297.14585,3953.9884
2,4579.495800000001,2289.7479000000003,2699.9018
2,3109.2155,1554.60775,2288.9187
1,77.339,77.339,77.339
2,6578.3413,3289.17065,3953.9884
1,156.8879,156.8879,156.8879
2,186.6677,93.33385,110.4558
1,2751.6489,2751.6489,2751.6489
2,6760.047500000001,3380.0237500000003,3953.9884
3,7960.044400000001,2653.3481333333334,2699.9018
1,2694.0563,2694.0563,2694.0563
1,680.0944,680.0944,680.0944
1,118.1908,118.1908,118.1908
2,4589.3413,2294.67065,3953.9884
1,2566.1194,2566.1194,2566.1194
1,612.1369,612.1369,612.1369
2,144.6888,72.3444,85.0298
1,142.5119,142.5119,142.5119
1,26.2769,26.2769,26.2769
1,5.514,5.514,5.514
3,7631.2276,2543.742533333333,2688.5092
2,5041.046,2520.523,2630.4194
1,2288.9187,2288.9187,2288.9187
1,2649.8453,2649.8453,2649.8453
1,8.0444,8.0444,8.0444
2,227.0112,113.5056,136.9979
1,2264.2536,2264.2536,2264.2536
1,33.139,33.139,33.139
1,33.139,33.139,33.139
2,92.798,46.399,59.659
2,3284.9105,1642.45525,2288.9187
3,5711.8224,1903.9408,3953.9884
1,43.0729,43.0729,43.0729
2,4579.495800000001,2289.7479000000003,2699.9018
1,2616.5516,2616.5516,2616.5516
1,2586.7387,2586.7387,2586.7387
2,51.6588,25.8294,33.6804
1,35.6694,35.6694,35.6694
1,46.7194,46.7194,46.7194
2,6528.6163,3264.30815,3953.9884
1,98.8533,98.8533,98.8533
1,1303.8669,1303.8669,1303.8669
1,74.0019,74.0019,74.0019
2,3040.3163000000004,1520.1581500000002,1934.8329
1,34.2219,34.2219,34.2219
1,6.9394,6.9394,6.9394
2,1678.029,839.0145,905.5254
1,5.514,5.514,5.514
3,7491.2572,2497.0857333333333,2688.5092
1,16.5529,16.5529,16.5529
1,5.514,5.514,5.514
3,132.29070000000002,44.096900000000005,77.3169
1,136.9979,136.9979,136.9979
1,29.8019,29.8019,29.8019
1,71.2394,71.2394,71.2394
4,3363.9539,840.988475,1694.7925
1,87.2508,87.2508,87.2508
1,53.0069,53.0069,53.0069
1,82.8529,82.8529,82.8529
1,44.1779,44.1779,44.1779
2,6534.130300000001,3267.0651500000004,3953.9884
1,8.0444,8.0444,8.0444
1,38.6529,38.6529,38.6529
1,624.8444,624.8444,624.8444
1,42.5094,42.5094,42.5094
1,1381.0732,1381.0732,1381.0732
1,87.2508,87.2508,87.2508
1,15.4479,15.4479,15.4479
1,77.339,77.339,77.339
1,596.689,596.689,596.689
1,87.2729,87.2729,87.2729
2,2948.2265,1474.11325,2264.2536
1,168.623,168.623,168.623
1,15.4479,15.4479,15.4479
1,2738.5657,2738.5657,2738.5657
3,389.5347,129.8449,203.8504
8,24082.9023,2408.29023,5038.6715
1,101.6048,101.6048,101.6048
2,6692.5541,3346.27705,3953.9884
2,110.4338,55.2169,100.4998
2,48.5758,24.2879,33.1279
1,77.339,77.339,77.339
1,132.5779,132.5779,132.5779
8,701.4987,43.84366875,132.5779
1,672.9008,672.9008,672.9008
1,5.514,5.514,5.514
1,79.5269,79.5269,79.5269
2,1732.0434,866.0217,866.8394
1,2574.6279,2574.6279,2574.6279
1,648.6019,648.6019,648.6019
1,1238.1415,1238.1415,1238.1415
2,3708.427,1854.2135,2410.6266
1,40.432,40.432,40.432
2,5306.3316,2653.1658,3953.9884
1,104.4004,104.4004,104.4004
2,5015.421,2507.7105,2604.7944
1,87.2729,87.2729,87.2729
1,42.9624,42.9624,42.9624
1,733.1012,733.1012,733.1012
2,1754.1434,877.0717,888.9394
1,15.4479,15.4479,15.4479
1,624.314,624.314,624.314
1,2721.1178,2721.1178,2721.1178
1,62.9519,62.9519,62.9519
2,6627.0497,3313.52485,3953.9884
2,3240.1943,1620.09715,2410.6266
1,627.3748,627.3748,627.3748
1,87.2729,87.2729,87.2729
1,5.514,5.514,5.514
1,1270.1644,1270.1644,1270.1644
1,47.4819,47.4819,47.4819
1,64.242,64.242,64.242
1,2618.8058,2618.8058,2618.8058
2,6579.4132,3289.7066,3953.9884
2,3456.3848,1728.1924,2591.1808
1,79.0959,79.0959,79.0959
2,6728.997,3364.4985,3953.9884
3,9025.6512,3008.5504,3729.364
2,1471.8269,735.91345,865.204
1,15.4479,15.4479,15.4479
2,3296.5908,1648.2954,2699.9018
2,6539.6553,3269.82765,3953.9884
1,33.0727,33.0727,33.0727
2,3414.2291,1707.11455,2699.9018
3,83.80330000000001,27.93443333333333,40.432
3,7641.5594,2547.1864666666665,2742.9084
2,6669.338100000001,3334.6690500000004,3953.9884
1,8.0444,8.0444,8.0444
2,6730.102000000001,3365.0510000000004,3953.9884
2,5336.476000000001,2668.2380000000003,3953.9884
1,1263.5233,1263.5233,1263.5233
1,3953.9884,3953.9884,3953.9884
1,76.2119,76.2119,76.2119
2,95.3174,47.6587,54.1119
1,33.139,33.139,33.139
1,132.5558,132.5558,132.5558
1,43.0729,43.0729,43.0729
1,1384.3708,1384.3708,1384.3708
2,2039.7167,1019.85835,1105.4834
1,620.4354,620.4354,620.4354
1,2738.5657,2738.5657,2738.5657
2,2049.309,1024.6545,1276.8054
1,8.0444,8.0444,8.0444
2,3118.0002000000004,1559.0001000000002,2288.9187
2,6517.5774,3258.7887,3953.9884
1,38.6529,38.6529,38.6529
2,3321.9726,1660.9863,2699.9018
1,2715.3497,2715.3497,2715.3497
2,3023.7413,1511.87065,1918.2579
2,3445.3569,1722.67845,2580.1529
1,66.2779,66.2779,66.2779
2,4578.2913,2289.14565,3953.9884
2,3523.2484000000004,1761.6242000000002,2658.0444
2,4574.4238000000005,2287.2119,3953.9884
1,3953.9884,3953.9884,3953.9884
1,2264.2536,2264.2536,2264.2536
1,2738.2342,2738.2342,2738.2342
1,76.2119,76.2119,76.2119
2,5109.3322,2554.6661,3756.989
1,24.2879,24.2879,24.2879
1,77.3169,77.3169,77.3169
3,7513.3919,2504.4639666666667,2688.5092
1,2709.5042,2709.5042,2709.5042
2,2163.0044,1081.5022,1297.8004
1,1388.7419,1388.7419,1388.7419
1,55.2169,55.2169,55.2169
1,1934.2694,1934.2694,1934.2694
1,2740.3337,2740.3337,2740.3337
1,2699.9018,2699.9018,2699.9018
1,2740.3337,2740.3337,2740.3337
1,183.7394,183.7394,183.7394
1,16.5529,16.5529,16.5529
1,5.514,5.514,5.514
3,3854.4489,1284.8163000000002,2267.0082
1,596.689,596.689,596.689
2,4878.2657,2439.13285,3953.9884
2,5230.7938,2615.3969,3953.9884
1,1949.1869,1949.1869,1949.1869
2,6679.272000000001,3339.6360000000004,3953.9884
4,24584.3747,6146.093675,8151.9679
2,256.3159,128.15795,217.6519
3,6233.5809,2077.8603,2602.2529
2,2049.309,1024.6545,1276.8054
1,2673.0613,2673.0613,2673.0613
1,622.0708,622.0708,622.0708
2,3704.3992,1852.1996,2598.9158
1,77.339,77.339,77.339
1,2602.2529,2602.2529,2602.2529
1,43.0729,43.0729,43.0729
3,8940.9197,2980.306566666666,3729.364
1,41.2055,41.2055,41.2055
1,77.3169,77.3169,77.3169
1,62.9519,62.9519,62.9519
1,1973.4969,1973.4969,1973.4969
1,3953.9884,3953.9884,3953.9884
2,5146.5514,2573.2757,2735.9248
1,27.614,27.614,27.614
1,37.5479,37.5479,37.5479
1,258.1833,258.1833,258.1833
1,75.0627,75.0627,75.0627
2,2049.309,1024.6545,1276.8054
2,4207.176600000001,2103.5883000000003,2288.9187
4,3876.8885,969.222125,1457.5416
1,622.0708,622.0708,622.0708
1,2604.7944,2604.7944,2604.7944
1,2673.0613,2673.0613,2673.0613
3,256.6142,85.53806666666667,132.5779
1,2673.0613,2673.0613,2673.0613
1,874.4086,874.4086,874.4086
1,6.9394,6.9394,6.9394
2,3040.3163000000004,1520.1581500000002,1934.8329
1,662.4144,662.4144,662.4144
2,3118.0002000000004,1559.0001000000002,2288.9187
1,103.2733,103.2733,103.2733
1,1276.8054,1276.8054,1276.8054
2,6760.047500000001,3380.0237500000003,3953.9884
8,132424.06403399998,26111.29106147616,40003.72408799979
1,1320.9944,1320.9944,1320.9944
1,87.2729,87.2729,87.2729
2,5251.7888,2625.8944,3953.9884
2,3296.5908,1648.2954,2699.9018
1,26.2769,26.2769,26.2769
1,70.6869,70.6869,70.6869
1,5.514,5.514,5.514
3,7381.0686,2460.3562,3953.9884
2,5335.2826000000005,2667.6413,2699.9018
2,55.5042,27.7521,46.7194
1,132.5779,132.5779,132.5779
1,76.2119,76.2119,76.2119
1,30.1444,30.1444,30.1444
1,43.0729,43.0729,43.0729
1,71.2394,71.2394,71.2394
1,77.339,77.339,77.339
1,596.689,596.689,596.689
1,50.3659,50.3659,50.3659
1,26.2769,26.2769,26.2769
2,4774.2852,2387.1426,3953.9884
2,4859.513800000001,2429.7569000000003,3953.9884
1,147.4844,147.4844,147.4844
2,4359.8135,2179.90675,2410.6266
3,5552.3931,1850.7977,3729.364
1,2710.6092,2710.6092,2710.6092
1,77.339,77.339,77.339
1,1879.594,1879.594,1879.594
1,635.3529,635.3529,635.3529
2,6694.3221,3347.16105,3953.9884
1,76.2119,76.2119,76.2119
1,33.139,33.139,33.139
1,16.5529,16.5529,16.5529
1,30.1444,30.1444,30.1444
2,4933.25,2466.625,2644.3313
1,27.614,27.614,27.614
1,23.7465,23.7465,23.7465
1,38.675,38.675,38.675
8,41979.0807,3816.280063636364,8103.9297
1,46.7194,46.7194,46.7194
3,7513.3919,2504.4639666666667,2634.3974
2,1411.7019,705.85095,772.5036
2,1661.454,830.727,888.9504
8,132424.06403399998,26111.29106147616,40003.72408799979
2,3083.5385,1541.76925,2410.6266
1,1318.7623,1318.7623,1318.7623
3,52.9517,17.650566666666666,33.1279
1,40.432,40.432,40.432
8,132424.06403399998,26111.29106147616,40003.72408799979
1,23.7465,23.7465,23.7465
1,66.8194,66.8194,66.8194
1,635.3529,635.3529,635.3529
1,15.4479,15.4479,15.4479
1,87.2729,87.2729,87.2729
1,54.1119,54.1119,54.1119
2,6444.3822,3222.1911,3729.364
1,218.6574,218.6574,218.6574
4,132.5449,33.136225,55.2169
2,167.3302,83.6651,90.0133
1,650.8008,650.8008,650.8008
1,35.3269,35.3269,35.3269
3,112.5444,37.5148,62.9519
1,2587.8769,2587.8769,2587.8769
1,77.3169,77.3169,77.3169
2,1757.4113000000002,878.7056500000001,1105.4834
1,650.8008,650.8008,650.8008
2,114.7653,57.38265,79.0959
2,6636.983700000001,3318.4918500000003,3953.9884
1,612.1369,612.1369,612.1369
2,55.5042,27.7521,46.7194
4,33032.3816,8258.0954,12490.9455
1,2574.6279,2574.6279,2574.6279
2,4936.852800000001,2468.4264000000003,3953.9884
2,5124.816000000001,2562.4080000000004,2714.1894
1,86.7204,86.7204,86.7204
1,55.2169,55.2169,55.2169
2,3042.6424,1521.3212,2410.6266
1,27.614,27.614,27.614
1,94.4554,94.4554,94.4554
1,82.8529,82.8529,82.8529
2,5302.3757000000005,2651.1878500000003,2673.0613
4,132424.06403399998,26111.29106147616,40003.72408799979
1,77.3169,77.3169,77.3169
1,3953.9884,3953.9884,3953.9884
1,27.614,27.614,27.614
1,2264.2536,2264.2536,2264.2536
1,2810.5012,2810.5012,2810.5012
1,3953.9884,3953.9884,3953.9884
1,2808.1586,2808.1586,2808.1586
2,181.441,90.7205,132.5779
3,215.4088,71.80293333333334,82.8529
1,2535.964,2535.964,2535.964
1,103.2733,103.2733,103.2733
1,14.2987,14.2987,14.2987
3,132.4454,44.14846666666667,55.2169
3,166.2031,55.40103333333334,82.2783
1,1918.2579,1918.2579,1918.2579
3,12019.4344,4006.4781333333335,9146.6442
1,69.5929,69.5929,69.5929
2,3805.3852,1902.6926,2699.9018
2,3751.3617,1875.68085,2645.8783
1,55.2169,55.2169,55.2169
1,132.5779,132.5779,132.5779
2,4816.7705000000005,2408.3852500000003,2552.5169
2,89.7924,44.8962,55.239
1,54.1119,54.1119,54.1119
2,51.1173,25.55865,43.0729
1,34.2219,34.2219,34.2219
1,87.2729,87.2729,87.2729
2,2774.9424,1387.4712,1909.7384
1,3953.9884,3953.9884,3953.9884
2,2392.2228,1196.1114,1286.7394
1,66.8194,66.8194,66.8194
1,66.2779,66.2779,66.2779
1,1988.4254,1988.4254,1988.4254
2,4877.8453,2438.92265,2588.9266
2,91.6377,45.818850000000005,82.8529
1,1276.8054,1276.8054,1276.8054
3,7336.736000000001,2445.578666666667,3953.9884
1,635.3529,635.3529,635.3529
2,3844.0491,1922.02455,2738.5657
2,4973.4089,2486.70445,2562.7823
2,52.9738,26.4869,44.189
1,86.7204,86.7204,86.7204
2,4579.495800000001,2289.7479000000003,2699.9018
1,205.8394,205.8394,205.8394
4,10824.9337,2706.233425,2740.3337
1,54.6754,54.6754,54.6754
1,43.0729,43.0729,43.0729
2,1444.2994,722.1496999999999,772.5036
1,596.689,596.689,596.689
1,1253.5894,1253.5894,1253.5894
1,43.0729,43.0729,43.0729
2,1519.6624,759.8312,865.204
3,6234.2976,2078.0992,2602.2529
1,6.9394,6.9394,6.9394
2,5259.7918,2629.8959,2849.1652
1,596.689,596.689,596.689
1,2552.5169,2552.5169,2552.5169
2,63.8248,31.9124,37.5479
2,6450.890600000001,3225.4453000000003,3756.989
1,23.7465,23.7465,23.7465
1,38.5535,38.5535,38.5535
1,24.2879,24.2879,24.2879
1,660.7348,660.7348,660.7348
2,3193.3818,1596.6909,2264.2536
1,2264.2536,2264.2536,2264.2536
2,1755.368,877.684,982.8644
1,38.675,38.675,38.675
2,4328.8845,2164.44225,2410.6266
1,28.1554,28.1554,28.1554
2,222.6133,111.30665,132.6
2,5053.7203,2526.86015,2643.0937
4,13647.4425,3411.8606250000003,5983.462
1,76.2119,76.2119,76.2119
1,1276.8054,1276.8054,1276.8054
4,8324.8371,2081.209275,3931.9148
1,596.689,596.689,596.689
1,71.2394,71.2394,71.2394
1,650.8008,650.8008,650.8008
1,40.8408,40.8408,40.8408
2,3658.0003,1829.00015,2552.5169
1,87.2729,87.2729,87.2729
1,1918.2579,1918.2579,1918.2579
3,254.4263,84.80876666666667,175.695
1,2596.7279,2596.7279,2596.7279
7,122815.4725,17545.0675,40003.72408799979
2,3687.432,1843.716,2410.6266
2,94.9859,47.49295,85.0519
3,4619.1514,1539.717133333333,2650.8619
2,4989.0415,2494.52075,2700.1228
1,83.9469,83.9469,83.9469
2,1661.454,830.727,888.9504
1,8.0444,8.0444,8.0444
2,5043.7173,2521.85865,3729.364
1,62.9519,62.9519,62.9519
1,54.1119,54.1119,54.1119
1,2708.6865,2708.6865,2708.6865
4,252.4043,63.101075,114.3565
2,4937.314899999999,2468.65745,2673.0613
1,2410.6266,2410.6266,2410.6266
1,75.1069,75.1069,75.1069
1,96.0908,96.0908,96.0908
1,59.659,59.659,59.659
1,2698.4432,2698.4432,2698.4432
2,2043.0428,1021.5214,1105.4834
1,136.9979,136.9979,136.9979
1,54.1229,54.1229,54.1229
2,2343.6249,1171.81245,1238.1415
1,35.6584,35.6584,35.6584
1,118.1908,118.1908,118.1908
1,5.514,5.514,5.514
1,2574.639,2574.639,2574.639
1,68.4658,68.4658,68.4658
1,55.2169,55.2169,55.2169
2,2145.8548,1072.9274,1280.6508
2,5000.2005,2500.10025,2735.9469
3,4822.1076,1607.3692,2647.5358
1,14.2987,14.2987,14.2987
2,3669.0724,1834.5362,2563.589
2,4838.8815,2419.44075,2574.6279
2,6556.2524,3278.1262,3953.9884
2,5893.2413,2946.62065,3953.9884
2,1792.8294,896.4147,927.6254
2,2382.2888000000003,1191.1444,1276.8054
2,1858.0023,929.00115,992.7983
1,126.4783,126.4783,126.4783
3,9029.5297,3009.843233333333,3729.364
2,1770.7294,885.3647,905.5254
1,5.514,5.514,5.514
1,2793.8047,2793.8047,2793.8047
1,2657.4919,2657.4919,2657.4919
1,639.1983,639.1983,639.1983
1,30.6859,30.6859,30.6859
2,3341.5402,1670.7701,2569.0366
1,28.1554,28.1554,28.1554
3,114.4229,38.14096666666666,62.9519
1,47.4377,47.4377,47.4377
4,132424.06403399998,26111.29106147616,40003.72408799979
1,59.0844,59.0844,59.0844
1,622.0708,622.0708,622.0708
2,4628.0053,2314.00265,3953.9884
3,104.9198,34.97326666666667,82.8529
1,76.7644,76.7644,76.7644
1,24.2879,24.2879,24.2879
1,1276.8054,1276.8054,1276.8054
3,6242.0547,2080.6849,2596.7279
2,6679.272000000001,3339.6360000000004,3953.9884
2,121.5169,60.75845,82.8529
1,2710.6092,2710.6092,2710.6092
1,1320.4419,1320.4419,1320.4419
2,47.4598,23.7299,38.675
1,5.514,5.514,5.514
1,70.6869,70.6869,70.6869
4,221.2211,55.305275,82.8529
4,2535.9086,633.97715,873.7259
2,140.8544,70.4272,102.1904
1,182.6344,182.6344,182.6344
1,8.0444,8.0444,8.0444
1,1276.8054,1276.8054,1276.8054
2,4588.7667,2294.38335,3953.9884
1,2410.6266,2410.6266,2410.6266
1,70.6869,70.6869,70.6869
1,37.5479,37.5479,37.5479
2,3481.1901,1740.59505,2708.6865
3,156.72230000000002,52.24076666666667,62.9519
2,4234.2381000000005,2117.11905,2288.9187
1,33.139,33.139,33.139
1,35.6584,35.6584,35.6584
1,68.4658,68.4658,68.4658
1,2552.5169,2552.5169,2552.5169
2,6538.550300000001,3269.2751500000004,3953.9884
1,2264.2536,2264.2536,2264.2536
1,2644.3313,2644.3313,2644.3313
1,77.339,77.339,77.339
2,3351.8076,1675.9038,2699.9018
1,74.0019,74.0019,74.0019
1,2742.8642,2742.8642,2742.8642
1,2563.589,2563.589,2563.589
1,41.9127,41.9127,41.9127
1,2288.9187,2288.9187,2288.9187
2,5192.1299,2596.06495,3953.9884
2,96.4445,48.22225,55.239
1,672.9008,672.9008,672.9008
1,1918.2579,1918.2579,1918.2579
2,2103.3455,1051.67275,1238.1415
1,1381.0732,1381.0732,1381.0732
2,3101.1964,1550.5982,2410.6266
1,119.8483,119.8483,119.8483
2,4315.6024,2157.8012,2410.6266
1,38.675,38.675,38.675
2,4594.2917,2297.14585,3953.9884
2,4859.513800000001,2429.7569000000003,3953.9884
1,35.6694,35.6694,35.6694
1,14.2987,14.2987,14.2987
1,9.934,9.934,9.934
2,178.9438,89.4719,108.2569
1,44.1779,44.1779,44.1779
1,72.8858,72.8858,72.8858
2,6552.904200000001,3276.4521000000004,3953.9884
1,44.1779,44.1779,44.1779
2,2819.2509,1409.62545,2046.7473
1,93.9029,93.9029,93.9029
2,2836.4798,1418.2399,1971.2758
1,110.5995,110.5995,110.5995
1,35.6694,35.6694,35.6694
2,145.8048,72.9024,118.1908
2,67.3608,33.6804,43.0729
1,19.0834,19.0834,19.0834
2,49.6919,24.84595,44.1779
1,5.514,5.514,5.514
2,85.3834,42.6917,55.239
2,5059.267400000001,2529.6337000000003,2648.6408
1,73.9687,73.9687,73.9687
1,77.339,77.339,77.339
1,87.2729,87.2729,87.2729
1,44.1779,44.1779,44.1779
1,666.8565,666.8565,666.8565
1,35.6584,35.6584,35.6584
2,4381.303,2190.6515,3756.989
1,95.5273,95.5273,95.5273
1,75.1069,75.1069,75.1069
1,612.1369,612.1369,612.1369
2,4604.7892,2302.3946,3953.9884
2,4898.651,2449.3255,2634.3974
2,4974.2156,2487.1078,2563.589
1,34.5534,34.5534,34.5534
2,4804.2749,2402.13745,3953.9884
1,937.5594,937.5594,937.5594
1,26.2769,26.2769,26.2769
2,3425.4559,1712.72795,2560.2519
1,2778.9977,2778.9977,2778.9977
2,116.8538,58.4269,109.9144
1,26.2769,26.2769,26.2769
2,2137.8988,1068.9494,1272.6948
1,630.3694,630.3694,630.3694
2,93.8809,46.94045,83.9469
2,3017.2495,1508.62475,2410.6266
3,5601.5655,1867.1885,3729.364
1,13.1937,13.1937,13.1937
4,8028.4439,2007.110975,3953.9884
1,71.2394,71.2394,71.2394
1,35.6584,35.6584,35.6584
1,612.1369,612.1369,612.1369
1,38.5535,38.5535,38.5535
1,2598.9158,2598.9158,2598.9158
2,4859.326,2429.663,3953.9884
3,249.1113,83.0371,94.4554
1,666.8565,666.8565,666.8565
1,624.314,624.314,624.314
1,635.3529,635.3529,635.3529
1,2703.9903,2703.9903,2703.9903
1,2699.9018,2699.9018,2699.9018
2,98.3008,49.150400000000005,82.8529
2,4826.7044000000005,2413.3522000000003,2562.4508
1,860.3751,860.3751,860.3751
1,24.2879,24.2879,24.2879
2,3007.3156,1503.6578,2410.6266
2,2097.3655,1048.68275,1324.8619
3,80.8419,26.9473,55.5042
1,44.1779,44.1779,44.1779
1,1939.2529,1939.2529,1939.2529
1,1950.2808,1950.2808,1950.2808
1,3953.9884,3953.9884,3953.9884
1,1297.8004,1297.8004,1297.8004
2,6663.8241,3331.91205,3953.9884
2,5125.9763,2562.98815,2715.3497
1,49.7029,49.7029,49.7029
1,612.1369,612.1369,612.1369
1,73.9908,73.9908,73.9908
1,87.2729,87.2729,87.2729
1,35.6694,35.6694,35.6694
1,2560.2519,2560.2519,2560.2519
2,154.0923,77.04615,82.3004
2,2142.0094,1071.0047,1276.8054
1,43.0729,43.0729,43.0729
1,612.1369,612.1369,612.1369
1,55.2169,55.2169,55.2169
2,1517.1098,758.5549,865.204
1,1895.0419,1895.0419,1895.0419
1,44.189,44.189,44.189
3,76.8528,25.6176,44.1779
1,2566.1194,2566.1194,2566.1194
1,132.5779,132.5779,132.5779
2,2426.4778,1213.2389,1320.9944
1,106.1574,106.1574,106.1574
1,1324.8619,1324.8619,1324.8619
5,3964.3645,792.8729,1473.8636
1,89.4387,89.4387,89.4387
1,157.4073,157.4073,157.4073
2,3469.9984000000004,1734.9992000000002,2604.7944
2,121.5169,60.75845,82.8529
1,858.9607,858.9607,858.9607
1,131.4508,131.4508,131.4508
1,54.1119,54.1119,54.1119
1,38.675,38.675,38.675
2,3094.4843,1547.24215,2264.2536
1,77.3169,77.3169,77.3169
1,62.9519,62.9519,62.9519
1,27.614,27.614,27.614
2,35.6032,17.8016,33.0727
2,136.9206,68.4603,77.2616
1,32.034,32.034,32.034
2,68.8084,34.4042,38.664
1,44.1779,44.1779,44.1779
2,232.3263,116.16315,215.7734
1,44.1779,44.1779,44.1779
1,24.2879,24.2879,24.2879
1,2649.8453,2649.8453,2649.8453
1,596.689,596.689,596.689
1,612.1369,612.1369,612.1369
1,35.6584,35.6584,35.6584
1,44.1779,44.1779,44.1779
1,1276.8054,1276.8054,1276.8054
1,37.5479,37.5479,37.5479
1,26.2769,26.2769,26.2769
2,1802.7634,901.3817,937.5594
2,135.6499,67.82495,133.1194
1,5.514,5.514,5.514
2,4838.8926,2419.4463,2574.639
2,4859.513800000001,2429.7569000000003,3953.9884
8,132424.06403399998,26111.29106147616,40003.72408799979
1,44.1779,44.1779,44.1779
1,8.0444,8.0444,8.0444
1,43.0729,43.0729,43.0729
1,673.4423,673.4423,673.4423
2,6545.1692,3272.5846,3953.9884
1,2626.5408,2626.5408,2626.5408
1,2738.5657,2738.5657,2738.5657
2,4634.1712,2317.0856,2699.9018
2,2103.3455,1051.67275,1238.1415
1,27.614,27.614,27.614
1,32.034,32.034,32.034
1,5.514,5.514,5.514
2,3338.252,1669.126,2410.6266
1,1918.2579,1918.2579,1918.2579
2,122.5888,61.2944,112.6548
3,45.5924,15.197466666666664,27.614
1,5.514,5.514,5.514
1,5.514,5.514,5.514
1,6.9394,6.9394,6.9394
2,3445.3459000000003,1722.67295,2580.1419
1,30.1444,30.1444,30.1444
1,71.7919,71.7919,71.7919
2,4999.5532,2499.7766,2588.9266
1,40.0784,40.0784,40.0784
1,100.4998,100.4998,100.4998
1,32.0229,32.0229,32.0229
1,2264.2536,2264.2536,2264.2536
1,23.7465,23.7465,23.7465
1,104.4004,104.4004,104.4004
1,33.1279,33.1279,33.1279
2,3097.8924,1548.9462,2410.6266
2,3080.2014,1540.1007,2410.6266
1,77.339,77.339,77.339
1,76.2119,76.2119,76.2119
2,5335.0616,2667.5308,3953.9884
1,3953.9884,3953.9884,3953.9884
1,3953.9884,3953.9884,3953.9884
2,4842.9278,2421.4639,3953.9884
2,2142.0094,1071.0047,1276.8054
1,44.1779,44.1779,44.1779
1,77.3169,77.3169,77.3169
1,8.0444,8.0444,8.0444
3,9052.1601,3017.3867000000005,3756.989
1,38.5535,38.5535,38.5535
2,3428.793,1714.3964999999998,2563.589
2,125.9258,62.962900000000005,82.8529
1,5.514,5.514,5.514
2,3731.4607,1865.73035,2625.9773
1,623.7504,623.7504,623.7504
1,26.4869,26.4869,26.4869
4,132424.06403399998,26111.29106147616,40003.72408799979
1,5.514,5.514,5.514
1,3953.9884,3953.9884,3953.9884
1,1939.2529,1939.2529,1939.2529
1,2699.9018,2699.9018,2699.9018
3,5784.0101,1928.0033666666664,2624.3529
3,8966.014299999999,2988.671433333333,3756.989
1,92.7869,92.7869,92.7869
2,120.4009,60.20045,76.2119
1,33.139,33.139,33.139
2,2034.3275,1017.16375,1586.9642
1,87.2729,87.2729,87.2729
1,136.9979,136.9979,136.9979
1,1276.8054,1276.8054,1276.8054
1,77.339,77.339,77.339
2,113.7709,56.88545,103.8369
1,1276.8054,1276.8054,1276.8054
2,92.7869,46.39345,65.1729
1,635.3529,635.3529,635.3529
2,53.0179,26.50895,38.675
2,2382.2888000000003,1191.1444,1276.8054
1,2668.564,2668.564,2668.564
1,2776.1136,2776.1136,2776.1136
1,8.0444,8.0444,8.0444
1,44.189,44.189,44.189
1,32.034,32.034,32.034
1,3953.9884,3953.9884,3953.9884
1,612.1369,612.1369,612.1369
1,1238.1415,1238.1415,1238.1415
1,77.339,77.339,77.339
1,66.2779,66.2779,66.2779
2,74.2671,37.13355,62.9519
1,43.0729,43.0729,43.0729
2,6544.064200000001,3272.0321000000004,3953.9884
3,7523.0039,2507.6679666666664,2634.3974
2,5435.8266,2717.9133,2735.9248
2,5153.4908,2576.7454,2742.8642
1,77.3169,77.3169,77.3169
1,34.2219,34.2219,34.2219
2,3518.2537999999995,1759.1268999999998,2653.0498
1,1918.2579,1918.2579,1918.2579
1,5.514,5.514,5.514
1,40.0784,40.0784,40.0784
1,32.3323,32.3323,32.3323
2,6673.426600000001,3336.7133000000003,3953.9884
2,2064.7569000000003,1032.3784500000002,1292.2533
1,606.6229,606.6229,606.6229
1,1918.2579,1918.2579,1918.2579
1,1352.3432,1352.3432,1352.3432
1,42.9624,42.9624,42.9624
1,41.1834,41.1834,41.1834
3,7963.05,2654.35,2699.9018
1,635.3529,635.3529,635.3529
1,77.3169,77.3169,77.3169
2,3111.1524,1555.5762,2410.6266
1,1332.0444,1332.0444,1332.0444
1,65.1729,65.1729,65.1729
2,67.3609,33.68045,34.2219
2,82.853,41.4265,55.239
1,2673.0613,2673.0613,2673.0613
1,1904.9758,1904.9758,1904.9758
1,98.8533,98.8533,98.8533
1,77.339,77.339,77.339
3,2395.3115,798.4371666666666,1419.2461
2,3022.7635,1511.38175,2410.6266
1,1918.2579,1918.2579,1918.2579
1,75.6815,75.6815,75.6815
1,8.0444,8.0444,8.0444
1,40.0784,40.0784,40.0784
2,51.1284,25.5642,46.7194
1,65.1729,65.1729,65.1729
2,3184.3223000000003,1592.16115,2288.9187
1,32.0229,32.0229,32.0229
1,2618.8058,2618.8058,2618.8058
2,4338.8185,2169.40925,2410.6266
1,2577.1694,2577.1694,2577.1694
1,2410.6266,2410.6266,2410.6266
1,71.2394,71.2394,71.2394
1,16.8292,16.8292,16.8292
3,9012.358,3004.119333333333,3729.364
1,77.339,77.339,77.339
2,49.2499,24.62495,41.2055
2,3587.4359,1793.71795,2264.2536
1,76.2119,76.2119,76.2119
1,3953.9884,3953.9884,3953.9884
2,3710.2778,1855.1389,2604.7944
2,6552.904200000001,3276.4521000000004,3953.9884
1,36.023,36.023,36.023
3,7310.3486,2436.782866666667,3953.9884
1,16.5529,16.5529,16.5529
1,43.6144,43.6144,43.6144
3,7684.8027,2561.6009,2682.9953
2,3260.9131,1630.45655,2410.6266
2,1751.1599,875.57995,885.9559
1,888.9394,888.9394,888.9394
1,47.4819,47.4819,47.4819
1,85.0408,85.0408,85.0408
1,24.2879,24.2879,24.2879
4,132424.06403399998,26111.29106147616,37883.1959
1,87.2729,87.2729,87.2729
1,612.1369,612.1369,612.1369
1,888.9394,888.9394,888.9394
2,3417.7209000000003,1708.86045,2552.5169
4,3219.6374,804.90935,1812.6171
2,71.803,35.9015,38.664
1,15.4479,15.4479,15.4479
3,3959.502,1319.834,2288.9187
2,5147.9851,2573.99255,3729.364
4,8281.842,2070.4605,2688.5092
1,40.8408,40.8408,40.8408
6,11567.5595,1927.9265833333327,2688.5092
3,7273.4748,2424.4916,3756.989
1,86.7204,86.7204,86.7204
2,6556.2413,3278.12065,3953.9884
1,104.9419,104.9419,104.9419
2,152.9873,76.49365,82.3004
2,6534.130300000001,3267.0651500000004,3953.9884
2,82.84190000000001,41.420950000000005,44.1779
1,1879.594,1879.594,1879.594
1,5.514,5.514,5.514
3,104.3563,34.78543333333334,46.7194
3,126.2021,42.067366666666665,87.2729
1,2694.0563,2694.0563,2694.0563
1,1270.1644,1270.1644,1270.1644
2,1694.5819,847.2909500000001,922.0783
3,7266.2481,2422.0827,3756.989
1,2709.8357,2709.8357,2709.8357
1,620.4354,620.4354,620.4354
1,44.1779,44.1779,44.1779
1,3953.9884,3953.9884,3953.9884
2,4967.5055,2483.75275,3729.364
1,33.139,33.139,33.139
2,70.6206,35.3103,46.3327
2,2085.7519,1042.87595,1313.2483
1,30.1444,30.1444,30.1444
1,2634.3974,2634.3974,2634.3974
1,60.7529,60.7529,60.7529
1,32.0229,32.0229,32.0229
2,226.4588,113.2294,146.9319
1,5.514,5.514,5.514
1,596.689,596.689,596.689
2,5251.7888,2625.8944,3953.9884
1,51.3494,51.3494,51.3494
2,128.4563,64.22815,93.9029
4,92300.5485,23075.137125,40003.72408799979
1,36.023,36.023,36.023
1,44.189,44.189,44.189
2,5251.7888,2625.8944,3953.9884
1,37.5479,37.5479,37.5479
1,2646.4419,2646.4419,2646.4419
1,47.4377,47.4377,47.4377
1,66.8194,66.8194,66.8194
1,2740.3337,2740.3337,2740.3337
2,1700.129,850.0645,927.6254
1,35.6694,35.6694,35.6694
1,8.0444,8.0444,8.0444
1,38.6529,38.6529,38.6529
1,26.2769,26.2769,26.2769
1,132.5779,132.5779,132.5779
1,82.8529,82.8529,82.8529
1,2749.1185,2749.1185,2749.1185
1,24.2879,24.2879,24.2879
3,207.7622,69.25406666666667,90.0133
1,639.1983,639.1983,639.1983
1,3953.9884,3953.9884,3953.9884
2,2092.7678,1046.3839,1105.4834
1,1945.3194,1945.3194,1945.3194
2,3147.679,1573.8395,2264.2536
1,44.1779,44.1779,44.1779
1,77.339,77.339,77.339
2,1756.6738,878.3369,891.4698
2,4907.347299999999,2453.67365,2643.0937
2,5189.6243,2594.81215,2778.9977
2,148.5784,74.2892,109.9144
1,77.3169,77.3169,77.3169
1,1297.8004,1297.8004,1297.8004
2,2926.1155,1463.05775,2264.2536
1,2626.5408,2626.5408,2626.5408
1,8.0444,8.0444,8.0444
1,44.1779,44.1779,44.1779
1,1276.8054,1276.8054,1276.8054
2,2157.4573,1078.72865,1292.2533
4,6387.5291,1596.882275,2641.4923
4,132424.06403399998,26111.29106147616,40003.72408799979
1,596.689,596.689,596.689
1,26.2769,26.2769,26.2769
1,1303.8669,1303.8669,1303.8669
1,87.2729,87.2729,87.2729
2,137.5283,68.76415,94.4554
1,79.0959,79.0959,79.0959
1,1276.8054,1276.8054,1276.8054
2,70.9853,35.49265,41.1834
1,41.1834,41.1834,41.1834
2,4841.423000000001,2420.7115000000003,2577.1694
1,24.2879,24.2879,24.2879
2,2800.0369,1400.01845,1934.8329
1,44.189,44.189,44.189
1,5.514,5.514,5.514
1,140.2577,140.2577,140.2577
2,93.914,46.957,55.239
2,54.39919999999999,27.1996,38.675
1,94.4554,94.4554,94.4554
1,109.3508,109.3508,109.3508
1,43.0729,43.0729,43.0729
1,682.3044,682.3044,682.3044
2,5335.0616,2667.5308,3953.9884
1,19.0834,19.0834,19.0834
2,4908.5849,2454.29245,2644.3313
1,2700.1228,2700.1228,2700.1228
1,5.514,5.514,5.514
3,7461.1018,2487.0339333333336,2634.3974
1,1918.2579,1918.2579,1918.2579
1,16.5529,16.5529,16.5529
1,32.5754,32.5754,32.5754
4,11509.0757,2877.268925,4832.0331
1,30.6859,30.6859,30.6859
3,7463.2364,2487.7454666666667,3953.9884
1,70.6869,70.6869,70.6869
1,8.0444,8.0444,8.0444
8,97031.2173,12128.9021625,19322.8073
1,127.0308,127.0308,127.0308
1,32.034,32.034,32.034
1,11.039,11.039,11.039
2,4837.4138,2418.7069,3953.9884
1,28.1554,28.1554,28.1554
8,132424.06403399998,26111.29106147616,40003.72408799979
1,1907.2079,1907.2079,1907.2079
2,34.5534,17.2767,27.614
2,4904.4095,2452.20475,2615.4908
1,43.0729,43.0729,43.0729
1,94.4554,94.4554,94.4554
2,3042.9739,1521.48695,2410.6266
8,39661.4212,4957.67765,6310.6152
8,3358.5076,419.81345,1284.1907
2,43.0067,21.50335,33.0727
1,612.1369,612.1369,612.1369
2,1487.2748,743.6374,865.204
1,40.0784,40.0784,40.0784
1,27.614,27.614,27.614
1,596.689,596.689,596.689
1,1933.7058,1933.7058,1933.7058
1,3953.9884,3953.9884,3953.9884
1,1945.3194,1945.3194,1945.3194
1,695.0119,695.0119,695.0119
1,14.2987,14.2987,14.2987
2,3580.5537000000004,1790.2768500000002,2715.3497
1,55.2169,55.2169,55.2169
2,5295.9667,2647.98335,3953.9884
2,1658.4595,829.22975,885.9559
3,158.61180000000002,52.8706,101.6269
2,5001.0339,2500.51695,2590.4073
1,6.9394,6.9394,6.9394
1,15.4479,15.4479,15.4479
1,695.0119,695.0119,695.0119
1,140.6444,140.6444,140.6444
1,41.1834,41.1834,41.1834
1,87.2729,87.2729,87.2729
1,2754.0136,2754.0136,2754.0136
2,1778.3953,889.1976500000001,1105.4834
3,7672.6588,2557.5529333333334,2649.8453
1,41.1834,41.1834,41.1834
2,109.3509,54.67545,70.6869
1,44.1779,44.1779,44.1779
1,1276.8054,1276.8054,1276.8054
1,612.1369,612.1369,612.1369
1,16.5529,16.5529,16.5529
2,148.5562,74.2781,104.3783
1,857.8447,857.8447,857.8447
2,104.9308,52.4654,60.7529
2,3637.4612,1818.7306,2699.9018
1,34.2219,34.2219,34.2219
1,93.3283,93.3283,93.3283
2,60.13420000000001,30.067100000000003,51.3494
2,41.1834,20.5917,30.1444
1,92.7869,92.7869,92.7869
1,35.6694,35.6694,35.6694
1,1987.8508,1987.8508,1987.8508
3,9038.9001,3012.9666999999995,3756.989
1,14.3429,14.3429,14.3429
1,634.2479,634.2479,634.2479
2,2137.8988,1068.9494,1272.6948
2,2958.1605,1479.08025,2264.2536
3,236.8568,78.95226666666666,118.1798
1,35.6694,35.6694,35.6694
1,147.5065,147.5065,147.5065
1,651.9058,651.9058,651.9058
1,27.614,27.614,27.614
1,5.514,5.514,5.514
2,85.3834,42.6917,55.239
1,71.7919,71.7919,71.7919
2,156.4128,78.2064,79.0959
2,132.5006,66.2503,123.7158
2,46.7195,23.35975,44.189
2,5259.2586,2629.6293,2699.0067
1,596.689,596.689,596.689
1,41.9569,41.9569,41.9569
2,6516.7707,3258.38535,3953.9884
2,2190.0659,1095.03295,1324.8619
1,33.139,33.139,33.139
1,9.934,9.934,9.934
2,212.1269,106.06345,132.6
1,183.7394,183.7394,183.7394
1,77.339,77.339,77.339
3,7680.3827,2560.1275666666666,2709.5042
1,79.0959,79.0959,79.0959
2,4290.220600000001,2145.1103000000003,2410.6266
1,32.034,32.034,32.034
1,2738.5657,2738.5657,2738.5657
2,2010.6451,1005.32255,1238.1415
1,1933.7058,1933.7058,1933.7058
1,11.039,11.039,11.039
4,69381.6517,17345.412925,28906.8088
2,4305.6685,2152.83425,2410.6266
2,6572.7942,3286.3971,3953.9884
1,38.9292,38.9292,38.9292
1,1307.7344,1307.7344,1307.7344
2,3511.0693,1755.53465,2738.5657
2,3431.3234,1715.6617,2566.1194
1,101.6048,101.6048,101.6048
2,3478.4959,1739.24795,2613.2919
1,79.0959,79.0959,79.0959
1,43.0729,43.0729,43.0729
1,76.2119,76.2119,76.2119
1,16.5529,16.5529,16.5529
1,596.689,596.689,596.689
1,76.2119,76.2119,76.2119
2,4846.937,2423.4685,2582.6834
1,26.2769,26.2769,26.2769
3,7631.560600000001,2543.8535333333334,2709.5042
2,4003.7687,2001.88435,2699.9018
5,272.9462,54.58924,103.3065
1,1313.2483,1313.2483,1313.2483
1,26.4869,26.4869,26.4869
1,1950.2808,1950.2808,1950.2808
2,62.4436,31.2218,46.7194
2,4985.2545,2492.62725,2574.6279
1,44.1779,44.1779,44.1779
1,16.5529,16.5529,16.5529
1,136.9979,136.9979,136.9979
8,18275.1045,2030.5671666666665,9154.353
3,146.41250000000002,48.804166666666674,86.1016
1,622.9659,622.9659,622.9659
1,91.6819,91.6819,91.6819
2,4980.812400000001,2490.4062000000004,2570.1858
1,624.314,624.314,624.314
1,15.4479,15.4479,15.4479
2,5263.4908,2631.7454,2699.9018
2,4360.9074,2180.4537,2410.6266
1,138.114,138.114,138.114
1,60.7529,60.7529,60.7529
1,8.0444,8.0444,8.0444
1,1918.2579,1918.2579,1918.2579
3,7478.7929,2492.930966666667,2634.3974
2,80.62089999999999,40.31045,70.6869
2,4851.712500000001,2425.8562500000003,3953.9884
1,1238.1415,1238.1415,1238.1415
1,30.6859,30.6859,30.6859
2,3379.1039,1689.55195,2410.6266
1,2577.1694,2577.1694,2577.1694
8,132424.06403399998,26111.29106147616,40003.72408799979
1,44.1779,44.1779,44.1779
1,35.6694,35.6694,35.6694
1,44.1779,44.1779,44.1779
1,146.9319,146.9319,146.9319
1,2688.5092,2688.5092,2688.5092
1,104.4004,104.4004,104.4004
4,9819.6158,2454.90395,3953.9884
1,2699.9018,2699.9018,2699.9018
1,15.4479,15.4479,15.4479
3,218.2928,72.76426666666667,175.695
1,44.1779,44.1779,44.1779
1,820.2968,820.2968,820.2968
1,3953.9884,3953.9884,3953.9884
4,107741.109,26111.29106147616,32364.5
1,32.034,32.034,32.034
2,173.4187,86.70935,87.2729
4,132424.06403399998,26111.29106147616,40003.72408799979
2,92.5328,46.2664,51.3494
1,74.5765,74.5765,74.5765
1,3953.9884,3953.9884,3953.9884
1,24.2879,24.2879,24.2879
1,622.0708,622.0708,622.0708
2,1754.1544,877.0772,888.9504
2,3546.9838,1773.4919,2681.7798
1,695.0119,695.0119,695.0119
2,6530.7932,3265.3966,3953.9884
1,860.3751,860.3751,860.3751
2,4774.2852,2387.1426,3953.9884
1,82.8529,82.8529,82.8529
1,2288.9187,2288.9187,2288.9187
1,5.514,5.514,5.514
2,6671.8685000000005,3335.93425,3953.9884
2,4707.5653,2353.78265,3953.9884
1,37.5479,37.5479,37.5479
2,105.9032,52.9516,62.9408
2,6689.9132,3344.9566,3953.9884
2,4863.169400000001,2431.5847000000003,2598.9158
1,5.514,5.514,5.514
1,2703.9903,2703.9903,2703.9903
2,4266.8356,2133.4178,2288.9187
1,682.3044,682.3044,682.3044
2,6627.4917000000005,3313.74585,3953.9884
2,77.339,38.6695,38.675
1,42.9624,42.9624,42.9624
2,2142.0094,1071.0047,1276.8054
1,622.9659,622.9659,622.9659
1,51.3494,51.3494,51.3494
1,16.5529,16.5529,16.5529
2,4806.319100000001,2403.1595500000003,3953.9884
2,6489.9524,3244.9762,3953.9884
1,62.9408,62.9408,62.9408
8,28411.1304,3551.3913,5575.9343
2,5335.0616,2667.5308,3953.9884
2,6492.4828,3246.2414,3953.9884
2,3017.2495,1508.62475,2410.6266
2,4929.846600000001,2464.9233000000004,2640.9279
2,4800.2176,2400.1088,2535.964
2,3034.377,1517.1885,2410.6266
1,645.2869,645.2869,645.2869
1,2673.0613,2673.0613,2673.0613
1,858.9607,858.9607,858.9607
1,5.514,5.514,5.514
2,125.9038,62.9519,70.6869
1,5.514,5.514,5.514
1,44.1779,44.1779,44.1779
1,865.204,865.204,865.204
2,3507.2038,1753.6019,2641.9998
1,30.1444,30.1444,30.1444
1,3953.9884,3953.9884,3953.9884
1,98.3119,98.3119,98.3119
1,79.5269,79.5269,79.5269
1,15.4479,15.4479,15.4479
1,30.1444,30.1444,30.1444
4,247.1002,61.77505,86.7204
3,7539.8787,2513.2929,2659.7792
2,6762.721600000001,3381.3608000000004,3953.9884
1,1307.7344,1307.7344,1307.7344
1,3953.9884,3953.9884,3953.9884
1,1293.3804,1293.3804,1293.3804
1,32.034,32.034,32.034
1,858.9607,858.9607,858.9607
3,7256.5572,2418.8524,3953.9884
2,3535.3813,1767.69065,2670.1773
1,3953.9884,3953.9884,3953.9884
1,700.5258,700.5258,700.5258
2,159.0538,79.5269,83.9469
1,666.8565,666.8565,666.8565
2,170.07059999999998,85.03529999999999,136.9979
7,9680.9447,1382.9921,2946.5971
1,8.7848,8.7848,8.7848
1,5.514,5.514,5.514
1,41.1834,41.1834,41.1834
1,1949.1869,1949.1869,1949.1869
1,2699.9018,2699.9018,2699.9018
1,16.8292,16.8292,16.8292
1,54.1119,54.1119,54.1119
2,92.798,46.399,59.659
1,44.1779,44.1779,44.1779
1,2535.964,2535.964,2535.964
1,77.3169,77.3169,77.3169
1,32.5754,32.5754,32.5754
2,2049.309,1024.6545,1276.8054
2,4887.834500000001,2443.9172500000004,2598.9158
1,635.3529,635.3529,635.3529
1,5.514,5.514,5.514
2,6536.6718,3268.3359,3953.9884
1,2738.5657,2738.5657,2738.5657
1,43.0729,43.0729,43.0729
3,5564.5702,1854.8567333333333,3756.989
1,44.1779,44.1779,44.1779
1,15.7242,15.7242,15.7242
1,1303.8669,1303.8669,1303.8669
2,5146.5514,2573.2757,2735.9248
3,170.7668,56.922266666666665,79.5269
1,66.8194,66.8194,66.8194
1,76.7533,76.7533,76.7533
1,44.189,44.189,44.189
1,70.6869,70.6869,70.6869
1,8.0444,8.0444,8.0444
1,5.514,5.514,5.514
1,2288.9187,2288.9187,2288.9187
2,117.4174,58.7087,77.339
1,1879.594,1879.594,1879.594
1,55.2058,55.2058,55.2058
1,15.4479,15.4479,15.4479
2,6556.2413,3278.12065,3953.9884
1,31.4704,31.4704,31.4704
2,125.9258,62.962900000000005,82.8529
2,2142.0094,1071.0047,1276.8054
1,62.9519,62.9519,62.9519
2,2163.0044,1081.5022,1297.8004
1,830.2307,830.2307,830.2307
5,259.6862,51.93724,87.2729
4,132424.06403399998,26111.29106147616,40003.72408799979
1,23.7465,23.7465,23.7465
1,42.9624,42.9624,42.9624
1,2699.9018,2699.9018,2699.9018
1,43.0729,43.0729,43.0729
1,38.6529,38.6529,38.6529
2,5214.5171,2607.25855,2644.3313
2,54.1008,27.0504,37.5479
1,77.3169,77.3169,77.3169
1,59.6479,59.6479,59.6479
2,119.1743,59.58715,79.0959
3,212.5357,70.84523333333333,153.0204
3,5655.1134,1885.0378,2535.964
2,3687.432,1843.716,2410.6266
3,9031.1872,3010.3957333333333,3756.989
2,3436.4948000000004,1718.2474000000002,2571.2908
2,5136.3826,2568.1913,3729.364
1,639.1983,639.1983,639.1983
1,2288.9187,2288.9187,2288.9187
1,888.9504,888.9504,888.9504
1,1286.7394,1286.7394,1286.7394
2,3591.3716,1795.6858,2699.9018
1,55.239,55.239,55.239
1,6.9394,6.9394,6.9394
1,1939.2529,1939.2529,1939.2529
1,60.7308,60.7308,60.7308
2,2919.8295000000003,1459.91475,2288.9187
1,76.2119,76.2119,76.2119
1,44.1779,44.1779,44.1779
3,2879.9035,959.9678333333331,1105.4834
1,38.675,38.675,38.675
1,77.339,77.339,77.339
1,2637.5687,2637.5687,2637.5687
3,5675.6889,1891.8963,3953.9884
1,15.4479,15.4479,15.4479
1,93.3394,93.3394,93.3394
2,124.5888,62.2944,98.3119
1,24.2879,24.2879,24.2879
2,3408.4195,1704.20975,2410.6266
1,8.0444,8.0444,8.0444
1,3953.9884,3953.9884,3953.9884
1,1276.8054,1276.8054,1276.8054
2,1661.454,830.727,888.9504
1,1314.3533,1314.3533,1314.3533
2,49.2499,24.62495,46.7194
2,3565.7241000000004,1782.8620500000002,2288.9187
2,5017.118,2508.559,2752.8644
6,5271.543900000001,878.5906500000001,1650.7273
2,4961.98,2480.99,2673.0613
1,43.0729,43.0729,43.0729
1,1889.5279,1889.5279,1889.5279
1,66.2779,66.2779,66.2779
1,3953.9884,3953.9884,3953.9884
1,86.1458,86.1458,86.1458
2,5029.4324,2514.7162,2618.8058
1,2673.0613,2673.0613,2673.0613
1,44.1779,44.1779,44.1779
2,4355.3935,2177.69675,2410.6266
1,1879.594,1879.594,1879.594
1,596.689,596.689,596.689
2,155.3078,77.6539,79.0959
1,5.514,5.514,5.514
2,3723.1953,1861.59765,2617.7119
1,41.9569,41.9569,41.9569
3,7611.7259,2537.241966666667,2700.1228
1,659.9723,659.9723,659.9723
1,5.514,5.514,5.514
2,3844.0491,1922.02455,2738.5657
1,77.3169,77.3169,77.3169
1,76.2119,76.2119,76.2119
1,27.614,27.614,27.614
1,1895.0419,1895.0419,1895.0419
1,5.514,5.514,5.514
1,54.1119,54.1119,54.1119
1,6.9394,6.9394,6.9394
1,62.9519,62.9519,62.9519
1,2607.7779,2607.7779,2607.7779
2,3582.2991,1791.14955,2288.9187
1,30.1444,30.1444,30.1444
2,29.8019,14.90095,24.2879
1,44.1779,44.1779,44.1779
1,87.2729,87.2729,87.2729
2,127.0308,63.5154,82.8529
1,79.0959,79.0959,79.0959
1,650.8008,650.8008,650.8008
1,127.0308,127.0308,127.0308
1,79.0959,79.0959,79.0959
1,23.7465,23.7465,23.7465
2,3070.5989,1535.29945,2410.6266
1,5.514,5.514,5.514
1,2649.8453,2649.8453,2649.8453
1,3953.9884,3953.9884,3953.9884
2,3472.1642,1736.0821,2606.9602
2,90.8974,45.4487,55.239
2,81.7259,40.86295,70.6869
1,1263.5233,1263.5233,1263.5233
1,8.0444,8.0444,8.0444
2,6558.782800000001,3279.3914000000004,3953.9884
1,8.7848,8.7848,8.7848
3,8998.0151,2999.338366666667,3729.364
1,77.339,77.339,77.339
1,663.5083,663.5083,663.5083
1,77.339,77.339,77.339
1,30.1444,30.1444,30.1444
1,79.5269,79.5269,79.5269
2,2913.2327,1456.61635,2288.9187
3,6152.5608,2050.8536,2535.964
2,5153.4908,2576.7454,2742.8642
1,1918.2579,1918.2579,1918.2579
1,2727.1842,2727.1842,2727.1842
1,77.3169,77.3169,77.3169
1,85.0519,85.0519,85.0519
2,3428.5941000000003,1714.29705,2699.9018
1,33.139,33.139,33.139
1,26.8184,26.8184,26.8184
1,1293.3804,1293.3804,1293.3804
1,40.432,40.432,40.432
1,75.6815,75.6815,75.6815
1,629.8169,629.8169,629.8169
2,95.3284,47.6642,59.659
1,30.6859,30.6859,30.6859
3,5648.1394,1882.7131333333332,2563.589
2,6531.157800000001,3265.5789000000004,3953.9884
2,3460.8048,1730.4024,2595.6008
1,77.3169,77.3169,77.3169
1,16.5529,16.5529,16.5529
1,44.1779,44.1779,44.1779
1,218.6574,218.6574,218.6574
1,820.2968,820.2968,820.2968
1,16.8292,16.8292,16.8292
1,203.8504,203.8504,203.8504
1,79.4937,79.4937,79.4937
1,40.0784,40.0784,40.0784
1,42.9624,42.9624,42.9624
1,23.7465,23.7465,23.7465
2,95.3284,47.6642,59.659
3,212.0165,70.67216666666667,101.6048
1,3953.9884,3953.9884,3953.9884
2,3753.0192,1876.5096,2647.5358
1,606.6229,606.6229,606.6229
1,34.2219,34.2219,34.2219
1,596.689,596.689,596.689
2,3627.5272,1813.7636,2699.9018
1,77.339,77.339,77.339
1,1293.3804,1293.3804,1293.3804
2,249.0892,124.5446,171.7723
2,115.6825,57.84125,84.9966
1,32.034,32.034,32.034
1,34.5534,34.5534,34.5534
2,5342.9955,2671.49775,2699.9018
3,8002.7968,2667.598933333333,2732.7092
2,172.6563,86.32815,132.5779
1,15.4479,15.4479,15.4479
1,15.4479,15.4479,15.4479
1,2673.0613,2673.0613,2673.0613
1,76.2119,76.2119,76.2119
1,5.514,5.514,5.514
1,27.614,27.614,27.614
1,2673.0613,2673.0613,2673.0613
2,288.2172,144.1086,237.8513
1,3953.9884,3953.9884,3953.9884
3,7929.9,2643.3,2699.9018
1,1981.7844,1981.7844,1981.7844
1,868.8947,868.8947,868.8947
2,4988.8205,2494.41025,2699.9018
2,85.38340000000001,42.6917,82.8529
1,44.1779,44.1779,44.1779
2,4589.3413,2294.67065,3953.9884
2,4937.314899999999,2468.65745,2673.0613
1,1307.7344,1307.7344,1307.7344
1,77.339,77.339,77.339
3,7556.120699999999,2518.7069,2673.0613
1,44.1779,44.1779,44.1779
1,136.9758,136.9758,136.9758
2,1516.0048,758.0024,865.204
1,82.8529,82.8529,82.8529
3,7393.091,2464.363666666666,3953.9884
1,51.7472,51.7472,51.7472
2,3116.5282,1558.2641,2011.0448
2,5149.0818,2574.5409,2738.4552
1,5.514,5.514,5.514
2,199.3531,99.67655,160.6891
1,44.1779,44.1779,44.1779
1,2644.3313,2644.3313,2644.3313
1,26.8184,26.8184,26.8184
2,4933.25,2466.625,2644.3313
1,1303.3144,1303.3144,1303.3144
2,50.0124,25.0062,40.0784
1,33.139,33.139,33.139
3,175.1536,58.38453333333334,79.0959
1,2754.0136,2754.0136,2754.0136
1,1268.2859,1268.2859,1268.2859
1,91.262,91.262,91.262
8,132424.06403399998,26111.29106147616,40003.72408799979
1,1962.4469,1962.4469,1962.4469
1,36.023,36.023,36.023
1,2653.6023,2653.6023,2653.6023
1,118.1798,118.1798,118.1798
1,77.339,77.339,77.339
1,1303.8669,1303.8669,1303.8669
1,173.032,173.032,173.032
2,6656.2217,3328.11085,3953.9884
1,48.5869,48.5869,48.5869
1,1352.3432,1352.3432,1352.3432
1,54.6754,54.6754,54.6754
1,41.9569,41.9569,41.9569
8,8853.5804,1106.69755,2053.8436
3,171.23090000000002,57.07696666666667,82.8529
2,4616.9663,2308.48315,3953.9884
2,6628.4641,3314.23205,3953.9884
1,596.689,596.689,596.689
3,6292.8626,2097.620866666666,2647.5358
1,250.2715,250.2715,250.2715
2,5260.153700000001,2630.0768500000004,2699.9018
2,53.6588,26.8294,46.7194
1,915.7577,915.7577,915.7577
2,3401.168,1700.5839999999998,2535.964
2,89.7923,44.89615,46.7194
2,96.4445,48.22225,55.239
1,14.2987,14.2987,14.2987
1,32.5754,32.5754,32.5754
1,76.2119,76.2119,76.2119
2,4982.975,2491.4875,2694.0563
1,32.0229,32.0229,32.0229
1,77.3169,77.3169,77.3169
4,11685.7397,2921.434925,3729.364
1,596.689,596.689,596.689
3,7365.466,2455.1553333333336,3953.9884
3,4766.8466,1588.9488666666666,2641.9998
1,27.614,27.614,27.614
2,6568.9267,3284.46335,3953.9884
1,2574.6279,2574.6279,2574.6279
2,3648.7681,1824.38405,2410.6266
3,73.2064,24.40213333333333,41.2055
1,895.4036,895.4036,895.4036
1,672.9008,672.9008,672.9008
1,94.4554,94.4554,94.4554
1,89.4608,89.4608,89.4608
1,75.6815,75.6815,75.6815
1,79.5048,79.5048,79.5048
1,606.6229,606.6229,606.6229
2,93.3394,46.6697,69.5929
2,2142.0094,1071.0047,1276.8054
1,44.1779,44.1779,44.1779
1,1238.1415,1238.1415,1238.1415
1,8.0444,8.0444,8.0444
3,9069.2876,3023.0958666666666,3729.364
1,1879.594,1879.594,1879.594
2,5189.6243,2594.81215,2778.9977
2,5315.3705,2657.68525,2699.9018
2,65.7033,32.85165,37.5479
3,9273.4916,3091.1638666666663,3953.9884
3,9056.0276,3018.675866666667,3729.364
2,120.2793,60.13965,77.3169
2,2909.8956000000003,1454.9478,2288.9187
1,171.2529,171.2529,171.2529
2,26.8184,13.4092,24.2879
2,6552.904200000001,3276.4521000000004,3953.9884
1,132.5558,132.5558,132.5558
1,93.8919,93.8919,93.8919
2,4677.8187,2338.90935,2699.9018
1,32.5754,32.5754,32.5754
1,98.3229,98.3229,98.3229
1,695.0119,695.0119,695.0119
1,2535.964,2535.964,2535.964
2,1423.3044,711.6522,772.5036
1,1918.2579,1918.2579,1918.2579
2,2133.4899,1066.74495,1268.2859
2,3997.7022,1998.8511,2699.9018
1,2644.3313,2644.3313,2644.3313
1,5.514,5.514,5.514
1,166.7777,166.7777,166.7777
2,4355.3935,2177.69675,2410.6266
1,26.4869,26.4869,26.4869
1,75.1069,75.1069,75.1069
1,2673.0613,2673.0613,2673.0613
2,2944.8894,1472.4447,2264.2536
1,1879.594,1879.594,1879.594
1,32.5754,32.5754,32.5754
1,1934.8329,1934.8329,1934.8329
2,161.2859,80.64295,101.6269
2,4955.35,2477.675,2666.4313
1,35.6694,35.6694,35.6694
2,1445.4044,722.7022,772.5036
2,2163.0044,1081.5022,1297.8004
1,41.1834,41.1834,41.1834
1,44.1779,44.1779,44.1779
1,40.8408,40.8408,40.8408
1,24.2879,24.2879,24.2879
2,117.0748,58.5374,107.1408
2,4881.6138,2440.8069,3953.9884
1,1950.2808,1950.2808,1950.2808
4,10624.2768,2656.0692,2738.5657
2,3740.8642,1870.4321,2635.3808
1,132.5779,132.5779,132.5779
1,71.7919,71.7919,71.7919
1,55.239,55.239,55.239
1,44.1779,44.1779,44.1779
1,65.1729,65.1729,65.1729
2,112.6438,56.3219,77.3169
2,136.9759,68.48795,77.3169
2,89.7924,44.8962,55.239
1,14.3429,14.3429,14.3429
2,128.4673,64.23365,98.3229
1,1981.7844,1981.7844,1981.7844
2,5030.5374,2515.2687,2619.9108
1,136.9979,136.9979,136.9979
3,161.91570000000002,53.971900000000005,94.4554
1,5.514,5.514,5.514
3,1422.3392,474.1130666666666,907.0909
1,8.0444,8.0444,8.0444
1,2673.0613,2673.0613,2673.0613
1,77.339,77.339,77.339
1,672.9008,672.9008,672.9008
1,77.339,77.339,77.339
2,5119.313099999999,2559.65655,2708.6865
1,26.4869,26.4869,26.4869
2,2010.6451,1005.32255,1238.1415
1,8.0444,8.0444,8.0444
2,3580.5537000000004,1790.2768500000002,2715.3497
1,865.204,865.204,865.204
3,8991.3851,2997.1283666666664,3756.989
1,89.4608,89.4608,89.4608
1,16.5529,16.5529,16.5529
2,2188.9609,1094.48045,1323.7569
2,38.1999,19.09995,35.6694
2,3472.9819,1736.49095,2607.7779
1,858.9607,858.9607,858.9607
1,5.514,5.514,5.514
2,104.3894,52.1947,94.4554
3,175.1757,58.3919,134.3349
5,297.3336,59.46672,106.1574
2,6520.1078,3260.0539,3953.9884
1,66.2779,66.2779,66.2779
1,38.664,38.664,38.664
2,5069.2014,2534.6007,2658.5748
2,5138.0622,2569.0311,3756.989
1,620.4354,620.4354,620.4354
1,35.6694,35.6694,35.6694
1,2705.0842,2705.0842,2705.0842
1,2538.4944,2538.4944,2538.4944
1,44.1779,44.1779,44.1779
1,89.4387,89.4387,89.4387
1,28.1554,28.1554,28.1554
1,86.1458,86.1458,86.1458
2,4853.977800000001,2426.9889000000003,3953.9884
1,1276.8054,1276.8054,1276.8054
2,85.3834,42.6917,77.339
1,1105.4834,1105.4834,1105.4834
2,1658.4595,829.22975,885.9559
1,35.6694,35.6694,35.6694
1,596.689,596.689,596.689
1,34.5534,34.5534,34.5534
1,860.3751,860.3751,860.3751
1,42.9624,42.9624,42.9624
2,5037.1674,2518.5837,2626.5408
1,995.9918,995.9918,995.9918
2,66.278,33.139,38.664
3,7510.826800000001,2503.6089333333334,2694.0563
4,262.8906,65.72265,86.1016
1,125.3844,125.3844,125.3844
1,76.2119,76.2119,76.2119
1,954.6648,954.6648,954.6648
3,6316.7542,2105.5847333333336,2577.1694
2,2142.0094,1071.0047,1276.8054
2,6402.4253,3201.21265,3729.364
1,3953.9884,3953.9884,3953.9884
1,8.0444,8.0444,8.0444
1,77.3169,77.3169,77.3169
2,2142.0094,1071.0047,1276.8054
1,612.1369,612.1369,612.1369
2,4608.4468,2304.2234,3953.9884
8,132424.06403399998,26111.29106147616,40003.72408799979
1,764.5606,764.5606,764.5606
2,1782.4294,891.2147,1009.9258
1,865.204,865.204,865.204
1,44.1779,44.1779,44.1779
1,99.9694,99.9694,99.9694
1,1276.8054,1276.8054,1276.8054
2,3583.3272,1791.6636,2699.9018
7,5020.0276,717.1468000000001,1650.7273
1,36.023,36.023,36.023
1,87.2729,87.2729,87.2729
1,596.689,596.689,596.689
1,26.2769,26.2769,26.2769
2,209.8838,104.9419,146.9319
1,32.5754,32.5754,32.5754
2,156.4128,78.2064,79.0959
1,38.5535,38.5535,38.5535
3,7580.7858,2526.9286,2673.0613
1,98.3229,98.3229,98.3229
5,8669.5054,1733.90108,3447.5666
1,79.5269,79.5269,79.5269
1,82.8529,82.8529,82.8529
1,33.6804,33.6804,33.6804
1,35.6584,35.6584,35.6584
1,88.9194,88.9194,88.9194
2,1710.063,855.0315,937.5594
2,4349.8795,2174.93975,2410.6266
1,74.687,74.687,74.687
3,9077.5972,3025.865733333333,3756.989
2,85.38340000000001,42.6917,82.8529
2,215.4529,107.72645,132.6
1,612.1369,612.1369,612.1369
2,4228.1716,2114.0858,2288.9187
1,1276.8054,1276.8054,1276.8054
1,33.1279,33.1279,33.1279
1,2673.0613,2673.0613,2673.0613
1,199.9829,199.9829,199.9829
1,1276.8054,1276.8054,1276.8054
1,35.0617,35.0617,35.0617
2,5070.2373,2535.11865,3756.989
1,6.9394,6.9394,6.9394
1,43.0729,43.0729,43.0729
1,162.4019,162.4019,162.4019
1,5.514,5.514,5.514
1,2566.1194,2566.1194,2566.1194
2,6648.0447,3324.02235,3953.9884
2,119.1743,59.58715,79.0959
2,3565.1058000000003,1782.5529,2699.9018
2,6689.9132,3344.9566,3953.9884
3,7887.6006,2629.2002,3953.9884
2,6572.8053,3286.40265,3953.9884
1,134.3349,134.3349,134.3349
2,6696.8526,3348.4263,3953.9884
1,1918.2579,1918.2579,1918.2579
1,77.3169,77.3169,77.3169
3,7348.9131,2449.6377,3953.9884
3,7711.3116,2570.4372,2681.8792
2,3712.6867,1856.34335,2607.2033
1,43.6144,43.6144,43.6144
1,207.7179,207.7179,207.7179
2,5251.7888,2625.8944,3953.9884
1,612.1369,612.1369,612.1369
2,6534.1413,3267.07065,3953.9884
2,6489.9524,3244.9762,3953.9884
1,37.5479,37.5479,37.5479
1,103.8369,103.8369,103.8369
1,147.5065,147.5065,147.5065
1,77.3169,77.3169,77.3169
5,529.2399,105.84798,168.2584
1,35.6584,35.6584,35.6584
1,15.4479,15.4479,15.4479
1,16.5529,16.5529,16.5529
1,5.514,5.514,5.514
1,77.339,77.339,77.339
1,606.6229,606.6229,606.6229
1,38.6529,38.6529,38.6529
1,44.1779,44.1779,44.1779
2,6639.061100000001,3319.5305500000004,3953.9884
2,136.9758,68.4879,82.3004
1,49.9681,49.9681,49.9681
1,33.139,33.139,33.139
8,43717.8009,3643.150075,14074.0241
2,2921.6955,1460.84775,2264.2536
1,62.9519,62.9519,62.9519
1,77.339,77.339,77.339
3,8964.8761,2988.292033333333,3729.364
2,6580.529200000001,3290.2646000000004,3953.9884
2,75.64840000000001,37.824200000000005,43.6144
1,79.0959,79.0959,79.0959
3,6228.7726,2076.2575333333334,2547.0029
1,13.1937,13.1937,13.1937
1,2699.9018,2699.9018,2699.9018
1,820.2968,820.2968,820.2968
1,132.5779,132.5779,132.5779
1,106.0137,106.0137,106.0137
2,1528.7123,764.35615,865.204
2,3147.8794000000003,1573.9397,2288.9187
1,596.689,596.689,596.689
2,5164.6402,2582.3201,2754.0136
3,4775.6866,1591.895533333333,2622.1098
1,3953.9884,3953.9884,3953.9884
2,1407.8565,703.9282499999999,772.5036
1,32.0229,32.0229,32.0229
2,5192.1299,2596.06495,3953.9884
2,6542.915,3271.4575,3953.9884
2,4853.977800000001,2426.9889000000003,3953.9884
1,596.689,596.689,596.689
1,70.1344,70.1344,70.1344
1,635.3529,635.3529,635.3529
1,62.9298,62.9298,62.9298
1,1323.7569,1323.7569,1323.7569
1,2666.4313,2666.4313,2666.4313
1,1879.594,1879.594,1879.594
1,34.2219,34.2219,34.2219
1,5.514,5.514,5.514
1,33.139,33.139,33.139
1,2791.1637,2791.1637,2791.1637
1,104.4004,104.4004,104.4004
1,41.1834,41.1834,41.1834
1,27.614,27.614,27.614
2,6692.5541,3346.27705,3953.9884
3,9004.6893,3001.5631,3729.364
2,2772.4119,1386.20595,1907.2079
8,17361.1884,1736.11884,6361.8158
1,26.8184,26.8184,26.8184
3,5721.3913,1907.1304333333333,2535.964
2,1471.8269,735.91345,865.204
2,2142.0094,1071.0047,1276.8054
2,176.789,88.3945,132.6
1,147.5065,147.5065,147.5065
3,5712.1409,1904.0469666666668,2588.9266
1,44.1779,44.1779,44.1779
1,1253.5894,1253.5894,1253.5894
1,44.1779,44.1779,44.1779
2,4812.9491,2406.47455,3953.9884
2,2403.2838,1201.6419,1297.8004
1,77.339,77.339,77.339
1,27.614,27.614,27.614
2,90.8973,45.44865,46.7194
1,71.8029,71.8029,71.8029
3,7690.8912,2563.6304,2673.0613
1,2264.2536,2264.2536,2264.2536
1,2288.9187,2288.9187,2288.9187
1,44.4431,44.4431,44.4431
1,2674.4757,2674.4757,2674.4757
2,3316.152,1658.076,2410.6266
3,196.248,65.416,82.2783
1,76.2119,76.2119,76.2119
2,2885.6077,1442.80385,2288.9187
2,82.2673,41.13365,66.8194
1,1918.2579,1918.2579,1918.2579
1,624.8444,624.8444,624.8444
1,76.2119,76.2119,76.2119
2,127.0198,63.5099,83.9469
1,1265.7554,1265.7554,1265.7554
1,44.1779,44.1779,44.1779
2,99.7263,49.863150000000005,65.1729
2,5109.3322,2554.6661,3756.989
1,1276.8054,1276.8054,1276.8054
1,2288.9187,2288.9187,2288.9187
1,44.1779,44.1779,44.1779
2,56.6313,28.31565,40.0784
2,3362.3162,1681.1581,2699.9018
1,26.2769,26.2769,26.2769
2,89.79230000000001,44.896150000000006,82.8529
1,186.6284,186.6284,186.6284
1,66.2779,66.2779,66.2779
2,6762.147000000001,3381.0735000000004,3953.9884
1,1918.2579,1918.2579,1918.2579
8,132424.06403399998,26111.29106147616,40003.72408799979
2,112.9863,56.49315,104.9419
1,40.432,40.432,40.432
2,5335.0616,2667.5308,3953.9884
1,43.0729,43.0729,43.0729
3,5619.5135,1873.1711666666667,2602.264
1,27.614,27.614,27.614
3,5730.176,1910.0586666666663,2596.7279
1,1292.2533,1292.2533,1292.2533
4,11670.4948,2917.6237,6079.0624
1,101.1959,101.1959,101.1959
3,3399.2753,1133.091766666667,2041.0494
1,71.7919,71.7919,71.7919
2,5192.1299,2596.06495,3953.9884
2,2690.7615,1345.38075,1918.2579
8,1331.9455,49.33131481481482,118.1577
2,1994.4338,997.2169,1105.4834
1,2708.6865,2708.6865,2708.6865
1,612.1369,612.1369,612.1369
1,32.034,32.034,32.034
1,41.1834,41.1834,41.1834
2,4566.1253,2283.06265,3953.9884
1,34.5644,34.5644,34.5644
3,9110.9792,3036.9930666666664,3756.989
1,60.7529,60.7529,60.7529
3,4769.0676,1589.6892,2598.9158
1,1918.2579,1918.2579,1918.2579
1,142.5119,142.5119,142.5119
1,43.0729,43.0729,43.0729
1,2710.6092,2710.6092,2710.6092
2,4911.7894,2455.8947,2647.5358
1,99.3948,99.3948,99.3948
2,3687.432,1843.716,2410.6266
2,3493.9438,1746.9719,2628.7398
1,30.1444,30.1444,30.1444
1,636.1596,636.1596,636.1596
2,149.6502,74.8251,95.5383
1,55.239,55.239,55.239
2,82.853,41.4265,55.239
1,1313.2483,1313.2483,1313.2483
1,612.1369,612.1369,612.1369
1,635.3529,635.3529,635.3529
2,5326.4426,2663.2213,2699.9018
2,1575.882,787.941,1550.4952
1,71.2394,71.2394,71.2394
1,686.1498,686.1498,686.1498
1,44.1779,44.1779,44.1779
2,4800.2176,2400.1088,2535.964
1,32.034,32.034,32.034
2,4576.0592,2288.0296,3953.9884
1,2833.1206,2833.1206,2833.1206
3,150.54520000000002,50.18173333333334,87.2729
2,2075.818,1037.909,1303.3144
3,7192.1246,2397.3748666666665,3953.9884
1,1934.8329,1934.8329,1934.8329
2,2168.5184,1084.2592,1303.3144
2,2916.1815,1458.09075,2264.2536
1,3953.9884,3953.9884,3953.9884
2,4827.8426,2413.9213,2563.589
8,132424.06403399998,26111.29106147616,40003.72408799979
1,132.5779,132.5779,132.5779
1,101.6048,101.6048,101.6048
1,1297.8004,1297.8004,1297.8004
4,12013.6264,3003.4066000000003,3953.9884
1,38.5535,38.5535,38.5535
1,87.2729,87.2729,87.2729
1,2264.2536,2264.2536,2264.2536
2,132.5779,66.28895,93.9029
1,77.3169,77.3169,77.3169
1,41.9569,41.9569,41.9569
2,5149.192300000001,2574.5961500000003,2738.5657
1,24.2879,24.2879,24.2879
2,4937.314899999999,2468.65745,2673.0613
1,44.1779,44.1779,44.1779
1,8.0444,8.0444,8.0444
1,44.1779,44.1779,44.1779
1,77.339,77.339,77.339
2,5261.7228000000005,2630.8614,3953.9884
1,79.0959,79.0959,79.0959
1,30.6859,30.6859,30.6859
2,125.3955,62.69775,65.7365
1,79.5158,79.5158,79.5158
1,5.514,5.514,5.514
1,635.3529,635.3529,635.3529
2,212.1269,106.06345,132.6
1,146.9098,146.9098,146.9098
3,9172.9477,3057.649233333333,3953.9884
2,3641.4474,1820.7237,2535.964
3,9254.6955,3084.8985,3953.9884
2,3007.3156,1503.6578,2410.6266
2,3627.5272,1813.7636,2699.9018
2,6506.505300000001,3253.2526500000004,3953.9884
1,1276.8054,1276.8054,1276.8054
1,77.339,77.339,77.339
1,5.514,5.514,5.514
2,6627.0497,3313.52485,3953.9884
2,85.3613,42.68065,44.1779
1,60.7529,60.7529,60.7529
1,30.6859,30.6859,30.6859
1,41.1834,41.1834,41.1834
1,5.514,5.514,5.514
1,33.139,33.139,33.139
1,44.189,44.189,44.189
1,71.7919,71.7919,71.7919
1,612.1369,612.1369,612.1369
2,3316.152,1658.076,2410.6266
1,79.5269,79.5269,79.5269
1,54.6754,54.6754,54.6754
1,1944.7669,1944.7669,1944.7669
1,606.6229,606.6229,606.6229
1,5.514,5.514,5.514
1,829.0815,829.0815,829.0815
2,3055.7642,1527.8821,1950.2808
1,66.2779,66.2779,66.2779
1,8.0444,8.0444,8.0444
2,152.9873,76.49365,97.7483
1,1950.2808,1950.2808,1950.2808
1,40.432,40.432,40.432
1,3953.9884,3953.9884,3953.9884
2,6520.1078,3260.0539,3953.9884
1,15.4479,15.4479,15.4479
2,1964.5546,982.2773,1105.4834
1,47.4819,47.4819,47.4819
1,622.9659,622.9659,622.9659
1,16.8292,16.8292,16.8292
1,16.5529,16.5529,16.5529
2,181.7283,90.86415,94.4554
1,612.1369,612.1369,612.1369
1,862.8061,862.8061,862.8061
1,38.6529,38.6529,38.6529
1,677.8623,677.8623,677.8623
1,43.6144,43.6144,43.6144
1,635.3529,635.3529,635.3529
1,33.139,33.139,33.139
1,40.0784,40.0784,40.0784
2,5099.611,2549.8055,2688.9844
3,8039.2729,2679.757633333333,2699.9018
2,92.7648,46.3824,55.2169
3,5487.187,1829.0623333333333,3729.364
3,147.5618,49.187266666666666,62.9519
2,108.2459,54.12295,59.659
2,85.38340000000001,42.6917,82.8529
3,6242.376700000001,2080.7922333333336,2595.6008
1,16.5529,16.5529,16.5529
2,92.798,46.399,59.659
2,1739.7784,869.8892,874.5744
2,5888.8213000000005,2944.4106500000003,3953.9884
1,59.659,59.659,59.659
1,16.8292,16.8292,16.8292
2,4970.878500000001,2485.4392500000004,2560.2519
1,100.0909,100.0909,100.0909
1,76.2119,76.2119,76.2119
2,6489.9524,3244.9762,3953.9884
2,5872.246300000001,2936.1231500000004,3953.9884
1,37.5479,37.5479,37.5479
1,639.1983,639.1983,639.1983
2,4828.5628,2414.2814,3953.9884
1,71.7919,71.7919,71.7919
2,2207.1823,1103.59115,1341.9783
1,660.7348,660.7348,660.7348
1,662.4144,662.4144,662.4144
2,103.8479,51.92395,65.1729
1,3953.9884,3953.9884,3953.9884
1,215.7734,215.7734,215.7734
1,1286.7394,1286.7394,1286.7394
1,32.5754,32.5754,32.5754
2,3444.7823,1722.39115,2579.5783
1,2288.9187,2288.9187,2288.9187
1,5.514,5.514,5.514
1,1276.8054,1276.8054,1276.8054
1,77.3169,77.3169,77.3169
2,118.6439,59.32195,110.5995
1,835.7447,835.7447,835.7447
1,2264.2536,2264.2536,2264.2536
1,44.189,44.189,44.189
2,1802.7634,901.3817,937.5594
1,8.0444,8.0444,8.0444
2,3147.8794000000003,1573.9397,2288.9187
1,98.8533,98.8533,98.8533
1,1879.594,1879.594,1879.594
1,44.1779,44.1779,44.1779
4,187.3197,46.829925,82.8529
1,2646.4419,2646.4419,2646.4419
2,1710.063,855.0315,937.5594
2,4937.314899999999,2468.65745,2673.0613
1,8.0444,8.0444,8.0444
1,32.5754,32.5754,32.5754
1,684.5033,684.5033,684.5033
2,6724.577,3362.2885,3953.9884
1,77.339,77.339,77.339
2,1488.1699,744.0849499999999,865.204
1,639.1983,639.1983,639.1983
2,6653.8902,3326.9451,3953.9884
2,143.5948,71.7974,99.4169
2,2408.7978000000003,1204.3989,1303.3144
2,3484.0098,1742.0049,2618.8058
1,87.2729,87.2729,87.2729
1,38.664,38.664,38.664
2,2103.3455,1051.67275,1238.1415
3,9195.0476,3065.0158666666666,3953.9884
2,5024.9903,2512.49515,2614.3637
1,8.0444,8.0444,8.0444
1,16.5529,16.5529,16.5529
8,5835.052000000001,729.3815000000001,1650.7273
1,8.0444,8.0444,8.0444
1,16.5529,16.5529,16.5529
1,3953.9884,3953.9884,3953.9884
2,6517.5774,3258.7887,3953.9884
1,38.6529,38.6529,38.6529
2,3976.7072,1988.3536,2699.9018
2,6516.7707,3258.38535,3953.9884
1,2671.9453,2671.9453,2671.9453
1,94.4554,94.4554,94.4554
1,75.6815,75.6815,75.6815
2,4068.3891,2034.19455,2699.9018
1,8.0444,8.0444,8.0444
1,59.659,59.659,59.659
2,3096.7543,1548.37715,2410.6266
1,2715.3497,2715.3497,2715.3497
1,1981.7844,1981.7844,1981.7844
2,79.8474,39.9237,41.1834
1,596.689,596.689,596.689
1,38.6529,38.6529,38.6529
2,4290.220600000001,2145.1103000000003,2410.6266
1,622.0708,622.0708,622.0708
3,7140.1896,2380.0632,3953.9884
1,111.0083,111.0083,111.0083
1,30.1444,30.1444,30.1444
1,1944.7669,1944.7669,1944.7669
1,27.614,27.614,27.614
1,40.432,40.432,40.432
1,44.189,44.189,44.189
2,2343.6249,1171.81245,1238.1415
2,4650.1826,2325.0913,2699.9018
2,3480.6948,1740.3474,2615.4908
2,3465.932,1732.966,2606.9713
1,1313.2483,1313.2483,1313.2483
3,5445.5044,1815.1681333333331,2574.6279
1,60.7529,60.7529,60.7529
1,136.4454,136.4454,136.4454
1,1238.1415,1238.1415,1238.1415
1,66.8194,66.8194,66.8194
1,2673.0613,2673.0613,2673.0613
1,15.4479,15.4479,15.4479
2,3316.152,1658.076,2410.6266
1,30.6859,30.6859,30.6859
2,1369.1926,684.5962999999999,772.5036
1,87.2729,87.2729,87.2729
1,30.6859,30.6859,30.6859
1,32.034,32.034,32.034
3,7558.883299999999,2519.6277666666665,2758.6657
1,91.262,91.262,91.262
2,5438.467500000001,2719.2337500000003,2738.5657
1,66.8194,66.8194,66.8194
1,99.4169,99.4169,99.4169
1,3953.9884,3953.9884,3953.9884
1,87.2729,87.2729,87.2729
1,23.7465,23.7465,23.7465
3,6240.1777,2080.0592333333334,2598.9158
1,1939.2529,1939.2529,1939.2529
1,1911.6169,1911.6169,1911.6169
1,41.1834,41.1834,41.1834
1,74.687,74.687,74.687
1,38.6529,38.6529,38.6529
1,44.1779,44.1779,44.1779
1,23.7465,23.7465,23.7465
2,2343.6249,1171.81245,1238.1415
1,54.1119,54.1119,54.1119
2,2163.0044,1081.5022,1297.8004
1,75.6815,75.6815,75.6815
1,3953.9884,3953.9884,3953.9884
1,5.514,5.514,5.514
1,32.034,32.034,32.034
1,103.8369,103.8369,103.8369
5,304.42760000000004,60.88552000000001,142.5119
1,156.8879,156.8879,156.8879
1,612.1369,612.1369,612.1369
1,1918.2579,1918.2579,1918.2579
2,183.3748,91.6874,132.6
1,2694.0563,2694.0563,2694.0563
1,9.934,9.934,9.934
4,371.9984,92.9996,159.6394
4,14320.2259,3580.0564750000003,5119.1939
2,3648.7681,1824.38405,2410.6266
2,119.3069,59.65345000000001,87.2729
1,44.1779,44.1779,44.1779
1,38.664,38.664,38.664
2,5935.772800000001,2967.8864000000003,3953.9884
2,6672.6089,3336.30445,3953.9884
1,54.6754,54.6754,54.6754
1,3953.9884,3953.9884,3953.9884
1,54.1119,54.1119,54.1119
2,2088.3478,1044.1739,1105.4834
1,40.0784,40.0784,40.0784
2,4550.6774000000005,2275.3387,3953.9884
1,2699.9018,2699.9018,2699.9018
3,7517.4679,2505.822633333333,2634.3974
2,6686.6976,3343.3488,3953.9884
1,2552.5169,2552.5169,2552.5169
1,36.9402,36.9402,36.9402
8,132424.06403399998,26111.29106147616,40003.72408799979
1,87.2729,87.2729,87.2729
1,1297.8004,1297.8004,1297.8004
2,3201.813,1600.9065,2264.2536
2,5119.313099999999,2559.65655,2708.6865
2,2804.4569,1402.22845,1939.2529
1,645.2869,645.2869,645.2869
2,2163.0044,1081.5022,1297.8004
3,6244.6309,2081.543633333333,2574.639
1,1918.2579,1918.2579,1918.2579
1,5.514,5.514,5.514
1,147.5065,147.5065,147.5065
2,3335.2547,1667.62735,2699.9018
2,4804.2749,2402.13745,3953.9884
1,1286.7394,1286.7394,1286.7394
1,16.5529,16.5529,16.5529
1,33.1279,33.1279,33.1279
1,64.6094,64.6094,64.6094
1,1381.0732,1381.0732,1381.0732
1,216.8784,216.8784,216.8784
1,1971.2758,1971.2758,1971.2758
2,6588.3858,3294.1929,3953.9884
1,54.6754,54.6754,54.6754
1,663.5083,663.5083,663.5083
1,858.9607,858.9607,858.9607
1,8.0444,8.0444,8.0444
1,71.2394,71.2394,71.2394
1,8.0444,8.0444,8.0444
1,865.204,865.204,865.204
1,690.5698,690.5698,690.5698
2,1754.0853000000002,877.0426500000001,1105.4834
1,76.2119,76.2119,76.2119
1,620.4354,620.4354,620.4354
1,180.104,180.104,180.104
1,5.514,5.514,5.514
6,9104.4789,1517.41315,2795.5071
2,131.9923,65.99615,76.7533
2,96.0909,48.04545,62.9519
1,2708.6865,2708.6865,2708.6865
1,54.6754,54.6754,54.6754
1,1909.7384,1909.7384,1909.7384
2,5280.054700000001,2640.0273500000003,2699.9018
2,49.2499,24.62495,46.7194
1,2671.9453,2671.9453,2671.9453
1,26.4869,26.4869,26.4869
1,60.7529,60.7529,60.7529
1,82.8529,82.8529,82.8529
2,5263.4908,2631.7454,2699.9018
2,4928.7195,2464.35975,2639.8008
1,671.7958,671.7958,671.7958
4,3373.0239,843.255975,1322.2843
1,27.614,27.614,27.614
2,92.798,46.399,59.659
2,138.6113,69.30565,70.1344
1,132.5779,132.5779,132.5779
5,14658.9191,2931.78382,3953.9884
1,2699.9018,2699.9018,2699.9018
4,29798.4906,7449.622649999999,14263.5806
1,44.1779,44.1779,44.1779
1,77.339,77.339,77.339
4,221.21,55.3025,109.3508
1,2597.8108,2597.8108,2597.8108
2,4894.673000000001,2447.3365000000003,2630.4194
2,5230.7938,2615.3969,3953.9884
1,1272.6948,1272.6948,1272.6948
1,8.0444,8.0444,8.0444
1,2264.2536,2264.2536,2264.2536
1,44.1779,44.1779,44.1779
8,132424.06403399998,26111.29106147616,40003.72408799979
1,1895.0419,1895.0419,1895.0419
2,5110.5284,2555.2642,2699.9018
1,5.514,5.514,5.514
2,91.6377,45.818850000000005,82.8529
1,1402.7644,1402.7644,1402.7644
1,71.7919,71.7919,71.7919
2,5149.192300000001,2574.5961500000003,2738.5657
1,596.689,596.689,596.689
1,76.2119,76.2119,76.2119
2,1715.4905,857.7452499999999,865.204
1,16.8292,16.8292,16.8292
2,167.3302,83.6651,104.3783
1,66.8194,66.8194,66.8194
1,1889.5279,1889.5279,1889.5279
1,77.339,77.339,77.339
1,62.9519,62.9519,62.9519
2,3724.3003,1862.15015,2618.8169
2,167.6838,83.8419,120.9644
5,145.3518,29.07036,45.957
2,6567.269200000001,3283.6346000000003,3953.9884
1,3756.989,3756.989,3756.989
2,5164.0076,2582.0038,3756.989
2,4907.7356,2453.8678,2618.8169
2,189.2534,94.6267,183.7394
4,127453.7862,26111.29106147616,37338.2108
2,4290.220600000001,2145.1103000000003,2410.6266
2,6588.3858,3294.1929,3953.9884
1,635.3529,635.3529,635.3529
1,635.3529,635.3529,635.3529
1,8.0444,8.0444,8.0444
1,3953.9884,3953.9884,3953.9884
1,32.034,32.034,32.034
2,92.7869,46.39345,65.1729
2,6572.8053,3286.40265,3953.9884
1,596.689,596.689,596.689
2,5230.7938,2615.3969,3953.9884
1,75.0627,75.0627,75.0627
2,6760.047500000001,3380.0237500000003,3953.9884
1,5.514,5.514,5.514
1,3953.9884,3953.9884,3953.9884
2,5125.9763,2562.98815,2715.3497
1,6.9394,6.9394,6.9394
2,73.2174,36.6087,38.664
1,44.1779,44.1779,44.1779
1,66.8194,66.8194,66.8194
1,103.8369,103.8369,103.8369
1,3953.9884,3953.9884,3953.9884
1,44.1779,44.1779,44.1779
2,198.8448,99.4224,138.0919
1,1879.594,1879.594,1879.594
1,2644.3313,2644.3313,2644.3313
7,5887.9998,841.1428285714285,3100.9904
1,16.5529,16.5529,16.5529
1,857.8447,857.8447,857.8447
2,89.4388,44.7194,79.5048
1,612.1369,612.1369,612.1369
1,79.5269,79.5269,79.5269
1,70.6869,70.6869,70.6869
2,3491.7448000000004,1745.8724000000002,2626.5408
1,74.5765,74.5765,74.5765
2,1407.8565,703.9282499999999,772.5036
1,606.6229,606.6229,606.6229
2,70.0792,35.0396,46.3327
1,2694.0563,2694.0563,2694.0563
1,95.6709,95.6709,95.6709
2,5425.1854,2712.5927,2725.2836
1,76.2119,76.2119,76.2119
2,3605.4272,1802.7136,2699.9018
1,1889.5279,1889.5279,1889.5279
1,612.1369,612.1369,612.1369
1,49.7029,49.7029,49.7029
3,7562.553400000001,2520.8511333333336,2737.6707
3,283.1452,94.38173333333332,149.1529
1,71.7919,71.7919,71.7919
1,5.514,5.514,5.514
1,1933.7058,1933.7058,1933.7058
2,1792.8294,896.4147,927.6254
2,6803.1536,3401.5768,3953.9884
8,132424.06403399998,21437.730375,40003.72408799979
2,4305.6685,2152.83425,2410.6266
1,1297.8004,1297.8004,1297.8004
1,87.2729,87.2729,87.2729
8,132424.06403399998,26111.29106147616,40003.72408799979
1,77.339,77.339,77.339
1,80.6208,80.6208,80.6208
2,4952.7628,2476.3814,2688.5092
2,3023.7413,1511.87065,1918.2579
1,1918.2579,1918.2579,1918.2579
2,3502.3951,1751.19755,2264.2536
1,5.514,5.514,5.514
2,49.2499,24.62495,46.7194
1,35.6584,35.6584,35.6584
2,136.9759,68.48795,77.3169
1,2715.3497,2715.3497,2715.3497
3,207.718,69.23933333333333,175.695
2,2137.8988,1068.9494,1272.6948
1,40.0784,40.0784,40.0784
1,1276.8054,1276.8054,1276.8054
3,7783.1367,2594.3789,2700.5648
1,1955.8058,1955.8058,1955.8058
1,8.0444,8.0444,8.0444
2,82.85300000000001,41.4265,44.189
4,245.5642,61.39104999999999,132.5779
1,87.2729,87.2729,87.2729
1,44.1779,44.1779,44.1779
1,5.514,5.514,5.514
3,182.1262,60.708733333333335,76.2119
1,54.6754,54.6754,54.6754
1,5.514,5.514,5.514
1,5.514,5.514,5.514
1,65.1729,65.1729,65.1729
2,5861.1963000000005,2930.5981500000003,3953.9884
1,104.4004,104.4004,104.4004
1,111.0083,111.0083,111.0083
1,2659.7792,2659.7792,2659.7792
1,1381.0732,1381.0732,1381.0732
1,5.514,5.514,5.514
1,24.2879,24.2879,24.2879
3,7457.7003,2485.9001000000003,3953.9884
1,2288.9187,2288.9187,2288.9187
1,65.1729,65.1729,65.1729
1,2288.9187,2288.9187,2288.9187
1,663.5083,663.5083,663.5083
1,1445.6826,1445.6826,1445.6826
1,650.8008,650.8008,650.8008
1,2673.0613,2673.0613,2673.0613
1,132.5779,132.5779,132.5779
3,7166.6654,2388.888466666667,3953.9884
2,3216.5441,1608.27205,2288.9187
1,33.1279,33.1279,33.1279
3,9023.2312,3007.743733333333,3756.989
1,15.4479,15.4479,15.4479
1,35.6694,35.6694,35.6694
2,6580.529200000001,3290.2646000000004,3953.9884
2,3615.3612,1807.6806,2699.9018
2,6732.9861,3366.49305,3953.9884
1,28.1554,28.1554,28.1554
2,4937.7569,2468.87845,2673.5033
1,24.2879,24.2879,24.2879
1,2598.9158,2598.9158,2598.9158
1,1323.7569,1323.7569,1323.7569
2,4620.8449,2310.42245,3953.9884
1,136.9979,136.9979,136.9979
1,77.3169,77.3169,77.3169
1,26.2769,26.2769,26.2769
1,77.339,77.339,77.339
2,4949.121,2474.5605,2538.4944
1,99.4169,99.4169,99.4169
1,85.0519,85.0519,85.0519
1,32.034,32.034,32.034
2,6576.054,3288.027,3953.9884
1,44.1779,44.1779,44.1779
1,1276.8054,1276.8054,1276.8054
3,4802.7923,1600.9307666666666,2602.264
1,8.0444,8.0444,8.0444
1,5.514,5.514,5.514
7,8095.666300000001,1156.5237571428572,4615.1346
1,627.3748,627.3748,627.3748
1,672.9008,672.9008,672.9008
2,3396.8565,1698.42825,2624.3529
1,41.1834,41.1834,41.1834
3,106.3563,35.4521,44.1779
1,5.514,5.514,5.514
1,77.339,77.339,77.339
3,3991.4681,1330.489366666667,2264.2536
2,3904.8131,1952.40655,2799.3297
1,2649.8453,2649.8453,2649.8453
1,77.339,77.339,77.339
2,6534.130300000001,3267.0651500000004,3953.9884
1,87.2729,87.2729,87.2729
1,33.6804,33.6804,33.6804
1,622.9659,622.9659,622.9659
2,269.8742,134.9371,168.2694
2,4881.6138,2440.8069,3953.9884
2,3481.3448,1740.6724,2708.8412
2,320.9584,160.4792,250.2715
2,3124.6634000000004,1562.3317000000002,2288.9187
2,6612.032800000001,3306.0164000000004,3953.9884
8,61854.5431,5154.545258333333,10891.8329
1,5.514,5.514,5.514
1,104.4004,104.4004,104.4004
1,2673.0613,2673.0613,2673.0613
3,210.2484,70.0828,175.695
1,2832.5018,2832.5018,2832.5018
1,27.614,27.614,27.614
2,3403.6984,1701.8492,2538.4944
2,2142.0094,1071.0047,1276.8054
1,75.0627,75.0627,75.0627
1,8.0444,8.0444,8.0444
1,55.2169,55.2169,55.2169
1,623.4521,623.4521,623.4521
2,5307.679700000001,2653.8398500000003,2699.9018
2,6738.8868,3369.4434,3953.9884
1,33.1279,33.1279,33.1279
1,38.664,38.664,38.664
1,132.5779,132.5779,132.5779
1,1276.8054,1276.8054,1276.8054
1,5.514,5.514,5.514
1,65.1729,65.1729,65.1729
1,2694.0563,2694.0563,2694.0563
1,668.7571,668.7571,668.7571
1,44.1779,44.1779,44.1779
5,2183.9598,436.79196,944.6214
1,24.2879,24.2879,24.2879
1,54.1119,54.1119,54.1119
1,635.3529,635.3529,635.3529
1,9.934,9.934,9.934
1,1238.1415,1238.1415,1238.1415
2,119.8484,59.9242,109.9144
3,9205.523,3068.507666666667,3953.9884
2,52.9738,26.4869,44.189
1,5.514,5.514,5.514
1,77.339,77.339,77.339
1,24.2879,24.2879,24.2879
1,1293.3804,1293.3804,1293.3804
1,663.5083,663.5083,663.5083
1,66.2779,66.2779,66.2779
1,66.2779,66.2779,66.2779
1,820.2968,820.2968,820.2968
1,2651.9669,2651.9669,2651.9669
2,3078.9803,1539.49015,1973.4969
1,32.5754,32.5754,32.5754
3,9018.9769,3006.3256333333334,3756.989
1,1303.3144,1303.3144,1303.3144
2,122.5666,61.2833,69.5929
2,199.9388,99.9694,101.6269
3,153.0867,51.0289,116.0029
2,127.0309,63.51545,71.7919
3,7944.2318,2648.0772666666667,2699.9018
2,210.5467,105.27335,131.4508
2,86.14590000000001,43.072950000000006,47.4819
1,60.7529,60.7529,60.7529
1,44.1779,44.1779,44.1779
2,6489.9524,3244.9762,3953.9884
1,865.204,865.204,865.204
1,37.5479,37.5479,37.5479
2,3687.432,1843.716,2410.6266
2,140.2688,70.1344,101.6048
2,3541.059,1770.5295,2264.2536
2,80.9303,40.46515,54.1119
1,71.2394,71.2394,71.2394
2,6528.6163,3264.30815,3953.9884
1,3953.9884,3953.9884,3953.9884
2,179.3194,89.6597,132.6
2,6653.8902,3326.9451,3953.9884
1,651.9058,651.9058,651.9058
1,66.8194,66.8194,66.8194
3,125.2629,41.7543,66.2006
2,135.2741,67.63705,82.3004
1,106.5883,106.5883,106.5883
2,6579.4132,3289.7066,3953.9884
1,1297.8004,1297.8004,1297.8004
1,8.0444,8.0444,8.0444
1,59.659,59.659,59.659
3,7515.601900000001,2505.2006333333334,2666.4313
1,136.9979,136.9979,136.9979
2,66.278,33.139,38.664
1,40.8408,40.8408,40.8408
4,19628.4772,4907.1193,9983.2209
3,4933.0184,1644.3394666666666,2686.7412
1,1357.8572,1357.8572,1357.8572
1,596.689,596.689,596.689
1,596.689,596.689,596.689
1,622.9659,622.9659,622.9659
1,66.8194,66.8194,66.8194
1,59.659,59.659,59.659
1,14.2987,14.2987,14.2987
1,65.1729,65.1729,65.1729
1,606.6229,606.6229,606.6229
2,2783.4619,1391.73095,1918.2579
1,82.2783,82.2783,82.2783
2,6539.6553,3269.82765,3953.9884
1,77.339,77.339,77.339
2,6572.8053,3286.40265,3953.9884
1,5.514,5.514,5.514
1,1939.2529,1939.2529,1939.2529
1,96.0798,96.0798,96.0798
2,2860.9426,1430.4713,2264.2536
1,14.2987,14.2987,14.2987
1,1973.4969,1973.4969,1973.4969
3,7629.0286,2543.0095333333334,2738.2342
1,635.3529,635.3529,635.3529
1,3953.9884,3953.9884,3953.9884
1,2699.9018,2699.9018,2699.9018
1,33.139,33.139,33.139
1,2751.6489,2751.6489,2751.6489
2,4345.4595,2172.72975,2410.6266
1,35.6694,35.6694,35.6694
3,93.5273,31.175766666666664,42.9624
2,138.05870000000002,69.02935000000001,82.8529
1,27.614,27.614,27.614
1,60.7529,60.7529,60.7529
2,4634.6242,2317.3121,3953.9884
2,92.7869,46.39345,82.8529
4,112.9864,28.2466,38.675
3,6208.9158,2069.6386,2563.589
1,126.4783,126.4783,126.4783
3,12665.7725,4221.924166666667,5416.248
2,4914.0989,2457.04945,2649.8453
1,682.3044,682.3044,682.3044
2,6696.8526,3348.4263,3953.9884
4,11922.4308,2980.6077,3953.9884
2,223.8399,111.91995,216.9005
1,66.2779,66.2779,66.2779
3,7732.3067,2577.4355666666665,2671.9453
1,43.3713,43.3713,43.3713
1,5.514,5.514,5.514
2,2779.3513000000003,1389.67565,1914.1473
2,79.8695,39.93475,41.2055
3,5679.4013,1893.1337666666668,2560.2519
1,33.0727,33.0727,33.0727
1,46.7194,46.7194,46.7194
2,3731.4607,1865.73035,2625.9773
1,131.4508,131.4508,131.4508
2,64.3663,32.18315,40.0784
1,44.1779,44.1779,44.1779
2,126.2242,63.1121,86.1458
2,2343.6249,1171.81245,1238.1415
2,95.3284,47.6642,59.659
1,2754.0136,2754.0136,2754.0136
1,16.8292,16.8292,16.8292
1,164.6229,164.6229,164.6229
1,26.4869,26.4869,26.4869
3,5587.4638,1862.487933333333,2684.0119
3,9189.5005,3063.166833333333,3953.9884
1,717.6533,717.6533,717.6533
1,42.9624,42.9624,42.9624
1,596.689,596.689,596.689
2,6600.4303,3300.21515,3953.9884
1,2615.4908,2615.4908,2615.4908
1,15.4479,15.4479,15.4479
3,241.9177,80.63923333333334,131.4508
1,69.5929,69.5929,69.5929
1,6.9394,6.9394,6.9394
1,97.7483,97.7483,97.7483
1,34.2219,34.2219,34.2219
1,622.0708,622.0708,622.0708
2,186.4578,93.2289,159.6394
1,35.6584,35.6584,35.6584
2,119.8484,59.9242,109.9144
1,44.1779,44.1779,44.1779
1,77.339,77.339,77.339
3,5499.9824,1833.3274666666664,2604.4408
3,7481.5131,2493.8377,3953.9884
1,77.3169,77.3169,77.3169
1,3953.9884,3953.9884,3953.9884
2,4937.314899999999,2468.65745,2673.0613
8,132424.06403399998,26111.29106147616,40003.72408799979
1,14.2987,14.2987,14.2987
2,2804.4569,1402.22845,1939.2529
1,596.689,596.689,596.689
4,16419.2646,4104.81615,11028.5875
1,666.8565,666.8565,666.8565
1,134.7437,134.7437,134.7437
1,858.9607,858.9607,858.9607
1,181.209,181.209,181.209
1,35.6694,35.6694,35.6694
3,5561.6194000000005,1853.8731333333333,2649.7348
1,1307.7344,1307.7344,1307.7344
1,1977.9169,1977.9169,1977.9169
1,635.3529,635.3529,635.3529
1,1276.8054,1276.8054,1276.8054
2,3073.6045,1536.80225,2410.6266
2,5048.195299999999,2524.09765,2637.5687
1,6.9394,6.9394,6.9394
1,2742.8642,2742.8642,2742.8642
1,1341.9783,1341.9783,1341.9783
1,1950.2808,1950.2808,1950.2808
2,3033.5925,1516.79625,2410.6266
2,189.4412,94.7206,107.1408
1,2709.5042,2709.5042,2709.5042
1,44.1779,44.1779,44.1779
1,5.514,5.514,5.514
2,73.2173,36.60865,65.1729
3,4012.1758,1337.391933333333,2264.2536
4,8300.2629,2075.065725,3729.364
1,671.7958,671.7958,671.7958
1,59.659,59.659,59.659
1,44.1779,44.1779,44.1779
2,85.3834,42.6917,55.239
1,76.2119,76.2119,76.2119
2,2403.2838,1201.6419,1297.8004
1,168.623,168.623,168.623
2,2103.3455,1051.67275,1238.1415
1,38.664,38.664,38.664
2,2049.309,1024.6545,1276.8054
1,2563.589,2563.589,2563.589
7,12673.4532,1810.4933142857144,2860.1047
2,4937.314899999999,2468.65745,2673.0613
1,3953.9884,3953.9884,3953.9884
1,11.039,11.039,11.039
1,16.5529,16.5529,16.5529
1,35.6584,35.6584,35.6584
4,9497.9277,2374.481925,2671.9453
1,5.514,5.514,5.514
1,24.2879,24.2879,24.2879
2,6552.904200000001,3276.4521000000004,3953.9884
2,6540.7271,3270.36355,3953.9884
1,40.0784,40.0784,40.0784
1,65.4713,65.4713,65.4713
1,1297.8004,1297.8004,1297.8004
1,1303.3144,1303.3144,1303.3144
1,1280.6508,1280.6508,1280.6508
3,6284.9302,2094.9767333333334,2614.9383
1,2089.8423,2089.8423,2089.8423
1,146.9319,146.9319,146.9319
2,4859.513800000001,2429.7569000000003,3953.9884
1,129.2298,129.2298,129.2298
2,2142.0094,1071.0047,1276.8054
1,1307.7344,1307.7344,1307.7344
3,5766.3301,1922.1100333333331,2643.1158
1,54.1119,54.1119,54.1119
2,3613.7037,1806.85185,2748.4997
1,70.6869,70.6869,70.6869
1,44.1779,44.1779,44.1779
1,5.514,5.514,5.514
1,43.0729,43.0729,43.0729
1,5.514,5.514,5.514
2,3338.252,1669.126,2410.6266
2,6569.4571,3284.72855,3953.9884
2,130.3459,65.17295,70.6869
1,1342.4093,1342.4093,1342.4093
1,1939.2529,1939.2529,1939.2529
1,33.139,33.139,33.139
1,5.514,5.514,5.514
1,3953.9884,3953.9884,3953.9884
1,14.2987,14.2987,14.2987
2,3695.8907,1847.94535,2590.4073
2,3163.3273,1581.66365,2288.9187
1,728.6812,728.6812,728.6812
2,3627.5272,1813.7636,2699.9018
1,662.4144,662.4144,662.4144
1,83.3944,83.3944,83.3944
1,1412.0022,1412.0022,1412.0022
1,132.5779,132.5779,132.5779
1,37.5479,37.5479,37.5479
2,3362.3162,1681.1581,2699.9018
3,8964.8983,2988.2994333333336,3729.364
1,1889.5279,1889.5279,1889.5279
2,111.5608,55.7804,87.2729
1,81.7258,81.7258,81.7258
1,32.5754,32.5754,32.5754
1,55.2169,55.2169,55.2169
1,87.2729,87.2729,87.2729
1,612.1369,612.1369,612.1369
2,5908.689200000001,2954.3446000000004,3953.9884
3,240.2934,80.0978,180.104
1,55.2169,55.2169,55.2169
1,2726.0571,2726.0571,2726.0571
1,103.2733,103.2733,103.2733
2,68.4658,34.2329,44.1779
2,6534.130300000001,3267.0651500000004,3953.9884
2,4577.1642,2288.5821,3953.9884
1,5.514,5.514,5.514
2,5131.4322,2565.7161,3729.364
1,1352.3432,1352.3432,1352.3432
1,55.2169,55.2169,55.2169
8,51015.5565,6376.9445625,12943.11
5,14603.2934,2920.65868,3953.9884
1,2673.0613,2673.0613,2673.0613
1,1303.8669,1303.8669,1303.8669
1,2590.0758,2590.0758,2590.0758
1,77.3169,77.3169,77.3169
1,1918.2579,1918.2579,1918.2579
2,89.7702,44.8851,81.7258
1,26.8184,26.8184,26.8184
2,85.3834,42.6917,46.7194
2,6556.2413,3278.12065,3953.9884
1,2673.0613,2673.0613,2673.0613
1,132.5779,132.5779,132.5779
2,4579.495800000001,2289.7479000000003,2699.9018
1,30.1444,30.1444,30.1444
1,24.2879,24.2879,24.2879
1,55.2169,55.2169,55.2169
3,2628.5741,876.1913666666666,905.5254
1,87.2729,87.2729,87.2729
2,2049.309,1024.6545,1276.8054
1,44.1779,44.1779,44.1779
1,75.0627,75.0627,75.0627
2,66.278,33.139,38.664
2,2744.798,1372.399,1879.594
3,9064.3372,3021.445733333333,3756.989
2,145.02020000000002,72.51010000000001,109.3508
1,60.7308,60.7308,60.7308
2,89.79230000000001,44.896150000000006,82.8529
2,125.9148,62.95740000000001,71.2394
2,6603.8337,3301.91685,3953.9884
1,41.9569,41.9569,41.9569
1,99.4169,99.4169,99.4169
1,2646.4198,2646.4198,2646.4198
2,3122.0983,1561.04915,2264.2536
1,132.5779,132.5779,132.5779
1,55.2169,55.2169,55.2169
1,136.9979,136.9979,136.9979
1,99.4169,99.4169,99.4169
1,26.2769,26.2769,26.2769
2,140.2909,70.14545,77.339
1,596.689,596.689,596.689
1,86.7204,86.7204,86.7204
2,4938.7293,2469.36465,2674.4757
1,2582.6834,2582.6834,2582.6834
2,104.1574,52.0787,77.339
1,2742.4111,2742.4111,2742.4111
1,62.9519,62.9519,62.9519
1,98.3229,98.3229,98.3229
1,14.2987,14.2987,14.2987
1,15.4479,15.4479,15.4479
2,4594.8553,2297.42765,3953.9884
2,3061.4274,1530.7137,2410.6266
4,2835.6847,708.921175,2768.7414
1,2560.2519,2560.2519,2560.2519
1,87.2729,87.2729,87.2729
1,32.034,32.034,32.034
2,3805.3852,1902.6926,2699.9018
1,114.8758,114.8758,114.8758
1,23.7465,23.7465,23.7465
1,86.1458,86.1458,86.1458
1,8.0444,8.0444,8.0444
2,4842.9388,2421.4694,3953.9884
2,4577.7388,2288.8694,3953.9884
2,101.9584,50.9792,55.239
1,79.0959,79.0959,79.0959
1,59.659,59.659,59.659
1,71.7919,71.7919,71.7919
1,613.2419,613.2419,613.2419
1,133.1083,133.1083,133.1083
1,43.0729,43.0729,43.0729
2,114.8759,57.43795,76.2119
1,3953.9884,3953.9884,3953.9884
1,5.514,5.514,5.514
1,59.659,59.659,59.659
1,90.0133,90.0133,90.0133
1,1341.9783,1341.9783,1341.9783
1,125.9369,125.9369,125.9369
1,100.8423,100.8423,100.8423
2,3671.6028,1835.8014,2566.1194
1,905.5033,905.5033,905.5033
1,38.664,38.664,38.664
1,48.5869,48.5869,48.5869
3,199.9388,66.64626666666668,87.2729
2,1792.8073,896.40365,927.6033
1,1918.2579,1918.2579,1918.2579
2,65.4824,32.7412,62.9519
3,7805.236699999999,2601.7455666666665,2743.7482
1,896.5086,896.5086,896.5086
1,905.5254,905.5254,905.5254
1,1879.594,1879.594,1879.594
1,44.1779,44.1779,44.1779
1,40.432,40.432,40.432
1,35.6694,35.6694,35.6694
1,205.4969,205.4969,205.4969
2,1578.9788,789.4893999999999,865.204
4,6442.9011,1610.725275,2698.3327
1,2673.0613,2673.0613,2673.0613
1,1253.5894,1253.5894,1253.5894
1,682.3044,682.3044,682.3044
2,4290.220600000001,2145.1103000000003,2410.6266
1,32.5754,32.5754,32.5754
1,44.1779,44.1779,44.1779
1,75.6815,75.6815,75.6815
2,112.4227,56.21135,82.2783
1,1276.8054,1276.8054,1276.8054
1,74.5765,74.5765,74.5765
1,35.6694,35.6694,35.6694
2,140.2798,70.1399,80.6208
1,3221.3554,3221.3554,3221.3554
1,35.6584,35.6584,35.6584
2,5247.6892,2623.8446,2673.0613
1,40.8408,40.8408,40.8408
1,2587.8769,2587.8769,2587.8769
1,132.5779,132.5779,132.5779
2,89.7924,44.8962,55.239
2,3615.6595,1807.82975,2699.9018
1,44.1779,44.1779,44.1779
1,36.023,36.023,36.023
1,650.8008,650.8008,650.8008
1,23.7465,23.7465,23.7465
2,5213.4343,2606.71715,2649.8453
1,1286.7394,1286.7394,1286.7394
1,5.514,5.514,5.514
1,62.9519,62.9519,62.9519
2,4990.7685,2495.38425,2580.1419
1,16.8292,16.8292,16.8292
1,1265.7554,1265.7554,1265.7554
2,4361.7113,2180.85565,3729.364
1,79.5269,79.5269,79.5269
1,2634.3974,2634.3974,2634.3974
1,2708.6865,2708.6865,2708.6865
1,830.2307,830.2307,830.2307
3,9054.3701,3018.1233666666667,3756.989
1,47.4377,47.4377,47.4377
1,76.7533,76.7533,76.7533
1,33.139,33.139,33.139
1,55.2169,55.2169,55.2169
2,285.6204,142.8102,153.0204
1,1934.8329,1934.8329,1934.8329
1,71.7919,71.7919,71.7919
2,5438.467500000001,2719.2337500000003,2738.5657
1,2288.9187,2288.9187,2288.9187
2,3693.3603,1846.68015,2587.8769
1,92.7869,92.7869,92.7869
1,136.9979,136.9979,136.9979
1,5.514,5.514,5.514
1,156.8879,156.8879,156.8879
1,28.1554,28.1554,28.1554
1,15.4479,15.4479,15.4479
8,132424.06403399998,17337.84403333333,40003.72408799979
1,146.9319,146.9319,146.9319
1,2630.4194,2630.4194,2630.4194
2,49.1283,24.56415,33.6804
2,3513.8227,1756.91135,2648.6187
1,3953.9884,3953.9884,3953.9884
1,8.0444,8.0444,8.0444
1,43.0729,43.0729,43.0729
2,6628.4641,3314.23205,3953.9884
1,2563.589,2563.589,2563.589
4,7880.3187,1970.079675,3729.364
1,75.6815,75.6815,75.6815
1,16.8292,16.8292,16.8292
1,2668.564,2668.564,2668.564
1,76.2119,76.2119,76.2119
1,2688.5092,2688.5092,2688.5092
1,1293.3804,1293.3804,1293.3804
1,85.0519,85.0519,85.0519
2,6589.380300000001,3294.6901500000004,3953.9884
1,5.514,5.514,5.514
1,65.1729,65.1729,65.1729
1,43.0729,43.0729,43.0729
2,121.2296,60.6148,82.3004
1,142.4898,142.4898,142.4898
2,2371.2388,1185.6194,1265.7554
1,2647.5358,2647.5358,2647.5358
2,6627.0497,3313.52485,3953.9884
1,87.2729,87.2729,87.2729
2,3316.152,1658.076,2410.6266
1,91.262,91.262,91.262
2,4898.651,2449.3255,2634.3974
1,71.7919,71.7919,71.7919
2,6536.6718,3268.3359,3953.9884
1,35.6694,35.6694,35.6694
3,131.20780000000002,43.73593333333334,74.0019
1,27.614,27.614,27.614
2,4305.6685,2152.83425,2410.6266
2,3216.5441,1608.27205,2288.9187
1,1276.8054,1276.8054,1276.8054
1,2834.2366,2834.2366,2834.2366
2,85.3834,42.6917,55.239
1,1238.1415,1238.1415,1238.1415
3,7634.5426,2544.847533333333,2732.7203
2,6662.6749,3331.33745,3953.9884
2,44.4542,22.2271,33.139
2,6373.695299999999,3186.84765,3729.364
1,5.514,5.514,5.514
3,7179.417100000001,2393.1390333333334,3953.9884
1,91.262,91.262,91.262
1,35.6584,35.6584,35.6584
1,596.689,596.689,596.689
1,33.6804,33.6804,33.6804
1,2634.3974,2634.3974,2634.3974
1,612.1369,612.1369,612.1369
1,16.5529,16.5529,16.5529
1,24.2879,24.2879,24.2879
3,163.7501,54.58336666666667,62.9519
1,1286.7394,1286.7394,1286.7394
1,2653.6023,2653.6023,2653.6023
3,124.7878,41.595933333333335,59.659
3,7254.6456,2418.2152,3756.989
2,5872.246300000001,2936.1231500000004,3953.9884
1,44.1779,44.1779,44.1779
2,4376.941,2188.4705,2410.6266
1,2410.6266,2410.6266,2410.6266
3,9037.8283,3012.609433333333,3756.989
3,7992.8629,2664.2876333333334,2699.9018
1,2738.4552,2738.4552,2738.4552
1,1389.8911,1389.8911,1389.8911
2,332.5387,166.26935,214.3479
1,2580.1529,2580.1529,2580.1529
1,199.9829,199.9829,199.9829
1,35.6694,35.6694,35.6694
2,123.7048,61.8524,79.5269
1,33.1279,33.1279,33.1279
1,87.2729,87.2729,87.2729
3,6903.5124,2301.1708,2574.6279
1,76.2119,76.2119,76.2119
2,185.5848,92.7924,130.3458
1,16.5529,16.5529,16.5529
2,103.848,51.924,59.659
2,3312.0387,1656.01935,2699.9018
1,620.4354,620.4354,620.4354
1,77.339,77.339,77.339
1,55.239,55.239,55.239
1,38.664,38.664,38.664
1,2659.7792,2659.7792,2659.7792
1,55.2169,55.2169,55.2169
1,71.7919,71.7919,71.7919
1,77.339,77.339,77.339
1,38.6529,38.6529,38.6529
4,5131.394,1282.8485,2040.1407
1,65.1508,65.1508,65.1508
3,6211.4462,2070.482066666667,2566.1194
1,173.8055,173.8055,173.8055
1,162.4019,162.4019,162.4019
8,61405.0318,7675.628975,17372.7311
1,27.614,27.614,27.614
2,3725.3942,1862.6971,2619.9108
1,717.6533,717.6533,717.6533
3,9065.4422,3021.8140666666663,3729.364
1,1357.8572,1357.8572,1357.8572
1,44.1779,44.1779,44.1779
2,4290.220600000001,2145.1103000000003,2410.6266
2,4852.5077,2426.25385,2563.589
2,114.8869,57.44345,77.339
1,620.4354,620.4354,620.4354
1,44.1779,44.1779,44.1779
3,7510.8489,2503.6163,2644.3313
1,645.2869,645.2869,645.2869
1,38.0894,38.0894,38.0894
1,79.5269,79.5269,79.5269
2,2049.309,1024.6545,1276.8054
2,56.6534,28.3267,46.7194
1,627.3748,627.3748,627.3748
1,71.2394,71.2394,71.2394
2,3939.72,1969.86,2834.2366
2,2122.0642,1061.0321,1256.8602
1,2699.9018,2699.9018,2699.9018
1,77.3169,77.3169,77.3169
2,6662.6749,3331.33745,3953.9884
1,24.2879,24.2879,24.2879
3,9132.8251,3044.2750333333333,3729.364
1,136.9979,136.9979,136.9979
1,1918.2579,1918.2579,1918.2579
2,6558.782800000001,3279.3914000000004,3953.9884
1,725.9187,725.9187,725.9187
1,35.6584,35.6584,35.6584
2,2382.2888000000003,1191.1444,1276.8054
1,632.3473,632.3473,632.3473
1,16.8292,16.8292,16.8292
2,139.84879999999998,69.92439999999999,79.0959
2,3316.152,1658.076,2410.6266
1,43.0729,43.0729,43.0729
1,71.7919,71.7919,71.7919
1,5.514,5.514,5.514
1,15.4479,15.4479,15.4479
2,3097.8924,1548.9462,2410.6266
1,5.514,5.514,5.514
1,32.034,32.034,32.034
1,24.2879,24.2879,24.2879
1,44.1779,44.1779,44.1779
3,7504.1637,2501.3879,2634.3974
1,8.0444,8.0444,8.0444
2,170.0927,85.04635,103.2733
1,33.6804,33.6804,33.6804
1,44.189,44.189,44.189
2,115.1742,57.58710000000001,79.5048
2,4604.7892,2302.3946,3953.9884
2,6692.4436000000005,3346.2218000000003,3953.9884
2,3366.7583,1683.37915,2699.9018
1,87.2729,87.2729,87.2729
1,208.8229,208.8229,208.8229
2,3055.7642,1527.8821,1950.2808
2,3616.8529,1808.42645,2751.6489
1,38.9292,38.9292,38.9292
3,5659.1783,1886.3927666666664,2535.964
3,9009.0872,3003.0290666666665,3729.364
1,6.9394,6.9394,6.9394
1,596.689,596.689,596.689
1,36.023,36.023,36.023
2,1576.2384,788.1192,865.204
1,666.8565,666.8565,666.8565
2,59.95740000000001,29.978700000000003,33.139
1,71.7919,71.7919,71.7919
1,1918.2579,1918.2579,1918.2579
2,5110.5284,2555.2642,2699.9018
1,132.5779,132.5779,132.5779
1,30.1444,30.1444,30.1444
2,3044.8745,1522.43725,2410.6266
1,88.3448,88.3448,88.3448
1,650.8008,650.8008,650.8008
1,2647.5358,2647.5358,2647.5358
1,50.7748,50.7748,50.7748
1,865.204,865.204,865.204
1,5.514,5.514,5.514
3,249.6417,83.21390000000001,87.2729
2,1538.1048,769.0524,865.204
1,622.9659,622.9659,622.9659
1,34.2219,34.2219,34.2219
3,5648.1394,1882.7131333333332,2563.589
3,7054.1875,2351.395833333333,3729.364
1,6.9394,6.9394,6.9394
1,42.9624,42.9624,42.9624
2,4866.5065,2433.25325,2602.2529
2,135.8709,67.93545,97.2069
2,6520.1078,3260.0539,3953.9884
1,2288.9187,2288.9187,2288.9187
2,4898.1557,2449.07785,3953.9884
2,2413.2178000000004,1206.6089000000002,1307.7344
1,76.2119,76.2119,76.2119
2,6588.3858,3294.1929,3953.9884
1,620.4354,620.4354,620.4354
1,1895.0419,1895.0419,1895.0419
2,4639.1547,2319.57735,2699.9018
1,32.3323,32.3323,32.3323
1,96.0908,96.0908,96.0908
1,77.339,77.339,77.339
1,76.2119,76.2119,76.2119
1,77.339,77.339,77.339
1,15.7242,15.7242,15.7242
2,6528.6163,3264.30815,3953.9884
2,3442.0088,1721.0043999999998,2576.8048
2,3316.152,1658.076,2410.6266
1,2694.0563,2694.0563,2694.0563
3,6374.0407,2124.680233333333,2535.964
1,48.5869,48.5869,48.5869
1,14.2987,14.2987,14.2987
1,35.6694,35.6694,35.6694
1,44.1779,44.1779,44.1779
1,5.514,5.514,5.514
2,4349.8795,2174.93975,2410.6266
1,3729.364,3729.364,3729.364
1,28.1554,28.1554,28.1554
1,5.514,5.514,5.514
1,32.5754,32.5754,32.5754
3,8982.5672,2994.1890666666663,3756.989
2,6588.2753,3294.13765,3953.9884
1,650.8008,650.8008,650.8008
2,3513.8448,1756.9224,2648.6408
2,4774.2852,2387.1426,3953.9884
2,253.6749,126.83745,216.127
1,29.8019,29.8019,29.8019
1,650.8008,650.8008,650.8008
2,1445.4044,722.7022,772.5036
2,3356.2497000000003,1678.1248500000002,2699.9018
1,24.2879,24.2879,24.2879
2,6692.5541,3346.27705,3953.9884
1,596.689,596.689,596.689
1,2688.5092,2688.5092,2688.5092
1,87.2729,87.2729,87.2729
1,1238.1415,1238.1415,1238.1415
1,214.3479,214.3479,214.3479
1,1909.7384,1909.7384,1909.7384
1,85.0519,85.0519,85.0519
2,2717.2705,1358.63525,1944.7669
1,99.4169,99.4169,99.4169
2,4960.973,2480.4865,2696.7194
1,2604.7944,2604.7944,2604.7944
3,7705.0131,2568.3377,2674.4757
1,8.0444,8.0444,8.0444
1,66.2779,66.2779,66.2779
2,2895.5416,1447.7708,2288.9187
1,92.7869,92.7869,92.7869
1,5.514,5.514,5.514
1,8.0444,8.0444,8.0444
2,92.7869,46.39345,82.8529
1,132.5779,132.5779,132.5779
3,7632.8566,2544.285533333333,2659.7792
1,1293.3804,1293.3804,1293.3804
2,6712.3668,3356.1834,3953.9884
2,5872.246300000001,2936.1231500000004,3953.9884
1,2598.9158,2598.9158,2598.9158
1,62.9519,62.9519,62.9519
2,6593.7892,3296.8946,3953.9884
4,132424.06403399998,26111.29106147616,40003.72408799979
2,6598.3197,3299.15985,3953.9884
1,43.0729,43.0729,43.0729
2,5343.006600000001,2671.5033000000003,2699.9018
3,7973.7685,2657.922833333333,3953.9884
2,4924.0328,2462.0164,2659.7792
2,4793.0039,2396.50195,3953.9884
1,1352.3432,1352.3432,1352.3432
1,69.5819,69.5819,69.5819
1,1934.8329,1934.8329,1934.8329
1,49.7029,49.7029,49.7029
2,5833.5824,2916.7912,3953.9884
1,36.023,36.023,36.023
2,6692.5541,3346.27705,3953.9884
1,86.7204,86.7204,86.7204
2,2711.7565,1355.87825,1939.2529
1,32.5754,32.5754,32.5754
1,15.4479,15.4479,15.4479
1,132.5558,132.5558,132.5558
8,132424.06403399998,26111.29106147616,40003.72408799979
3,7593.6797,2531.2265666666667,2710.6092
3,7549.4907,2516.4969,2673.0613
1,650.8008,650.8008,650.8008
1,70.6869,70.6869,70.6869
1,36.023,36.023,36.023
1,83.3944,83.3944,83.3944
1,695.0119,695.0119,695.0119
2,3615.3612,1807.6806,2699.9018
1,32.5754,32.5754,32.5754
1,1407.5822,1407.5822,1407.5822
1,77.339,77.339,77.339
2,3708.427,1854.2135,2410.6266
1,612.1369,612.1369,612.1369
1,65.1729,65.1729,65.1729
2,3750.7982,1875.3991,2645.3148
1,27.614,27.614,27.614
1,27.614,27.614,27.614
2,3475.5124,1737.7561999999998,2610.3084
3,6230.5864,2076.862133333333,2599.2584
2,5359.6147,2679.80735,2725.2173
1,32.034,32.034,32.034
1,62.9519,62.9519,62.9519
1,1265.7554,1265.7554,1265.7554
3,5295.4805,1765.1601666666666,3756.989
3,7549.0724,2516.357466666667,2649.8453
1,142.4898,142.4898,142.4898
1,99.4169,99.4169,99.4169
1,43.0729,43.0729,43.0729
1,79.5048,79.5048,79.5048
2,109.3509,54.67545,70.6869
1,1276.8054,1276.8054,1276.8054
1,62.9519,62.9519,62.9519
1,24.2879,24.2879,24.2879
1,16.5529,16.5529,16.5529
2,1461.893,730.9465,865.204
1,55.239,55.239,55.239
1,24.2879,24.2879,24.2879
2,2808.8438,1404.4218999999998,1943.6398
1,87.2508,87.2508,87.2508
1,1381.0732,1381.0732,1381.0732
1,596.689,596.689,596.689
8,26741.013,3342.626625,9685.7144
4,69515.4239,17378.855975,25736.0283
3,7528.495699999999,2509.498566666666,2673.0613
5,265.2112,53.04224000000001,77.3169
1,79.5269,79.5269,79.5269
1,38.5535,38.5535,38.5535
1,1939.2529,1939.2529,1939.2529
1,596.689,596.689,596.689
1,92.7869,92.7869,92.7869
1,1879.594,1879.594,1879.594
2,5318.718699999999,2659.35935,2699.9018
1,30.6859,30.6859,30.6859
1,106.1574,106.1574,106.1574
4,5314.3892,1328.5973,2168.2888
1,79.0959,79.0959,79.0959
3,7348.9131,2449.6377,3953.9884
2,84.81989999999999,42.40995,51.7472
1,60.7308,60.7308,60.7308
1,1303.8669,1303.8669,1303.8669
2,1819.8909,909.94545,954.6869
2,85.3834,42.6917,46.7194
2,5861.1963000000005,2930.5981500000003,3953.9884
3,8937.2843,2979.0947666666666,3756.989
4,21560.4034,5390.10085,11357.298
1,1332.0444,1332.0444,1332.0444
2,2103.3455,1051.67275,1238.1415
2,4349.8795,2174.93975,2410.6266
1,666.8565,666.8565,666.8565
2,5135.9102,2567.9551,2725.2836
1,87.2729,87.2729,87.2729
1,30.6859,30.6859,30.6859
1,43.0729,43.0729,43.0729
1,1945.3194,1945.3194,1945.3194
2,136.41230000000002,68.20615000000001,69.5929
1,81.7258,81.7258,81.7258
1,79.0959,79.0959,79.0959
1,2666.4313,2666.4313,2666.4313
4,132424.06403399998,26111.29106147616,40003.72408799979
2,1988.9088,994.4544,1105.4834
3,8994.1808,2998.060266666667,3729.364
2,6585.4907,3292.74535,3953.9884
1,94.4554,94.4554,94.4554
2,5251.7888,2625.8944,3953.9884
1,44.1779,44.1779,44.1779
2,6564.2968,3282.1484,3953.9884
1,77.339,77.339,77.339
2,3627.5272,1813.7636,2699.9018
1,44.1779,44.1779,44.1779
1,5.514,5.514,5.514
1,8.0444,8.0444,8.0444
2,142.5119,71.25595,82.8529
1,44.1779,44.1779,44.1779
1,820.2968,820.2968,820.2968
1,35.6694,35.6694,35.6694
1,14.2987,14.2987,14.2987
8,9336.9338,1167.116725,3292.9062
1,1934.8329,1934.8329,1934.8329
2,3680.1113,1840.05565,2574.6279
2,1792.8294,896.4147,927.6254
1,6.9394,6.9394,6.9394
1,8.0444,8.0444,8.0444
1,15.4479,15.4479,15.4479
1,1303.3144,1303.3144,1303.3144
2,177.4078,88.7039,101.1959
1,1381.0732,1381.0732,1381.0732
1,5.514,5.514,5.514
1,36.023,36.023,36.023
1,620.4354,620.4354,620.4354
1,612.1369,612.1369,612.1369
2,2952.427,1476.2135,2288.9187
1,5.514,5.514,5.514
2,6528.6163,3264.30815,3953.9884
1,3729.364,3729.364,3729.364
1,2644.3313,2644.3313,2644.3313
1,26.2769,26.2769,26.2769
2,3787.2632,1893.6316,2681.7798
2,4290.220600000001,2145.1103000000003,2410.6266
2,108.2458,54.1229,69.5929
2,4898.651,2449.3255,2634.3974
3,5659.1783,1886.3927666666664,2535.964
1,62.9519,62.9519,62.9519
1,15.4479,15.4479,15.4479
1,77.339,77.339,77.339
2,3062.5324,1531.2662,2410.6266
1,44.1779,44.1779,44.1779
2,3033.5925,1516.79625,2410.6266
2,56.653400000000005,28.3267,41.2055
1,2264.2536,2264.2536,2264.2536
1,623.7504,623.7504,623.7504
1,2688.5092,2688.5092,2688.5092
1,108.2458,108.2458,108.2458
1,8.0444,8.0444,8.0444
2,4851.701,2425.8505,2562.7823
1,44.1779,44.1779,44.1779
4,269.7527,67.438175,123.7158
1,1276.8054,1276.8054,1276.8054
1,33.139,33.139,33.139
1,16.5529,16.5529,16.5529
2,2142.0094,1071.0047,1276.8054
1,42.9624,42.9624,42.9624
2,3464.1198000000004,1732.0599000000002,2598.9158
2,6646.8403,3323.42015,3953.9884
1,77.3169,77.3169,77.3169
1,70.6869,70.6869,70.6869
1,38.6529,38.6529,38.6529
1,3953.9884,3953.9884,3953.9884
1,2626.5408,2626.5408,2626.5408
1,2264.2536,2264.2536,2264.2536
1,26.2769,26.2769,26.2769
1,8.0444,8.0444,8.0444
2,98.334,49.167,59.659
1,77.3169,77.3169,77.3169
1,596.689,596.689,596.689
1,1276.8054,1276.8054,1276.8054
1,2634.3974,2634.3974,2634.3974
2,6692.5541,3346.27705,3953.9884
1,26.2769,26.2769,26.2769
1,606.6229,606.6229,606.6229
2,104.1574,52.078700000000005,101.6269
4,218.5802,54.64505,82.8529
1,3953.9884,3953.9884,3953.9884
2,245.52,122.76,182.5681
1,79.0959,79.0959,79.0959
1,77.339,77.339,77.339
3,9022.9328,3007.6442666666667,3756.989
8,132424.06403399998,17598.4674,22677.1243
1,66.2779,66.2779,66.2779
2,4784.2191,2392.10955,3953.9884
8,30113.5272,3764.1909,5751.9518
4,2302.4574,575.6143500000001,1057.9537
1,16.8292,16.8292,16.8292
1,33.139,33.139,33.139
1,2602.2529,2602.2529,2602.2529
1,1889.5279,1889.5279,1889.5279
1,622.9659,622.9659,622.9659
1,75.0627,75.0627,75.0627
1,684.5033,684.5033,684.5033
1,64.6094,64.6094,64.6094
1,44.1779,44.1779,44.1779
1,14.2987,14.2987,14.2987
2,5037.1674,2518.5837,2626.5408
1,118.1908,118.1908,118.1908
2,3338.2299000000003,1669.11495,2410.6266
1,3953.9884,3953.9884,3953.9884
2,3772.3788,1886.1894,2666.8954
1,70.6869,70.6869,70.6869
1,30.1444,30.1444,30.1444
1,2657.4919,2657.4919,2657.4919
1,23.7465,23.7465,23.7465
1,28.1554,28.1554,28.1554
1,1909.7384,1909.7384,1909.7384
1,36.023,36.023,36.023
1,33.1279,33.1279,33.1279
1,918.6197,918.6197,918.6197
1,1263.5233,1263.5233,1263.5233
1,663.5083,663.5083,663.5083
1,2634.3974,2634.3974,2634.3974
1,76.2119,76.2119,76.2119
1,2563.589,2563.589,2563.589
2,3094.4843,1547.24215,2264.2536
1,8.0444,8.0444,8.0444
2,3953.4912,1976.7456,2699.9018
1,52.9958,52.9958,52.9958
3,9020.4576,3006.8192,3756.989
1,94.4554,94.4554,94.4554
1,77.3169,77.3169,77.3169
1,64.6094,64.6094,64.6094
2,163.4848,81.7424,87.2729
1,1960.2148,1960.2148,1960.2148
1,43.0729,43.0729,43.0729
2,4970.878500000001,2485.4392500000004,2560.2519
1,35.6694,35.6694,35.6694
2,3724.3003,1862.15015,2618.8169
1,1276.8054,1276.8054,1276.8054
8,1468.8883,54.40327037037037,183.7394
2,5328.0007000000005,2664.0003500000003,3953.9884
1,44.1779,44.1779,44.1779
1,2673.0613,2673.0613,2673.0613
1,77.3169,77.3169,77.3169
2,2899.6065,1449.80325,2264.2536
2,4784.2191,2392.10955,3953.9884
2,4866.5065,2433.25325,2602.2529
1,44.1779,44.1779,44.1779
1,5.514,5.514,5.514
1,90.0133,90.0133,90.0133
1,104.4004,104.4004,104.4004
1,66.2116,66.2116,66.2116
1,2682.9953,2682.9953,2682.9953
1,167.1534,167.1534,167.1534
1,35.6584,35.6584,35.6584
3,89.77029999999999,29.92343333333333,71.7919
2,167.3302,83.6651,112.0912
3,9031.1982,3010.3994,3756.989
1,1914.1473,1914.1473,1914.1473
2,6669.338100000001,3334.6690500000004,3953.9884
1,34.5644,34.5644,34.5644
2,2010.6451,1005.32255,1238.1415
1,34.2219,34.2219,34.2219
1,79.4937,79.4937,79.4937
2,3200.8752000000004,1600.4376000000002,2288.9187
2,179.31949999999998,89.65974999999999,176.789
4,61333.7327,15333.433175,21349.1017
1,87.2508,87.2508,87.2508
1,36.023,36.023,36.023
1,1895.0419,1895.0419,1895.0419
1,16.5529,16.5529,16.5529
1,612.1369,612.1369,612.1369
2,3534.2984,1767.1491999999998,2669.0944
2,4813.0596000000005,2406.5298000000003,3953.9884
1,620.4354,620.4354,620.4354
1,5.514,5.514,5.514
1,5.514,5.514,5.514
1,65.1729,65.1729,65.1729
1,104.9419,104.9419,104.9419
1,26.2769,26.2769,26.2769
2,4618.1597,2309.07985,2699.9018
1,40.432,40.432,40.432
1,44.1779,44.1779,44.1779
1,26.2769,26.2769,26.2769
1,2634.3974,2634.3974,2634.3974
3,7694.1952,2564.731733333333,2699.0067
2,102.7319,51.36595,69.5929
1,132.5779,132.5779,132.5779
1,2688.5092,2688.5092,2688.5092
1,26.4869,26.4869,26.4869
1,2674.4757,2674.4757,2674.4757
2,6602.6292,3301.3146,3953.9884
1,40.8408,40.8408,40.8408
1,5.514,5.514,5.514
1,77.339,77.339,77.339
1,606.6229,606.6229,606.6229
1,2570.1858,2570.1858,2570.1858
2,95.2621,47.63105,83.9469
1,85.0408,85.0408,85.0408
3,212.2043,70.73476666666666,94.4554
1,82.8529,82.8529,82.8529
2,1755.368,877.684,982.8644
1,1934.8329,1934.8329,1934.8329
1,635.3529,635.3529,635.3529
2,1516.0048,758.0024,865.204
2,65.7033,32.85165,37.5479
1,40.432,40.432,40.432
1,99.4169,99.4169,99.4169
1,33.139,33.139,33.139
2,2923.8944,1461.9472,2264.2536
1,88.3669,88.3669,88.3669
2,142.4788,71.2394,114.8648
1,888.9394,888.9394,888.9394
1,1297.8004,1297.8004,1297.8004
1,596.689,596.689,596.689
1,858.9607,858.9607,858.9607
1,2634.3974,2634.3974,2634.3974
1,2834.2366,2834.2366,2834.2366
2,6528.6163,3264.30815,3953.9884
1,2410.6266,2410.6266,2410.6266
1,44.1779,44.1779,44.1779
2,3153.204,1576.602,2264.2536
2,3753.5616,1876.7808,2264.2536
2,73.571,36.7855,40.432
1,6.9394,6.9394,6.9394
1,3953.9884,3953.9884,3953.9884
1,1918.2579,1918.2579,1918.2579
2,6506.505300000001,3253.2526500000004,3953.9884
1,77.339,77.339,77.339
2,3049.8249,1524.91245,2410.6266
1,85.0519,85.0519,85.0519
2,5261.7228000000005,2630.8614,3953.9884
1,44.1779,44.1779,44.1779
1,6.9394,6.9394,6.9394
2,140.2798,70.1399,70.6869
2,81.74789999999999,40.87395,43.0729
1,75.6815,75.6815,75.6815
1,89.4608,89.4608,89.4608
2,241.1774,120.5887,178.2255
2,2128.7273,1064.36365,1263.5233
2,5192.1299,2596.06495,3953.9884
2,3359.5426,1679.7713,2699.9018
1,6.9394,6.9394,6.9394
1,77.339,77.339,77.339
4,132424.06403399998,26111.29106147616,40003.72408799979
3,7614.256300000001,2538.0854333333336,2720.5432
2,2814.3909,1407.19545,1949.1869
1,622.0708,622.0708,622.0708
1,41.1834,41.1834,41.1834
1,85.0187,85.0187,85.0187
2,6719.6156,3359.8078,3953.9884
1,596.689,596.689,596.689
1,1293.3804,1293.3804,1293.3804
2,2382.2888000000003,1191.1444,1276.8054
1,32.034,32.034,32.034
1,75.6815,75.6815,75.6815
8,132424.06403399998,26111.29106147616,40003.72408799979
1,5.514,5.514,5.514
1,9.934,9.934,9.934
2,102.7319,51.36595,69.5929
1,2579.5783,2579.5783,2579.5783
1,41.1834,41.1834,41.1834
1,651.9058,651.9058,651.9058
1,79.5269,79.5269,79.5269
4,319.2346,79.80865,87.2729
2,4813.0596000000005,2406.5298000000003,3953.9884
2,6692.5541,3346.27705,3953.9884
3,283.4546,94.48486666666668,165.1533
2,6534.1413,3267.07065,3953.9884
1,2566.1194,2566.1194,2566.1194
1,1357.8572,1357.8572,1357.8572
2,72.8859,36.44295,62.9519
2,4349.8795,2174.93975,2410.6266
1,33.139,33.139,33.139
1,25.3377,25.3377,25.3377
2,3464.1198000000004,1732.0599000000002,2598.9158
1,706.0398,706.0398,706.0398
1,44.1779,44.1779,44.1779
2,57.4269,28.71345,33.139
2,4994.0029,2497.00145,2705.0842
2,6662.6749,3331.33745,3953.9884
1,38.6529,38.6529,38.6529
1,77.3169,77.3169,77.3169
1,622.9659,622.9659,622.9659
1,1318.7623,1318.7623,1318.7623
1,138.114,138.114,138.114
1,44.1779,44.1779,44.1779
2,86.1459,43.07295,76.2119
2,5120.4623,2560.23115,2709.8357
1,5.514,5.514,5.514
1,1276.8054,1276.8054,1276.8054
1,2596.6616,2596.6616,2596.6616
8,24931.8214,3116.477675,10901.1425
2,148.0258,74.0129,82.8529
1,46.7194,46.7194,46.7194
2,3484.0208999999995,1742.0104499999998,2618.8169
3,5693.7316,1897.9105333333332,2538.4944
3,7754.2708,2584.7569333333336,2755.8479
1,650.8008,650.8008,650.8008
2,3316.152,1658.076,2410.6266
1,41.1834,41.1834,41.1834
2,1728.9907,864.49535,1105.4834
1,5.514,5.514,5.514
1,79.0959,79.0959,79.0959
2,2783.4619,1391.73095,1918.2579
1,44.1779,44.1779,44.1779
2,3070.2674,1535.1337,2410.6266
2,52.9738,26.4869,44.189
2,6528.6163,3264.30815,3953.9884
1,666.8565,666.8565,666.8565
2,6528.6163,3264.30815,3953.9884
2,68.8084,34.4042,38.664
1,69.5929,69.5929,69.5929
3,133.9813,44.66043333333334,60.764
2,4634.7347,2317.36735,2699.9018
1,26.2769,26.2769,26.2769
1,44.1779,44.1779,44.1779
2,5453.9154,2726.9577,2754.0136
1,15.4479,15.4479,15.4479
3,7113.2498,2371.0832666666665,3729.364
1,44.1779,44.1779,44.1779
2,4207.176600000001,2103.5883000000003,2288.9187
1,2700.1228,2700.1228,2700.1228
1,3953.9884,3953.9884,3953.9884
4,115500.1941,26111.29106147616,31535.7696
1,663.5083,663.5083,663.5083
1,695.0119,695.0119,695.0119
2,3023.7413,1511.87065,1918.2579
1,8.0444,8.0444,8.0444
1,2618.8169,2618.8169,2618.8169
1,54.1119,54.1119,54.1119
1,622.9659,622.9659,622.9659
1,1911.6169,1911.6169,1911.6169
1,136.9758,136.9758,136.9758
2,52.2223,26.11115,44.1779
1,1276.8054,1276.8054,1276.8054
1,1918.2579,1918.2579,1918.2579
1,5.514,5.514,5.514
2,6528.6274,3264.3137,3953.9884
4,8159.4287,2039.857175,2710.6092
2,1395.4695000000002,697.7347500000001,772.5036
1,16.8292,16.8292,16.8292
1,650.8008,650.8008,650.8008
2,4961.98,2480.99,2673.0613
2,5068.671,2534.3355,2658.0444
2,1369.1926,684.5962999999999,772.5036
1,2673.0613,2673.0613,2673.0613
2,3668.8759,1834.43795,2288.9187
2,4607.1097,2303.55485,2699.9018
1,44.1779,44.1779,44.1779
1,142.5119,142.5119,142.5119
1,33.6804,33.6804,33.6804
2,33.128,16.564,27.614
2,6409.3647,3204.68235,3756.989
8,132424.06403399998,26111.29106147616,40003.72408799979
1,38.6529,38.6529,38.6529
1,54.1119,54.1119,54.1119
2,6613.7676,3306.8838,3953.9884
7,88435.34090000001,12633.62012857143,40003.72408799979
2,1715.4905,857.7452499999999,865.204
1,1253.5894,1253.5894,1253.5894
2,46.7195,23.35975,44.189
1,700.5258,700.5258,700.5258
3,138.6886,46.229533333333336,68.4658
2,34.8628,17.4314,26.8184
1,2563.589,2563.589,2563.589
2,34.2219,17.11095,24.2879
2,3666.785,1833.3925,2561.3016
1,5.514,5.514,5.514
2,4842.9388,2421.4694,3953.9884
1,1297.8004,1297.8004,1297.8004
2,3515.5134,1757.7567,2650.3094
1,772.5036,772.5036,772.5036
2,5493.7065,2746.85325,2793.8047
1,695.5423,695.5423,695.5423
3,4552.321,1517.4403333333332,2587.8769
1,165.6727,165.6727,165.6727
1,783.7323,783.7323,783.7323
1,40.8408,40.8408,40.8408
1,650.8008,650.8008,650.8008
1,86.1016,86.1016,86.1016
2,97.5163,48.75815,62.9519
1,15.4479,15.4479,15.4479
2,101.9363,50.96815,66.2779
1,645.2869,645.2869,645.2869
1,16.5529,16.5529,16.5529
1,1297.8004,1297.8004,1297.8004
1,77.3169,77.3169,77.3169
1,99.4169,99.4169,99.4169
4,132424.06403399998,26111.29106147616,40003.72408799979
3,107.8702,35.95673333333333,42.9624
1,1276.8054,1276.8054,1276.8054
3,7179.4172,2393.1390666666666,3953.9884
8,1658.0753,61.4101962962963,183.7394
2,59.6369,29.81845,44.189
1,44.1779,44.1779,44.1779
1,5.514,5.514,5.514
1,41.1834,41.1834,41.1834
1,612.1369,612.1369,612.1369
1,72.8748,72.8748,72.8748
2,5230.7938,2615.3969,3953.9884
1,44.1779,44.1779,44.1779
1,77.339,77.339,77.339
1,1962.4469,1962.4469,1962.4469
1,612.1369,612.1369,612.1369
2,4939.7806,2469.8903,2650.8619
1,14.2987,14.2987,14.2987
1,5.514,5.514,5.514
1,606.6229,606.6229,606.6229
1,5.514,5.514,5.514
1,672.9008,672.9008,672.9008
1,44.1779,44.1779,44.1779
1,624.3029,624.3029,624.3029
1,44.1779,44.1779,44.1779
1,27.614,27.614,27.614
1,8.0444,8.0444,8.0444
3,3973.5008,1324.500266666667,2264.2536
3,8936.4776,2978.8258666666666,3729.364
1,5.514,5.514,5.514
2,69.162,34.581,36.023
2,3436.6081000000004,1718.3040500000002,2410.6266
1,2580.1419,2580.1419,2580.1419
8,132424.06403399998,14822.421618181816,40003.72408799979
1,8.0444,8.0444,8.0444
8,132424.06403399998,26111.29106147616,40003.72408799979
1,23.7465,23.7465,23.7465
2,5833.5824,2916.7912,3953.9884
2,71.6925,35.84625,38.5535
1,5.514,5.514,5.514
1,75.6815,75.6815,75.6815
1,24.2879,24.2879,24.2879
2,1480.6117,740.30585,865.204
3,7520.249899999999,2506.7499666666663,4832.0331
1,85.0519,85.0519,85.0519
1,77.339,77.339,77.339
1,2682.9953,2682.9953,2682.9953
1,1949.1869,1949.1869,1949.1869
1,66.8194,66.8194,66.8194
1,77.339,77.339,77.339
2,6545.1692,3272.5846,3953.9884
1,27.614,27.614,27.614
1,624.8444,624.8444,624.8444
1,16.5529,16.5529,16.5529
1,5.514,5.514,5.514
2,4594.9437,2297.47185,2699.9018
3,8974.0698,2991.3566,3756.989
1,40.0784,40.0784,40.0784
1,136.9979,136.9979,136.9979
2,6653.8902,3326.9451,3953.9884
1,858.9607,858.9607,858.9607
1,26.4869,26.4869,26.4869
2,2097.3655,1048.68275,1324.8619
1,15.4479,15.4479,15.4479
4,130.5779,32.644475,52.9737
1,16.5529,16.5529,16.5529
2,6671.8685000000005,3335.93425,3953.9884
1,23.7465,23.7465,23.7465
1,620.4354,620.4354,620.4354
1,8.0444,8.0444,8.0444
1,1105.4834,1105.4834,1105.4834
2,6653.8902,3326.9451,3953.9884
1,87.2508,87.2508,87.2508
1,106.1574,106.1574,106.1574
1,75.6815,75.6815,75.6815
2,1384.6405,692.32025,772.5036
1,87.2729,87.2729,87.2729
2,5435.8266,2717.9133,2735.9248
2,127.3513,63.675650000000005,87.2729
1,2264.2536,2264.2536,2264.2536
1,622.0708,622.0708,622.0708
3,9064.8676,3021.622533333333,3729.364
1,26.8184,26.8184,26.8184
2,136.9648,68.4824,71.7919
1,13.1937,13.1937,13.1937
1,38.6529,38.6529,38.6529
2,6739.5056,3369.7528,3953.9884
1,43.0729,43.0729,43.0729
1,624.314,624.314,624.314
2,163.4848,81.7424,98.3119
3,7720.3588,2573.452933333333,3729.364
1,99.4169,99.4169,99.4169
1,2699.9018,2699.9018,2699.9018
1,1961.8944,1961.8944,1961.8944
1,92.7869,92.7869,92.7869
1,673.4423,673.4423,673.4423
1,71.7919,71.7919,71.7919
1,6.9394,6.9394,6.9394
1,40.0784,40.0784,40.0784
2,2097.1546,1048.5773,1105.4834
2,5392.1791,2696.08955,2699.9018
1,59.0844,59.0844,59.0844
3,6167.292,2055.764,2535.964
2,5110.5284,2555.2642,2699.9018
2,52.2223,26.11115,44.1779
1,132.5558,132.5558,132.5558
3,158.60070000000002,52.86690000000001,79.0959
2,4835.9216,2417.9608,2547.0029
4,119292.9236,26111.29106147616,33646.0809
1,2535.964,2535.964,2535.964
2,5251.2142,2625.6071,3953.9884
1,5.514,5.514,5.514
1,627.3748,627.3748,627.3748
1,28.1554,28.1554,28.1554
1,1918.2579,1918.2579,1918.2579
1,77.339,77.339,77.339
2,75.0958,37.5479,43.0729
1,216.127,216.127,216.127
2,3184.3223000000003,1592.16115,2288.9187
1,2688.5092,2688.5092,2688.5092
1,8.0444,8.0444,8.0444
1,1253.5894,1253.5894,1253.5894
1,23.7465,23.7465,23.7465
1,77.3169,77.3169,77.3169
4,132424.06403399998,26111.29106147616,40003.72408799979
1,75.0627,75.0627,75.0627
1,6.9394,6.9394,6.9394
1,66.8194,66.8194,66.8194
1,5.514,5.514,5.514
2,96.0798,48.0399,66.2779
1,1907.2079,1907.2079,1907.2079
1,8.0444,8.0444,8.0444
2,1477.3409,738.67045,865.204
8,722.9689,45.18555625,104.4004
3,7706.3391,2568.7797,2688.5092
2,4823.1483,2411.57415,3953.9884
1,66.8194,66.8194,66.8194
3,6221.3802,2073.7934,2574.639
1,81.7258,81.7258,81.7258
8,132424.06403399998,26111.29106147616,40003.72408799979
1,2673.0613,2673.0613,2673.0613
2,1387.1709,693.58545,772.5036
2,3308.4676,1654.2338,2535.964
1,86.1458,86.1458,86.1458
1,77.3169,77.3169,77.3169
2,4979.9699,2489.98495,3953.9884
1,2288.9187,2288.9187,2288.9187
1,65.1729,65.1729,65.1729
1,3953.9884,3953.9884,3953.9884
1,860.3751,860.3751,860.3751
3,6272.2559,2090.7519666666667,2602.264
2,4661.7962,2330.8981,2699.9018
2,1741.9773,870.98865,876.7733
1,40.0784,40.0784,40.0784
3,5645.1795,1881.7265,2535.964
3,1697.8382,565.9460666666666,1630.9361
1,8.0444,8.0444,8.0444
2,2070.304,1035.152,1297.8004
1,136.9979,136.9979,136.9979
1,43.0729,43.0729,43.0729
1,55.2169,55.2169,55.2169
2,178.9438,89.4719,140.2798
3,7475.8093,2491.9364333333333,2673.0613
2,4349.8795,2174.93975,2410.6266
3,7779.876899999999,2593.2923,2696.189
1,1238.1415,1238.1415,1238.1415
2,152.9873,76.49365,82.3004
1,35.6694,35.6694,35.6694
1,8.0444,8.0444,8.0444
2,4827.8426,2413.9213,2563.589
1,51.3494,51.3494,51.3494
1,5.514,5.514,5.514
1,3953.9884,3953.9884,3953.9884
2,2081.3319,1040.66595,1308.8283
1,1918.2579,1918.2579,1918.2579
1,26.4869,26.4869,26.4869
1,612.1369,612.1369,612.1369
1,1962.4469,1962.4469,1962.4469
1,40.0784,40.0784,40.0784
2,73.9798,36.9899,68.4658
2,80.9413,40.47065,78.4108
2,6669.338100000001,3334.6690500000004,3953.9884
3,2616.7064,872.2354666666666,891.1273
7,5959.037,851.291,2417.4793
1,2264.2536,2264.2536,2264.2536
1,835.7447,835.7447,835.7447
1,77.339,77.339,77.339
3,8028.5433,2676.1811,2754.0136
2,807.0358,403.5179,732.9386
3,5701.8885,1900.6295,3953.9884
1,24.2327,24.2327,24.2327
2,6728.997,3364.4985,3953.9884
1,36.023,36.023,36.023
3,7579.7029,2526.5676333333336,2694.0563
1,660.7348,660.7348,660.7348
1,104.4004,104.4004,104.4004
2,3040.3163000000004,1520.1581500000002,1934.8329
2,3018.3545,1509.17725,2410.6266
1,2571.2908,2571.2908,2571.2908
2,4618.1597,2309.07985,2699.9018
1,79.5269,79.5269,79.5269
1,2699.9018,2699.9018,2699.9018
1,858.9607,858.9607,858.9607
2,118.1577,59.07885,77.3169
1,207.7179,207.7179,207.7179
1,44.189,44.189,44.189
3,5277.7784,1759.2594666666666,3729.364
1,147.5065,147.5065,147.5065
1,38.6529,38.6529,38.6529
1,2715.3497,2715.3497,2715.3497
1,77.3169,77.3169,77.3169
1,65.1729,65.1729,65.1729
1,672.9008,672.9008,672.9008
2,3296.5825,1648.29125,2410.6266
1,26.4869,26.4869,26.4869
1,70.6869,70.6869,70.6869
2,3515.3678,1757.6839,2742.8642
1,44.1779,44.1779,44.1779
2,92.798,46.399,59.659
2,3061.4274,1530.7137,2410.6266
2,4812.9491,2406.47455,3953.9884
2,6653.8902,3326.9451,3953.9884
1,26.4869,26.4869,26.4869
2,3456.3848,1728.1924,2591.1808
3,7161.5272,2387.175733333333,3953.9884
1,41.1834,41.1834,41.1834
1,3953.9884,3953.9884,3953.9884
3,8957.472600000001,2985.8242000000005,3729.364
1,634.7783,634.7783,634.7783
2,74.54339999999999,37.2717,64.6094
2,1407.8565,703.9282499999999,772.5036
2,6696.8526,3348.4263,3953.9884
2,2815.4848,1407.7424,1950.2808
1,24.2879,24.2879,24.2879
1,5.514,5.514,5.514
2,2033.1088,1016.5544,1105.4834
2,4946.5906,2473.2953,2535.964
1,32.034,32.034,32.034
1,93.3394,93.3394,93.3394
1,79.5269,79.5269,79.5269
2,6648.0447,3324.02235,3953.9884
1,620.4354,620.4354,620.4354
2,5164.6402,2582.3201,2754.0136
1,98.3229,98.3229,98.3229
3,6721.9029,2240.6343,2699.9018
2,5057.068499999999,2528.53425,2646.4419
1,35.0617,35.0617,35.0617
1,1297.8004,1297.8004,1297.8004
2,3337.4316,1668.7158,2699.9018
1,15.4479,15.4479,15.4479
2,3884.4811,1942.24055,2778.9977
1,15.4479,15.4479,15.4479
2,43.736,21.868,41.2055
4,329.8316,82.4579,109.9144
1,2737.6707,2737.6707,2737.6707
1,1879.594,1879.594,1879.594
1,214.3479,214.3479,214.3479
2,4871.6021,2435.80105,2582.6834
3,7496.4618,2498.8206,2644.3313
1,606.6229,606.6229,606.6229
1,2699.9018,2699.9018,2699.9018
1,2710.6092,2710.6092,2710.6092
3,9246.9605,3082.320166666667,3953.9884
1,5.514,5.514,5.514
2,3384.6794,1692.3397,2612.1758
2,6572.8053,3286.40265,3953.9884
1,2634.3974,2634.3974,2634.3974
1,24.2879,24.2879,24.2879
3,5011.4817,1670.4939000000002,2563.589
1,2644.3313,2644.3313,2644.3313
2,5196.1438,2598.0719,2785.5172
1,77.3169,77.3169,77.3169
1,32.5754,32.5754,32.5754
2,3683.3214,1841.6607,2410.6266
1,44.1779,44.1779,44.1779
3,9101.8961,3033.965366666667,3756.989
1,650.8008,650.8008,650.8008
4,10758.4855,2689.621375,5704.3864
1,2574.6279,2574.6279,2574.6279
1,29.8019,29.8019,29.8019
1,15.4479,15.4479,15.4479
2,4908.5849,2454.29245,2644.3313
2,100.2788,50.1394,65.7254
2,3687.432,1843.716,2410.6266
2,77.6152,38.8076,46.7194
2,86.1459,43.07295,76.2119
2,3453.0809,1726.54045,2587.8769
2,116.2903,58.14515,76.2119
1,68.4658,68.4658,68.4658
1,87.2729,87.2729,87.2729
1,1276.8054,1276.8054,1276.8054
1,199.9829,199.9829,199.9829
1,79.5269,79.5269,79.5269
1,1238.1415,1238.1415,1238.1415
1,118.1908,118.1908,118.1908
1,626.8334,626.8334,626.8334
1,612.1369,612.1369,612.1369
2,83.4607,41.73035,47.4377
2,4917.6585,2458.82925,2628.7398
1,2710.6092,2710.6092,2710.6092
1,8.0444,8.0444,8.0444
2,3643.9778,1821.9889,2538.4944
1,35.6584,35.6584,35.6584
2,4946.5906,2473.2953,2535.964
2,118.1798,59.0899,69.5929
1,79.0959,79.0959,79.0959
1,1293.3804,1293.3804,1293.3804
2,5004.268400000001,2502.1342000000004,2715.3497
3,3270.506,1090.1686666666667,2677.9235
1,35.6584,35.6584,35.6584
2,1792.8294,896.4147,927.6254
1,3756.989,3756.989,3756.989
2,2918.7356,1459.3678,2288.9187
1,30.6859,30.6859,30.6859
1,146.9319,146.9319,146.9319
3,172.9878,57.6626,82.8529
2,2151.9434,1075.9717,1286.7394
2,90.8974,45.4487,55.239
2,4820.8278,2410.4139,3953.9884
8,8792.733,1099.091625,3275.2751
1,2640.9058,2640.9058,2640.9058
2,3332.7555,1666.37775,2560.2519
1,55.2169,55.2169,55.2169
2,74.67590000000001,37.337950000000006,38.6529
1,3953.9884,3953.9884,3953.9884
2,6598.3197,3299.15985,3953.9884
1,24.2879,24.2879,24.2879
1,182.6344,182.6344,182.6344
1,2694.0563,2694.0563,2694.0563
1,66.2779,66.2779,66.2779
2,6669.338100000001,3334.6690500000004,3953.9884
2,6520.1078,3260.0539,3953.9884
2,4662.3487000000005,2331.17435,2699.9018
2,6516.7707,3258.38535,3953.9884
4,238.0724,59.5181,77.3169
2,4842.9388,2421.4694,3953.9884
2,6692.5541,3346.27705,3953.9884
2,5399.8036,2699.9018,2699.9018
1,149.1198,149.1198,149.1198
1,830.2307,830.2307,830.2307
1,46.7194,46.7194,46.7194
2,3023.7413,1511.87065,1918.2579
2,176.789,88.3945,132.6
2,6373.695299999999,3186.84765,3729.364
1,132.5779,132.5779,132.5779
2,5120.4623,2560.23115,2709.8357
8,132424.06403399998,26111.29106147616,40003.72408799979
1,87.8144,87.8144,87.8144
2,131.9923,65.99615,98.3119
1,77.3169,77.3169,77.3169
1,8.0444,8.0444,8.0444
1,1950.2808,1950.2808,1950.2808
1,87.2729,87.2729,87.2729
1,5.514,5.514,5.514
1,2288.9187,2288.9187,2288.9187
1,168.2694,168.2694,168.2694
1,660.7348,660.7348,660.7348
1,11.039,11.039,11.039
1,76.2119,76.2119,76.2119
1,40.432,40.432,40.432
2,5110.5284,2555.2642,2699.9018
1,2563.589,2563.589,2563.589
1,2673.5033,2673.5033,2673.5033
1,8.0444,8.0444,8.0444
1,77.3169,77.3169,77.3169
1,30.1444,30.1444,30.1444
1,30.1444,30.1444,30.1444
1,146.9429,146.9429,146.9429
1,55.239,55.239,55.239
2,4830.373,2415.1865,2566.1194
1,82.2783,82.2783,82.2783
2,64.289,32.1445,55.5042
3,51.1063,17.035433333333334,33.1279
1,1934.8329,1934.8329,1934.8329
2,2746.0005,1373.00025,1973.4969
4,132424.06403399998,26111.29106147616,37918.4349
2,5119.313099999999,2559.65655,2708.6865
1,622.9659,622.9659,622.9659
2,125.3623,62.68115,82.8529
2,3117.7714,1558.8857,2410.6266
1,44.1779,44.1779,44.1779
2,4828.397,2414.1985,3953.9884
1,68.4658,68.4658,68.4658
3,258.3601,86.12003333333332,133.1194
1,1977.9169,1977.9169,1977.9169
3,109.6161,36.5387,60.764
1,937.5594,937.5594,937.5594
2,5192.1299,2596.06495,3953.9884
1,40.0784,40.0784,40.0784
2,5448.4015,2724.20075,2748.4997
1,44.1779,44.1779,44.1779
2,2163.0044,1081.5022,1297.8004
1,1238.1415,1238.1415,1238.1415
8,132424.06403399998,22273.106975,40003.72408799979
1,71.7919,71.7919,71.7919
3,5745.6902,1915.2300666666667,2626.5408
3,359.3572,119.78573333333333,227.9063
1,5.514,5.514,5.514
1,2000.5583,2000.5583,2000.5583
1,86.1458,86.1458,86.1458
2,3316.152,1658.076,2410.6266
2,4910.1209,2455.06045,2645.8673
1,104.3783,104.3783,104.3783
2,6694.3221,3347.16105,3953.9884
2,2985.0774,1492.5387,1879.594
2,132.5006,66.2503,69.5487
2,64.0569,32.02845,54.1229
1,222.4144,222.4144,222.4144
1,132.5558,132.5558,132.5558
1,2264.2536,2264.2536,2264.2536
1,1297.8004,1297.8004,1297.8004
1,2673.0613,2673.0613,2673.0613
1,46.3327,46.3327,46.3327
2,6602.6292,3301.3146,3953.9884
1,54.1119,54.1119,54.1119
3,377.2802,125.76006666666666,175.695
2,4349.8795,2174.93975,2410.6266
2,3138.2139,1569.10695,2410.6266
2,3445.3459000000003,1722.67295,2580.1419
1,5.514,5.514,5.514
1,5.514,5.514,5.514
1,2749.1185,2749.1185,2749.1185
1,43.0729,43.0729,43.0729
2,3976.7072,1988.3536,2699.9018
2,77.339,38.6695,38.675
1,43.6144,43.6144,43.6144
2,4855.0381,2427.51905,2566.1194
1,44.1779,44.1779,44.1779
1,2708.6865,2708.6865,2708.6865
2,172.6563,86.32815,132.5779
1,74.687,74.687,74.687
1,2561.3016,2561.3016,2561.3016
1,3756.989,3756.989,3756.989
1,11.039,11.039,11.039
1,76.2119,76.2119,76.2119
2,6552.904200000001,3276.4521000000004,3953.9884
1,636.1596,636.1596,636.1596
4,363.4236,90.8559,104.9419
3,278.8137,92.9379,168.623
2,3463.0148,1731.5074,2597.8108
1,136.9979,136.9979,136.9979
1,147.5065,147.5065,147.5065
1,26.2769,26.2769,26.2769
1,8.0444,8.0444,8.0444
2,121.5169,60.75845,82.8529
1,83.9469,83.9469,83.9469
1,109.3508,109.3508,109.3508
1,5.514,5.514,5.514
1,5.514,5.514,5.514
2,3432.4947,1716.24735,2602.264
2,4887.834500000001,2443.9172500000004,2598.9158
4,98273.5468,24568.3867,37625.4303
1,55.2169,55.2169,55.2169
1,15.4479,15.4479,15.4479
2,2033.1088,1016.5544,1105.4834
3,125.6496,41.8832,86.7204
1,2626.5408,2626.5408,2626.5408
2,5442.766,2721.383,2742.8642
2,5096.8264,2548.4132,2686.1998
2,3226.4781000000003,1613.23905,2288.9187
2,169.5734,84.7867,109.9144
2,2690.7615,1345.38075,1918.2579
2,2157.4573,1078.72865,1292.2533
1,77.3169,77.3169,77.3169
3,7213.639,2404.546333333333,3953.9884
1,54.1119,54.1119,54.1119
1,82.8529,82.8529,82.8529
1,15.4479,15.4479,15.4479
2,41.183400000000006,20.591700000000003,35.6694
1,76.2119,76.2119,76.2119
1,37.5479,37.5479,37.5479
1,76.2119,76.2119,76.2119
2,132.5448,66.2724,71.7919
1,623.7504,623.7504,623.7504
1,60.7529,60.7529,60.7529
1,104.9419,104.9419,104.9419
1,79.0959,79.0959,79.0959
1,37.5479,37.5479,37.5479
1,36.023,36.023,36.023
2,4634.7347,2317.36735,2699.9018
2,4604.7892,2302.3946,3953.9884
1,2586.7387,2586.7387,2586.7387
1,44.1779,44.1779,44.1779
2,4890.794400000001,2445.3972000000003,2626.5408
4,10959.3791,2739.844775,3756.989
3,1654.3501,551.4500333333333,938.3262
2,2343.6249,1171.81245,1238.1415
1,34.2219,34.2219,34.2219
2,4550.6774000000005,2275.3387,3953.9884
1,44.1779,44.1779,44.1779
1,27.614,27.614,27.614
1,606.6229,606.6229,606.6229
8,132424.06403399998,26111.29106147616,40003.72408799979
1,830.2307,830.2307,830.2307
1,219.884,219.884,219.884
1,85.0519,85.0519,85.0519
1,11.039,11.039,11.039
2,6520.1078,3260.0539,3953.9884
5,452.0777,90.41554,136.9648
1,26.2769,26.2769,26.2769
1,2673.0613,2673.0613,2673.0613
4,127379.7919,26111.29106147616,37497.4457
1,622.9659,622.9659,622.9659
1,596.689,596.689,596.689
2,2201.6684,1100.8342,1336.4644
3,7514.4969,2504.8323,2673.0613
1,934.0676,934.0676,934.0676
3,5680.506300000001,1893.5021000000004,2571.2908
1,885.9559,885.9559,885.9559
1,38.675,38.675,38.675
2,5110.5284,2555.2642,2699.9018
2,4355.946,2177.973,2410.6266
1,55.2169,55.2169,55.2169
1,5.514,5.514,5.514
2,3351.8076,1675.9038,2699.9018
4,193.0216,48.2554,98.8644
1,1879.594,1879.594,1879.594
2,176.7559,88.37795,138.0919
2,6716.9746,3358.4873,3953.9884
4,12049.8414,3012.46035,4791.7982
1,41.1834,41.1834,41.1834
1,16.5529,16.5529,16.5529
1,8.0444,8.0444,8.0444
1,26.4869,26.4869,26.4869
1,614.6673,614.6673,614.6673
1,1332.0444,1332.0444,1332.0444
2,2010.6451,1005.32255,1238.1415
1,77.339,77.339,77.339
1,16.5529,16.5529,16.5529
2,89.7703,44.88515,55.2169
1,1297.8004,1297.8004,1297.8004
1,24.2879,24.2879,24.2879
1,3953.9884,3953.9884,3953.9884
2,5110.5284,2555.2642,2699.9018
1,2743.7482,2743.7482,2743.7482
1,5.514,5.514,5.514
2,2983.5534,1491.7767,2264.2536
1,1945.3194,1945.3194,1945.3194
1,636.1596,636.1596,636.1596
1,650.8008,650.8008,650.8008
3,6260.0677,2086.689233333333,2574.6279
1,28.1554,28.1554,28.1554
1,26.2769,26.2769,26.2769
1,93.8808,93.8808,93.8808
1,865.204,865.204,865.204
2,181.1538,90.5769,104.9419
1,79.5269,79.5269,79.5269
1,137.009,137.009,137.009
2,4578.8328,2289.4164,3953.9884
1,1954.7008,1954.7008,1954.7008
1,155.2194,155.2194,155.2194
1,2755.3617,2755.3617,2755.3617
1,666.8565,666.8565,666.8565
1,29.8019,29.8019,29.8019
2,6517.5774,3258.7887,3953.9884
1,2609.9548,2609.9548,2609.9548
2,4820.8278,2410.4139,3953.9884
2,5438.467500000001,2719.2337500000003,2738.5657
1,2634.3974,2634.3974,2634.3974
2,1726.4603000000002,863.2301500000001,1105.4834
1,690.5698,690.5698,690.5698
1,1382.4876,1382.4876,1382.4876
1,77.339,77.339,77.339
1,3953.9884,3953.9884,3953.9884
1,120.3898,120.3898,120.3898
4,132424.06403399998,26111.29106147616,40003.72408799979
2,3439.8319,1719.91595,2574.6279
1,43.0729,43.0729,43.0729
2,3111.1524,1555.5762,2410.6266
1,8.0444,8.0444,8.0444
2,3359.5426,1679.7713,2699.9018
1,33.139,33.139,33.139
2,267.14480000000003,133.57240000000002,201.9719
1,2538.4944,2538.4944,2538.4944
1,36.023,36.023,36.023
1,113.7708,113.7708,113.7708
2,89.7923,44.89615,46.7194
2,4811.2565,2405.62825,2547.0029
1,44.1779,44.1779,44.1779
4,12066.9183,3016.729575,4594.0664
1,3953.9884,3953.9884,3953.9884
1,87.2729,87.2729,87.2729
1,33.6804,33.6804,33.6804
2,3466.7387,1733.36935,2646.4419
1,6.9394,6.9394,6.9394
1,8.0444,8.0444,8.0444
1,2580.1419,2580.1419,2580.1419
2,6735.0635,3367.53175,3953.9884
2,73.2174,36.6087,38.664
2,6544.064200000001,3272.0321000000004,3953.9884
2,254.1942,127.0971,135.8708
1,16.5529,16.5529,16.5529
1,889.8897,889.8897,889.8897
3,7410.759900000001,2470.2533000000003,3953.9884
1,44.1779,44.1779,44.1779
1,5.514,5.514,5.514
2,4949.121,2474.5605,2538.4944
1,1939.2529,1939.2529,1939.2529
2,5119.313099999999,2559.65655,2708.6865
1,38.664,38.664,38.664
1,2668.5419,2668.5419,2668.5419
2,4320.365,2160.1825,2410.6266
2,6692.5541,3346.27705,3953.9884
1,11.039,11.039,11.039
2,101.9584,50.9792,55.239
1,2574.6279,2574.6279,2574.6279
1,55.2169,55.2169,55.2169
1,5.514,5.514,5.514
1,2562.4508,2562.4508,2562.4508
1,101.6158,101.6158,101.6158
3,7497.5668,2499.1889333333334,2634.3974
2,2452.4563,1226.22815,1346.9729
1,27.614,27.614,27.614
2,53.5373,26.76865,28.1554
1,1961.8944,1961.8944,1961.8944
1,38.664,38.664,38.664
3,7658.3048,2552.7682666666665,2634.3974
2,3335.2547,1667.62735,2699.9018
1,27.614,27.614,27.614
1,5.514,5.514,5.514
1,660.7348,660.7348,660.7348
1,677.3098,677.3098,677.3098
1,2795.5727,2795.5727,2795.5727
2,3530.3976999999995,1765.1988499999998,2665.1937
1,70.6869,70.6869,70.6869
2,180.0598,90.0299,102.7208
1,35.6694,35.6694,35.6694
1,44.1779,44.1779,44.1779
2,128.1359,64.06795,68.4769
2,65.4713,32.73565,41.1834
1,2644.3313,2644.3313,2644.3313
2,4941.272800000001,2470.6364000000003,3953.9884
1,596.689,596.689,596.689
5,265.2112,53.04224000000001,95.6709
1,32.5754,32.5754,32.5754
7,16240.964,2320.137714285714,4880.8225
5,14546.9273,2909.38546,3953.9884
1,622.9659,622.9659,622.9659
1,33.139,33.139,33.139
2,3425.4559,1712.72795,2560.2519
1,48.5869,48.5869,48.5869
1,32.5754,32.5754,32.5754
1,62.9519,62.9519,62.9519
1,87.2729,87.2729,87.2729
2,6594.894200000001,3297.4471000000003,3953.9884
1,3953.9884,3953.9884,3953.9884
8,12543.4908,1567.93635,6840.4298
1,1444.5776,1444.5776,1444.5776
2,3997.7022,1998.8511,2699.9018
1,132.5779,132.5779,132.5779
3,7585.2279,2528.4093,2694.0563
2,100.4998,50.2499,76.2119
1,164.0594,164.0594,164.0594
2,1862.4223,931.21115,997.2183
3,8007.7915,2669.2638333333334,2699.9018
2,142.4787,71.23935,99.4058
1,24.2879,24.2879,24.2879
3,7947.591,2649.197,2699.9018
2,2891.6284,1445.8142,2264.2536
1,639.1983,639.1983,639.1983
1,1297.8004,1297.8004,1297.8004
1,136.9979,136.9979,136.9979
1,65.1729,65.1729,65.1729
2,6653.8902,3326.9451,3953.9884
2,1486.1808999999998,743.0904499999999,865.204
1,159.6173,159.6173,159.6173
1,30.1444,30.1444,30.1444
1,128.0916,128.0916,128.0916
1,2264.2536,2264.2536,2264.2536
2,83.39439999999999,41.6972,55.239
1,77.339,77.339,77.339
1,3729.364,3729.364,3729.364
2,6578.3413,3289.17065,3953.9884
1,2598.9158,2598.9158,2598.9158
3,7706.0601,2568.6867,3756.989
1,82.3004,82.3004,82.3004
1,134.7327,134.7327,134.7327
1,596.689,596.689,596.689
2,3332.7555,1666.37775,2560.2519
1,11.039,11.039,11.039
1,35.6694,35.6694,35.6694
1,2535.964,2535.964,2535.964
1,138.0587,138.0587,138.0587
2,3316.152,1658.076,2410.6266
1,8.0444,8.0444,8.0444
1,15.4479,15.4479,15.4479
1,50.7748,50.7748,50.7748
1,891.4698,891.4698,891.4698
1,99.4169,99.4169,99.4169
2,92.7648,46.3824,55.2169
2,2905.1205,1452.56025,2264.2536
2,149.4513,74.72565,142.5119
1,76.2119,76.2119,76.2119
2,6692.5541,3346.27705,3953.9884
1,77.339,77.339,77.339
2,1622.7901000000002,811.3950500000001,850.2865
1,663.5083,663.5083,663.5083
1,666.8565,666.8565,666.8565
2,41.17229999999999,20.58615,33.1279
3,9023.3859,3007.7953,3729.364
2,4958.3099,2479.15495,2694.0563
3,7969.3264,2656.442133333333,3953.9884
1,98.3119,98.3119,98.3119
1,1336.4644,1336.4644,1336.4644
2,1752.9471,876.47355,1105.4834
1,639.1983,639.1983,639.1983
1,3953.9884,3953.9884,3953.9884
3,6227.6787,2075.8929000000003,2621.0158
1,39.4706,39.4706,39.4706
1,37.5479,37.5479,37.5479
2,6590.4632,3295.2316,3953.9884
8,132424.06403399998,26111.29106147616,40003.72408799979
4,132424.06403399998,26111.29106147616,40003.72408799979
1,82.8529,82.8529,82.8529
2,2961.8195,1480.90975,2288.9187
1,704.9458,704.9458,704.9458
1,138.0919,138.0919,138.0919
1,41.1834,41.1834,41.1834
1,5.514,5.514,5.514
1,171.2529,171.2529,171.2529
2,3814.1699,1907.08495,2708.6865
1,44.1779,44.1779,44.1779
1,44.1779,44.1779,44.1779
2,6738.9310000000005,3369.4655,3953.9884
1,91.6819,91.6819,91.6819
1,62.9519,62.9519,62.9519
1,103.8369,103.8369,103.8369
1,2653.6023,2653.6023,2653.6023
1,76.2119,76.2119,76.2119
1,1308.8283,1308.8283,1308.8283
3,116.2351,38.74503333333333,55.5042
1,76.2119,76.2119,76.2119
1,1909.7384,1909.7384,1909.7384
1,76.2119,76.2119,76.2119
4,10444.3634,2611.09085,2748.4997
1,2547.0029,2547.0029,2547.0029
1,66.8194,66.8194,66.8194
1,24.2879,24.2879,24.2879
2,1461.893,730.9465,865.204
1,2630.4194,2630.4194,2630.4194
1,596.689,596.689,596.689
1,3953.9884,3953.9884,3953.9884
1,5.514,5.514,5.514
2,5335.0616,2667.5308,3953.9884
1,52.9958,52.9958,52.9958
2,3084.5504,1542.2752,2264.2536
1,662.4144,662.4144,662.4144
2,4649.0887,2324.54435,2699.9018
1,620.4354,620.4354,620.4354
1,620.9216,620.9216,620.9216
1,132.5779,132.5779,132.5779
2,225.3317,112.66585,155.1973
1,9.934,9.934,9.934
1,43.0729,43.0729,43.0729
1,3756.989,3756.989,3756.989
1,650.8008,650.8008,650.8008
1,34.5534,34.5534,34.5534
2,3561.393,1780.6965,2696.189
1,74.5765,74.5765,74.5765
1,596.689,596.689,596.689
2,49.6919,24.84595,44.1779
2,4922.298000000001,2461.1490000000003,2658.0444
1,59.659,59.659,59.659
1,15.4479,15.4479,15.4479
1,14.2987,14.2987,14.2987
2,6728.997,3364.4985,3953.9884
1,110.3895,110.3895,110.3895
2,4838.8815,2419.44075,2574.6279
1,606.6229,606.6229,606.6229
1,5.514,5.514,5.514
1,36.023,36.023,36.023
2,6430.0503,3215.02515,3756.989
1,1944.7669,1944.7669,1944.7669
1,596.689,596.689,596.689
1,16.5529,16.5529,16.5529
2,78.7534,39.3767,40.0784
2,3511.6238000000003,1755.8119000000002,2646.4198
1,36.023,36.023,36.023
2,41.4928,20.7464,34.5534
1,596.689,596.689,596.689
3,5726.9163,1908.9721,2580.1529
1,32.5754,32.5754,32.5754
2,4328.8845,2164.44225,2410.6266
1,615.4077,615.4077,615.4077
2,4907.7245,2453.86225,2618.8058
2,3451.777,1725.8885,2699.9018
1,5.514,5.514,5.514
1,54.1119,54.1119,54.1119
1,104.4004,104.4004,104.4004
1,77.3169,77.3169,77.3169
1,132.5558,132.5558,132.5558
3,152.3464,50.78213333333333,86.1458
1,733.1012,733.1012,733.1012
3,132.4454,44.14846666666667,82.8529
1,86.1458,86.1458,86.1458
2,127.3513,63.675650000000005,87.2729
2,6550.7163,3275.35815,3953.9884
1,2602.264,2602.264,2602.264
1,44.1779,44.1779,44.1779
1,27.614,27.614,27.614
4,36756.0713,9189.017825,12522.4584
1,2649.8453,2649.8453,2649.8453
1,38.5535,38.5535,38.5535
1,680.0833,680.0833,680.0833
1,77.339,77.339,77.339
1,142.5119,142.5119,142.5119
1,659.9723,659.9723,659.9723
1,75.6815,75.6815,75.6815
1,38.6529,38.6529,38.6529
1,30.1444,30.1444,30.1444
2,5274.5297,2637.26485,2699.9018
1,54.6754,54.6754,54.6754
1,32.5754,32.5754,32.5754
1,44.1779,44.1779,44.1779
2,149.7828,74.8914,79.0959
1,32.0229,32.0229,32.0229
2,2092.7678,1046.3839,1105.4834
1,8.0444,8.0444,8.0444
1,134.3349,134.3349,134.3349
2,3690.9869,1845.49345,2288.9187
1,38.6529,38.6529,38.6529
2,4844.972,2422.486,3953.9884
2,2413.2178000000004,1206.6089000000002,1307.7344
1,135.8598,135.8598,135.8598
1,51.7472,51.7472,51.7472
2,140.2798,70.1399,98.3229
2,4909.9345,2454.96725,2621.0158
2,5357.0732,2678.5366,2688.5092
2,6556.2524,3278.1262,3953.9884
1,16.5529,16.5529,16.5529
1,24.2879,24.2879,24.2879
1,44.1779,44.1779,44.1779
1,663.5083,663.5083,663.5083
2,82.8198,41.4099,72.8858
1,640.8669,640.8669,640.8669
1,44.1779,44.1779,44.1779
2,90.0134,45.0067,62.9519
1,1352.3432,1352.3432,1352.3432
1,8.0444,8.0444,8.0444
1,1308.8283,1308.8283,1308.8283
1,44.1779,44.1779,44.1779
1,671.7958,671.7958,671.7958
1,2624.3529,2624.3529,2624.3529
8,3425.9024,428.2378,762.8899
2,5016.1034,2508.0517,3729.364
1,8.0444,8.0444,8.0444
2,3044.7363,1522.36815,1939.2529
3,7924.596,2641.532,3953.9884
1,14.2987,14.2987,14.2987
2,6662.6749,3331.33745,3953.9884
2,4774.2852,2387.1426,3953.9884
1,2696.1779,2696.1779,2696.1779
1,93.8808,93.8808,93.8808
2,6536.6607,3268.33035,3953.9884
1,106.1574,106.1574,106.1574
2,6692.5541,3346.27705,3953.9884
1,44.1779,44.1779,44.1779
2,5135.9102,2567.9551,2725.2836
1,71.2394,71.2394,71.2394
2,6578.3413,3289.17065,3953.9884
2,2049.309,1024.6545,1276.8054
1,79.5269,79.5269,79.5269
2,3040.3163000000004,1520.1581500000002,1934.8329
3,7695.682199999999,2565.2274,2758.3673
1,2560.2519,2560.2519,2560.2519
1,679.5308,679.5308,679.5308
2,5119.313099999999,2559.65655,2708.6865
1,79.5269,79.5269,79.5269
1,87.2729,87.2729,87.2729
1,76.2119,76.2119,76.2119
1,15.4479,15.4479,15.4479
8,132424.06403399998,26111.29106147616,40003.72408799979
2,6669.338100000001,3334.6690500000004,3953.9884
2,4811.8331,2405.91655,3953.9884
1,77.339,77.339,77.339
3,5725.7781,1908.5927,2562.4508
1,1276.8054,1276.8054,1276.8054
1,3953.9884,3953.9884,3953.9884
1,87.2508,87.2508,87.2508
2,42.5094,21.2547,32.5754
2,93.0963,46.54815,66.2779
2,6653.8902,3326.9451,3953.9884
2,68.8084,34.4042,38.664
2,1765.3019,882.65095,992.7983
1,65.1398,65.1398,65.1398
1,44.1779,44.1779,44.1779
1,203.8504,203.8504,203.8504
1,868.8947,868.8947,868.8947
1,44.1779,44.1779,44.1779
3,7855.3042,2618.434733333333,2832.5018
1,26.2769,26.2769,26.2769
1,32.034,32.034,32.034
1,6.9394,6.9394,6.9394
1,2740.3337,2740.3337,2740.3337
1,23.7465,23.7465,23.7465
4,31727.7716,7931.9429,14739.9662
1,26.2769,26.2769,26.2769
1,2635.3919,2635.3919,2635.3919
3,7943.149,2647.7163333333333,2699.9018
2,3442.0088,1721.0043999999998,2576.8048
1,38.6529,38.6529,38.6529
2,55.5042,27.7521,46.7194
3,5688.8822,1896.2940666666664,2646.4419
1,67.4934,67.4934,67.4934
1,1263.5233,1263.5233,1263.5233
2,3548.6523,1774.32615,2683.4483
2,3044.7363,1522.36815,1939.2529
2,6584.407800000001,3292.2039000000004,3953.9884
1,44.1779,44.1779,44.1779
1,77.339,77.339,77.339
1,44.1779,44.1779,44.1779
1,71.2394,71.2394,71.2394
2,43.736,21.868,41.2055
1,2699.0067,2699.0067,2699.0067
1,132.5558,132.5558,132.5558
1,79.0959,79.0959,79.0959
2,3426.1059,1713.05295,2653.6023
1,2264.2536,2264.2536,2264.2536
1,79.0959,79.0959,79.0959
6,4222.0066,703.6677666666666,1567.3852
1,2673.0613,2673.0613,2673.0613
1,927.6254,927.6254,927.6254
3,7590.921899999999,2530.3073,2644.3313
2,4806.319100000001,2403.1595500000003,3953.9884
1,1352.3432,1352.3432,1352.3432
1,27.614,27.614,27.614
1,42.9624,42.9624,42.9624
2,1387.9113,693.95565,772.5036
2,6594.916300000001,3297.4581500000004,3953.9884
1,3953.9884,3953.9884,3953.9884
2,6556.2413,3278.12065,3953.9884
1,161.3963,161.3963,161.3963
1,654.4584,654.4584,654.4584
8,132424.06403399998,20970.329791666667,30039.2907
2,5110.5284,2555.2642,2699.9018
1,83.4054,83.4054,83.4054
1,44.189,44.189,44.189
1,1253.5894,1253.5894,1253.5894
1,42.9624,42.9624,42.9624
3,8915.1733,2971.7244333333333,3729.364
2,1399.8784,699.9392,772.5036
1,596.689,596.689,596.689
3,8980.8986,2993.632866666667,3729.364
1,8.0444,8.0444,8.0444
5,444.7958,88.95916,168.623
3,5787.6803,1929.226766666667,2663.0169
1,5.514,5.514,5.514
2,149.4071,74.70355,93.9029
1,23.7465,23.7465,23.7465
1,1276.8054,1276.8054,1276.8054
1,44.1779,44.1779,44.1779
1,42.9624,42.9624,42.9624
1,677.8623,677.8623,677.8623
1,5.514,5.514,5.514
1,5.514,5.514,5.514
1,1402.0682,1402.0682,1402.0682
1,651.9279,651.9279,651.9279
1,44.1779,44.1779,44.1779
2,159.0537,79.52685,99.4058
2,1500.5569,750.27845,865.204
2,4859.513800000001,2429.7569000000003,3953.9884
1,5.514,5.514,5.514
1,5.514,5.514,5.514
2,6544.3957,3272.19785,3953.9884
1,667.3758,667.3758,667.3758
4,223.4311,55.857775,82.8529
2,4933.25,2466.625,2644.3313
1,1297.8004,1297.8004,1297.8004
2,104.6546,52.3273,65.7254
2,1727.1905000000002,863.5952500000001,954.6869
2,61.305400000000006,30.652700000000003,49.9902
1,33.139,33.139,33.139
8,132424.06403399998,26111.29106147616,40003.72408799979
2,3296.5908,1648.2954,2699.9018
3,105.8812,35.293733333333336,50.7748
2,5872.246300000001,2936.1231500000004,3953.9884
1,596.689,596.689,596.689
2,2804.4569,1402.22845,1939.2529
1,1918.2579,1918.2579,1918.2579
1,645.2869,645.2869,645.2869
2,4784.2191,2392.10955,3953.9884
1,44.1779,44.1779,44.1779
1,5.514,5.514,5.514
3,7521.1269,2507.0423,2644.3313
1,136.9758,136.9758,136.9758
1,658.5358,658.5358,658.5358
1,87.2619,87.2619,87.2619
1,1397.6482,1397.6482,1397.6482
1,8.0444,8.0444,8.0444
2,4975.868399999999,2487.9342,2711.6148
1,30.1444,30.1444,30.1444
2,107.1298,53.5649,62.9519
1,2649.8453,2649.8453,2649.8453
2,6517.5774,3258.7887,3953.9884
2,279.543,139.7715,219.884
2,6678.8411,3339.42055,3953.9884
1,1374.0012,1374.0012,1374.0012
1,650.8008,650.8008,650.8008
1,110.0249,110.0249,110.0249
4,320.1187,80.029675,125.3844
1,140.6444,140.6444,140.6444
1,927.6254,927.6254,927.6254
3,7436.1749,2478.7249666666667,3953.9884
2,2800.0369,1400.01845,1934.8329
1,1307.7344,1307.7344,1307.7344
1,606.6229,606.6229,606.6229
1,62.9519,62.9519,62.9519
1,27.614,27.614,27.614
8,48061.4725,6007.6840625,10843.6024
1,1402.0682,1402.0682,1402.0682
1,2288.9187,2288.9187,2288.9187
1,33.139,33.139,33.139
2,124.5998,62.2999,94.4554
1,5.514,5.514,5.514
1,132.5779,132.5779,132.5779
2,2163.0044,1081.5022,1297.8004
2,4349.8795,2174.93975,2410.6266
4,8678.106600000001,2169.52665,3953.9884
1,15.4479,15.4479,15.4479
1,36.023,36.023,36.023
2,4800.2176,2400.1088,2535.964
3,328.0856,109.36186666666669,132.5779
1,99.4169,99.4169,99.4169
3,5749.0163,1916.3387666666667,2580.1419
1,33.139,33.139,33.139
8,132424.06403399998,26111.29106147616,40003.72408799979
1,1276.8054,1276.8054,1276.8054
1,2673.0613,2673.0613,2673.0613
2,2103.3455,1051.67275,1238.1415
1,14.2987,14.2987,14.2987
2,5176.2538,2588.1269,2765.6272
1,85.0519,85.0519,85.0519
1,1918.2579,1918.2579,1918.2579
1,15.4479,15.4479,15.4479
2,6524.1742,3262.0871,3953.9884
1,33.139,33.139,33.139
2,4566.1253,2283.06265,3953.9884
1,24.2879,24.2879,24.2879
2,4290.220600000001,2145.1103000000003,2410.6266
2,6430.0503,3215.02515,3756.989
1,2588.9377,2588.9377,2588.9377
1,666.8565,666.8565,666.8565
1,682.3044,682.3044,682.3044
1,104.4004,104.4004,104.4004
1,161.3963,161.3963,161.3963
1,38.5535,38.5535,38.5535
1,1918.2579,1918.2579,1918.2579
1,86.1458,86.1458,86.1458
1,19.0834,19.0834,19.0834
1,2754.0136,2754.0136,2754.0136
8,13525.1368,1690.6421,4600.4396
3,184.8224,61.607466666666674,132.5779
1,43.0729,43.0729,43.0729
2,6790.3024000000005,3395.1512,3953.9884
1,8.0444,8.0444,8.0444
3,8991.3961,2997.1320333333333,3756.989
1,55.2169,55.2169,55.2169
3,7143.858200000001,2381.286066666667,3953.9884
1,1918.2579,1918.2579,1918.2579
2,5872.246300000001,2936.1231500000004,3953.9884
1,32.5754,32.5754,32.5754
2,5150.960300000001,2575.4801500000003,2740.3337
1,2728.3003,2728.3003,2728.3003
1,2288.9187,2288.9187,2288.9187
3,7414.097100000001,2471.3657000000003,3953.9884
1,27.614,27.614,27.614
8,132424.06403399998,26111.29106147616,40003.72408799979
2,5362.123100000001,2681.0615500000004,3953.9884
2,1516.0048,758.0024,865.204
2,4974.2156,2487.1078,2563.589
1,24.2879,24.2879,24.2879
1,2659.7792,2659.7792,2659.7792
2,1770.7294,885.3647,905.5254
2,122.0584,61.0292,66.8194
1,32.034,32.034,32.034
1,635.3529,635.3529,635.3529
1,1276.8054,1276.8054,1276.8054
1,26.2769,26.2769,26.2769
3,6334.3766,2111.4588666666664,2644.3313
2,3725.230900000001,1862.61545,2288.9187
1,2778.9977,2778.9977,2778.9977
2,5099.419900000001,2549.7099500000004,2810.5012
1,99.4169,99.4169,99.4169
2,6539.6553,3269.82765,3953.9884
2,211.3534,105.6767,183.7394
2,5425.1854,2712.5927,2725.2836
2,6489.9524,3244.9762,3953.9884
2,6692.5541,3346.27705,3953.9884
3,5508.8445,1836.2815,2613.3029
2,1756.6157,878.30785,1105.4834
8,885.9564,52.11508235294118,168.2584
1,2647.5358,2647.5358,2647.5358
1,606.6229,606.6229,606.6229
3,7970.2104,2656.7368,2699.9018
2,54.1008,27.0504,37.5479
1,35.6584,35.6584,35.6584
1,2598.9158,2598.9158,2598.9158
1,34.5534,34.5534,34.5534
1,5.514,5.514,5.514
2,5109.3322,2554.6661,3756.989
2,82.2673,41.13365,54.1119
1,8.0444,8.0444,8.0444
1,136.9979,136.9979,136.9979
1,1954.7008,1954.7008,1954.7008
2,5412.6437000000005,2706.3218500000003,2712.7419
1,865.204,865.204,865.204
8,132424.06403399998,21598.2328125,31426.6915
1,622.9659,622.9659,622.9659
2,2070.304,1035.152,1297.8004
1,77.3169,77.3169,77.3169
1,32.034,32.034,32.034
2,192.2038,96.1019,136.9648
2,1407.8565,703.9282499999999,772.5036
1,59.659,59.659,59.659
1,166.7998,166.7998,166.7998
2,4880.0995,2440.04975,2591.1808
2,3034.9406,1517.4703,2410.6266
1,682.3044,682.3044,682.3044
1,29.8019,29.8019,29.8019
1,1934.8329,1934.8329,1934.8329
1,1276.8054,1276.8054,1276.8054
1,89.4608,89.4608,89.4608
1,1889.5279,1889.5279,1889.5279
1,35.6584,35.6584,35.6584
2,3019.6307,1509.81535,1914.1473
2,4842.9388,2421.4694,3953.9884
2,4364.7169,2182.35845,3756.989
1,62.9519,62.9519,62.9519
1,37.5479,37.5479,37.5479
1,16.5529,16.5529,16.5529
1,612.1369,612.1369,612.1369
3,9305.5145,3101.838166666667,3953.9884
2,187.2202,93.6101,122.6108
2,87.2509,43.62545,77.3169
2,4328.8845,2164.44225,2410.6266
1,34.5534,34.5534,34.5534
5,14556.3751,2911.27502,3953.9884
2,171.27499999999998,85.63749999999999,132.6
1,54.6754,54.6754,54.6754
8,28309.9672,3538.7459,8727.1055
1,612.1369,612.1369,612.1369
1,131.4508,131.4508,131.4508
1,830.2307,830.2307,830.2307
1,5.514,5.514,5.514
1,5.514,5.514,5.514
1,71.7919,71.7919,71.7919
1,76.2119,76.2119,76.2119
8,107313.0962,8942.758016666667,27677.4245
2,6745.1521,3372.57605,3953.9884
1,75.0627,75.0627,75.0627
1,26.2769,26.2769,26.2769
1,639.1983,639.1983,639.1983
2,3472.4054,1736.2027,2699.9018
1,1297.8004,1297.8004,1297.8004
1,104.3783,104.3783,104.3783
1,50.7748,50.7748,50.7748
1,183.7394,183.7394,183.7394
3,6322.7087,2107.5695666666666,2650.3204
1,44.1779,44.1779,44.1779
1,1918.2579,1918.2579,1918.2579
1,25.3377,25.3377,25.3377
1,2552.5169,2552.5169,2552.5169
8,132424.06403399998,26111.29106147616,40003.72408799979
1,44.1779,44.1779,44.1779
1,138.114,138.114,138.114
2,6506.505300000001,3253.2526500000004,3953.9884
2,4866.5065,2433.25325,2602.2529
1,635.3529,635.3529,635.3529
2,3706.5982,1853.2991,2601.1148
1,1879.594,1879.594,1879.594
2,110.7984,55.3992,69.5929
1,156.8879,156.8879,156.8879
1,2918.5592,2918.5592,2918.5592
1,672.9008,672.9008,672.9008
1,2618.8169,2618.8169,2618.8169
1,98.3119,98.3119,98.3119
3,9075.3651,3025.1217,3729.364
2,6679.272000000001,3339.6360000000004,3953.9884
1,858.9607,858.9607,858.9607
1,44.1779,44.1779,44.1779
2,6669.338100000001,3334.6690500000004,3953.9884
1,42.9624,42.9624,42.9624
2,3439.843,1719.9215,2574.639
2,3373.9187,1686.95935,2699.9018
1,2580.1419,2580.1419,2580.1419
2,136.9759,68.48795,77.3169
1,106.5883,106.5883,106.5883
1,1276.8054,1276.8054,1276.8054
4,10928.7485,2732.187125,3756.989
1,680.0944,680.0944,680.0944
2,360.0422,180.0211,215.7734
2,4977.427900000001,2488.7139500000003,2688.5092
1,622.0708,622.0708,622.0708
1,1238.1415,1238.1415,1238.1415
4,10917.3559,2729.338975,3729.364
2,3128.8435,1564.42175,2410.6266
1,33.1279,33.1279,33.1279
1,132.5779,132.5779,132.5779
1,168.623,168.623,168.623
1,85.0519,85.0519,85.0519
2,103.848,51.924,59.659
1,2614.3637,2614.3637,2614.3637
2,234.2269,117.11345,156.8879
1,42.9624,42.9624,42.9624
1,26.4869,26.4869,26.4869
1,35.6694,35.6694,35.6694
1,75.0627,75.0627,75.0627
1,650.8008,650.8008,650.8008
2,3105.6385,1552.81925,2410.6266
2,6506.505300000001,3253.2526500000004,3953.9884
2,856.8631,428.43155,831.4763
3,81.7259,27.241966666666663,44.1779
2,5368.4658,2684.2329,2699.9018
1,8.0444,8.0444,8.0444
1,14.2987,14.2987,14.2987
1,44.1779,44.1779,44.1779
1,134.3349,134.3349,134.3349
1,2569.0366,2569.0366,2569.0366
2,3371.6976,1685.8488,2699.9018
2,177.4078,88.7039,100.0909
2,4992.909,2496.4545,2703.9903
1,1879.594,1879.594,1879.594
2,3758.5332,1879.2666,2653.0498
2,5442.3129,2721.15645,2742.4111
1,620.4354,620.4354,620.4354
1,2535.964,2535.964,2535.964
1,2288.9187,2288.9187,2288.9187
1,35.6694,35.6694,35.6694
1,858.9607,858.9607,858.9607
1,2738.4552,2738.4552,2738.4552
1,75.1069,75.1069,75.1069
2,125.92589999999998,62.96294999999999,70.6869
2,229.7958,114.8979,146.9429
1,62.9519,62.9519,62.9519
2,3073.6045,1536.80225,2410.6266
1,82.8529,82.8529,82.8529
1,690.5919,690.5919,690.5919
2,2836.4798,1418.2399,1971.2758
8,132424.06403399998,20767.0603875,40003.72408799979
1,26.4869,26.4869,26.4869
2,6575.0042,3287.5021,3953.9884
1,77.3169,77.3169,77.3169
1,226.0609,226.0609,226.0609
2,6650.1774000000005,3325.0887,3953.9884
1,82.2783,82.2783,82.2783
2,1492.5788,746.2894,865.204
1,106.1574,106.1574,106.1574
1,87.2729,87.2729,87.2729
1,66.2779,66.2779,66.2779
2,93.914,46.957,55.239
2,4976.746,2488.373,2566.1194
1,5.514,5.514,5.514
1,104.4004,104.4004,104.4004
2,94.9859,47.49295,85.0519
2,3978.8509,1989.42545,2699.9018
2,6627.0497,3313.52485,3953.9884
2,50.0124,25.0062,40.0784
1,63.0845,63.0845,63.0845
2,5110.5284,2555.2642,2699.9018
1,624.8444,624.8444,624.8444
1,865.204,865.204,865.204
2,2135.3684,1067.6842,1270.1644
1,33.1279,33.1279,33.1279
2,3034.9406,1517.4703,2410.6266
1,9.934,9.934,9.934
1,2649.6906,2649.6906,2649.6906
1,32.5754,32.5754,32.5754
1,26.2769,26.2769,26.2769
2,5031.642400000001,2515.8212000000003,2621.0158
1,109.3508,109.3508,109.3508
1,2748.4997,2748.4997,2748.4997
1,2700.1228,2700.1228,2700.1228
1,54.1119,54.1119,54.1119
1,77.339,77.339,77.339
1,2649.8453,2649.8453,2649.8453
1,77.339,77.339,77.339
3,2450.4786,816.8262,1617.2945
1,93.8698,93.8698,93.8698
1,2577.1694,2577.1694,2577.1694
1,77.339,77.339,77.339
1,38.6529,38.6529,38.6529
1,3953.9884,3953.9884,3953.9884
1,99.4169,99.4169,99.4169
1,77.3169,77.3169,77.3169
3,7528.495699999999,2509.498566666666,2673.0613
2,2382.2888000000003,1191.1444,1276.8054
3,186.3804,62.1268,103.2733
1,33.139,33.139,33.139
3,9193.0587,3064.3529,3756.989
1,33.139,33.139,33.139
2,6588.3858,3294.1929,3953.9884
1,3953.9884,3953.9884,3953.9884
1,711.5648,711.5648,711.5648
2,124.2684,62.1342,114.3344
1,77.3169,77.3169,77.3169
8,132424.06403399998,16982.12979090909,40003.72408799979
1,645.2869,645.2869,645.2869
3,4544.6081,1514.8693666666666,2563.589
2,3469.9984000000004,1734.9992000000002,2604.7944
2,4317.8345,2158.91725,2410.6266
1,71.7919,71.7919,71.7919
1,119.2737,119.2737,119.2737
1,138.0919,138.0919,138.0919
1,42.5094,42.5094,42.5094
1,1332.0444,1332.0444,1332.0444
2,192.7673,96.38365,133.1083
1,24.2879,24.2879,24.2879
3,7559.7798,2519.9266,2710.6092
1,2732.7203,2732.7203,2732.7203
1,65.4713,65.4713,65.4713
1,635.3529,635.3529,635.3529
2,6679.272000000001,3339.6360000000004,3953.9884
1,32.0229,32.0229,32.0229
2,195.5298,97.7649,132.5779
2,4853.1802,2426.5901,2588.9266
1,14.2987,14.2987,14.2987
1,38.6529,38.6529,38.6529
2,5110.5284,2555.2642,2699.9018
2,3306.5247,1653.26235,2699.9018
2,77.339,38.6695,38.675
2,59.1839,29.59195,41.2055
3,7333.421,2444.4736666666668,3756.989
1,1950.2808,1950.2808,1950.2808
2,2142.0094,1071.0047,1276.8054
2,46.7195,23.35975,44.189
2,58.476600000000005,29.2383,44.1779
1,41.1834,41.1834,41.1834
1,35.6694,35.6694,35.6694
1,26.8184,26.8184,26.8184
1,129.9259,129.9259,129.9259
1,66.2779,66.2779,66.2779
3,191.0435,63.68116666666666,132.5558
1,1268.2859,1268.2859,1268.2859
1,75.1069,75.1069,75.1069
2,127.0309,63.51545,71.7919
3,377.8769,125.95896666666664,175.695
1,2649.8453,2649.8453,2649.8453
2,4970.7979,2485.39895,2681.8792
1,24.2879,24.2879,24.2879
1,33.6804,33.6804,33.6804
1,37.5479,37.5479,37.5479
1,26.2769,26.2769,26.2769
1,70.6869,70.6869,70.6869
1,1307.7344,1307.7344,1307.7344
1,635.3529,635.3529,635.3529
1,36.023,36.023,36.023
2,2800.0369,1400.01845,1934.8329
1,26.4869,26.4869,26.4869
1,16.5529,16.5529,16.5529
2,85.38340000000001,42.6917,82.8529
1,49.7029,49.7029,49.7029
8,132424.06403399998,26111.29106147616,40003.72408799979
2,6575.0042,3287.5021,3953.9884
1,24.2879,24.2879,24.2879
1,5.514,5.514,5.514
1,79.0959,79.0959,79.0959
1,3953.9884,3953.9884,3953.9884
1,87.2729,87.2729,87.2729
2,44.4874,22.2437,34.5534
1,5.514,5.514,5.514
1,30.1444,30.1444,30.1444
1,2634.2648,2634.2648,2634.2648
1,14.2987,14.2987,14.2987
1,68.4769,68.4769,68.4769
2,92.2013,46.10065,66.8194
1,77.339,77.339,77.339
1,1939.2529,1939.2529,1939.2529
2,91.6377,45.818850000000005,82.8529
1,77.339,77.339,77.339
2,6596.5407,3298.27035,3953.9884
1,635.3529,635.3529,635.3529
1,27.614,27.614,27.614
1,77.339,77.339,77.339
1,8.0444,8.0444,8.0444
2,2142.0094,1071.0047,1276.8054
1,1347.4923,1347.4923,1347.4923
1,38.6529,38.6529,38.6529
1,41.1834,41.1834,41.1834
2,4961.98,2480.99,2673.0613
2,4381.303,2190.6515,3756.989
2,2045.1984,1022.5992,1272.6948
1,830.2307,830.2307,830.2307
2,6622.5524000000005,3311.2762,3953.9884
1,25.3377,25.3377,25.3377
1,800.5394,800.5394,800.5394
1,83.9469,83.9469,83.9469
1,40.0784,40.0784,40.0784
2,1792.7492000000002,896.3746000000001,1105.4834
3,8996.1697,2998.7232333333336,3756.989
1,8.0444,8.0444,8.0444
1,5.514,5.514,5.514
2,80.5325,40.26625,71.7477
1,635.3529,635.3529,635.3529
2,2142.0094,1071.0047,1276.8054
2,137.2521,68.62605,98.3229
2,6654.1112,3327.0556,3953.9884
1,8.0444,8.0444,8.0444
2,1525.1763,762.58815,865.204
1,30.1444,30.1444,30.1444
3,7690.6012,2563.533733333333,3729.364
1,622.0708,622.0708,622.0708
2,87.2619,43.63095,55.239
1,60.7529,60.7529,60.7529
1,77.339,77.339,77.339
1,6.9394,6.9394,6.9394
1,36.023,36.023,36.023
2,6528.6163,3264.30815,3953.9884
2,6653.8902,3326.9451,3953.9884
2,85.38340000000001,42.6917,82.8529
1,41.1834,41.1834,41.1834
2,91.6819,45.84095,59.659
1,1238.1415,1238.1415,1238.1415
3,5811.591,1937.197,2645.8673
1,3953.9884,3953.9884,3953.9884
1,178.557,178.557,178.557
2,3407.8449,1703.92245,2410.6266
1,71.7919,71.7919,71.7919
2,85.3613,42.68065,44.1779
1,606.6229,606.6229,606.6229
3,9014.6011,3004.867033333333,3729.364
1,54.1119,54.1119,54.1119
1,40.0784,40.0784,40.0784
2,2369.0067,1184.50335,1263.5233
1,86.1458,86.1458,86.1458
1,44.1779,44.1779,44.1779
1,90.0133,90.0133,90.0133
2,3464.1198000000004,1732.0599000000002,2598.9158
1,40.0784,40.0784,40.0784
2,86.4774,43.2387,83.9469
1,79.0959,79.0959,79.0959
2,3022.7635,1511.38175,2410.6266
1,1879.594,1879.594,1879.594
1,672.9008,672.9008,672.9008
2,5087.2212,2543.6106,3729.364
1,77.339,77.339,77.339
2,171.7944,85.8972,94.4554
1,34.2219,34.2219,34.2219
1,5.514,5.514,5.514
1,627.3748,627.3748,627.3748
4,132424.06403399998,26111.29106147616,40003.72408799979
1,77.339,77.339,77.339
2,6506.505300000001,3253.2526500000004,3953.9884
1,1909.7384,1909.7384,1909.7384
1,66.8194,66.8194,66.8194
1,23.7465,23.7465,23.7465
1,596.689,596.689,596.689
4,22534.9569,5633.739224999999,7558.4032
1,80.6208,80.6208,80.6208
1,41.2055,41.2055,41.2055
1,89.4608,89.4608,89.4608
2,3097.8924,1548.9462,2410.6266
1,1325.4033,1325.4033,1325.4033
2,1754.1544,877.0772,888.9504
1,79.0959,79.0959,79.0959
2,2092.7678,1046.3839,1105.4834
1,8.0444,8.0444,8.0444
1,127.0308,127.0308,127.0308
2,1394.5744,697.2872,772.5036
1,90.5658,90.5658,90.5658
2,4812.9491,2406.47455,3953.9884
2,1700.1069,850.05345,927.6033
2,1994.4338,997.2169,1105.4834
1,44.1779,44.1779,44.1779
1,8.0444,8.0444,8.0444
1,2659.7792,2659.7792,2659.7792
1,162.7444,162.7444,162.7444
1,5.514,5.514,5.514
1,23.7465,23.7465,23.7465
1,615.4077,615.4077,615.4077
1,2591.1808,2591.1808,2591.1808
1,98.3119,98.3119,98.3119
2,87.5824,43.7912,85.0519
2,5009.5424,2504.7712,2598.9158
1,596.689,596.689,596.689
1,87.2729,87.2729,87.2729
3,165.57330000000002,55.191100000000006,114.8758
1,3953.9884,3953.9884,3953.9884
1,15.4479,15.4479,15.4479
2,131.9923,65.99615,66.8194
2,108.2348,54.1174,77.339
1,1268.2859,1268.2859,1268.2859
1,2699.9018,2699.9018,2699.9018
1,8.0444,8.0444,8.0444
1,8.0444,8.0444,8.0444
1,26.8184,26.8184,26.8184
3,7897.5124,2632.5041333333334,3953.9884
1,2634.3974,2634.3974,2634.3974
2,96.3671,48.18355,93.8366
1,5.514,5.514,5.514
1,596.689,596.689,596.689
1,36.023,36.023,36.023
2,4883.0594,2441.5297,2618.8058
1,66.8194,66.8194,66.8194
2,4620.8449,2310.42245,3953.9884
1,44.1779,44.1779,44.1779
1,44.1779,44.1779,44.1779
3,5795.7914,1931.9304666666667,3953.9884
1,8.0444,8.0444,8.0444
2,3427.6548000000003,1713.8274,2562.4508
2,1516.0048,758.0024,865.204
1,612.1369,612.1369,612.1369
3,127.0198,42.339933333333335,66.2779
1,42.9624,42.9624,42.9624
2,85.38340000000001,42.6917,82.8529
3,7177.2955,2392.431833333333,3729.364
1,33.139,33.139,33.139
1,606.6229,606.6229,606.6229
1,606.6229,606.6229,606.6229
2,6613.6682,3306.8341,3953.9884
1,1238.1415,1238.1415,1238.1415
1,1276.8054,1276.8054,1276.8054
2,5043.764300000001,2521.8821500000004,2633.1377
2,5438.467500000001,2719.2337500000003,2738.5657
1,33.139,33.139,33.139
1,38.664,38.664,38.664
1,5.514,5.514,5.514
1,6.9394,6.9394,6.9394
1,2626.5408,2626.5408,2626.5408
1,113.7708,113.7708,113.7708
1,38.675,38.675,38.675
2,125.1303,62.56515,83.9469
2,3073.6045,1536.80225,2410.6266
2,4949.9802,2474.9901,3953.9884
2,79.73689999999999,39.86845,41.1834
1,2710.6092,2710.6092,2710.6092
2,125.3955,62.69775,65.7365
2,4578.3024000000005,2289.1512,3953.9884
1,2560.2519,2560.2519,2560.2519
1,44.1779,44.1779,44.1779
1,29.8019,29.8019,29.8019
1,8.0444,8.0444,8.0444
4,132424.06403399998,26111.29106147616,40003.72408799979
1,5.514,5.514,5.514
2,6669.338100000001,3334.6690500000004,3953.9884
1,183.7394,183.7394,183.7394
2,4854.6609,2427.33045,2590.4073
1,1939.2529,1939.2529,1939.2529
1,77.339,77.339,77.339
2,4789.7331,2394.86655,3953.9884
2,4567.2303,2283.61515,3953.9884
2,5302.165800000001,2651.0829000000003,2699.9018
2,182.4024,91.2012,103.3065
3,5804.6425,1934.8808333333332,3953.9884
1,66.8194,66.8194,66.8194
1,1514.006,1514.006,1514.006
1,1381.0732,1381.0732,1381.0732
1,40.0784,40.0784,40.0784
3,139.4953,46.49843333333333,59.659
1,62.9408,62.9408,62.9408
2,3453.0809,1726.54045,2587.8769
1,118.3234,118.3234,118.3234
1,76.2119,76.2119,76.2119
1,38.6529,38.6529,38.6529
1,103.3065,103.3065,103.3065
2,3747.4832,1873.7416,2641.9998
1,9.934,9.934,9.934
1,35.6694,35.6694,35.6694
1,2264.2536,2264.2536,2264.2536
1,1303.8669,1303.8669,1303.8669
1,109.3508,109.3508,109.3508
2,3338.252,1669.126,2410.6266
2,1782.4294,891.2147,1009.9258
8,3980.787,497.598375,1721.4004
1,59.6479,59.6479,59.6479
1,2264.2536,2264.2536,2264.2536
1,125.9258,125.9258,125.9258
2,2091.8184,1045.9092,1319.3148
1,1918.2579,1918.2579,1918.2579
1,44.1779,44.1779,44.1779
2,3704.3992,1852.1996,2598.9158
1,2644.3313,2644.3313,2644.3313
1,1238.1415,1238.1415,1238.1415
2,3338.252,1669.126,2410.6266
2,115.2074,57.6037,74.0019
1,1922.1033,1922.1033,1922.1033
2,6489.9524,3244.9762,3953.9884
2,4317.282,2158.641,2410.6266
2,6730.102000000001,3365.0510000000004,3953.9884
1,2629.3144,2629.3144,2629.3144
1,3953.9884,3953.9884,3953.9884
1,2560.2519,2560.2519,2560.2519
3,5487.2201000000005,1829.0733666666667,3729.364
2,1445.4044,722.7022,772.5036
3,5881.616300000001,1960.5387666666668,2596.7058
2,1572.3488,786.1744,865.204
1,211.3644,211.3644,211.3644
2,4924.0328,2462.0164,2659.7792
1,1293.3804,1293.3804,1293.3804
1,624.8444,624.8444,624.8444
1,43.0729,43.0729,43.0729
2,50.7748,25.3874,40.8408
2,90.8974,45.4487,55.239
2,3077.4831,1538.74155,2410.6266
1,34.5534,34.5534,34.5534
1,41.1834,41.1834,41.1834
7,6504.8271,929.2610142857144,2505.2076
2,159.0206,79.5103,118.1798
1,23.7465,23.7465,23.7465
1,635.3529,635.3529,635.3529
2,4550.6774000000005,2275.3387,3953.9884
2,2409.3503,1204.67515,1303.8669
1,43.0729,43.0729,43.0729
2,6694.3221,3347.16105,3953.9884
1,44.1779,44.1779,44.1779
1,88.9194,88.9194,88.9194
1,606.6229,606.6229,606.6229
2,154.0923,77.04615,98.8533
2,106.3784,53.1892,59.659
1,47.3382,47.3382,47.3382
2,109.0857,54.54285,67.9023
3,6393.9527,2131.3175666666666,2602.2529
1,76.2119,76.2119,76.2119
1,81.7369,81.7369,81.7369
1,43.0729,43.0729,43.0729
2,1754.1544,877.0772,888.9504
1,1265.7554,1265.7554,1265.7554
1,1911.6169,1911.6169,1911.6169
1,104.3783,104.3783,104.3783
1,26.8184,26.8184,26.8184
2,3455.6113,1727.8056499999998,2590.4073
1,77.339,77.339,77.339
1,1308.8283,1308.8283,1308.8283
1,1949.1869,1949.1869,1949.1869
1,2738.4552,2738.4552,2738.4552
4,30395.4433,7598.860825,10667.1295
1,36.023,36.023,36.023
2,5224.1528,2612.0764,3953.9884
2,4618.1597,2309.07985,2699.9018
1,94.4554,94.4554,94.4554
1,28.1554,28.1554,28.1554
1,5.514,5.514,5.514
3,5548.061000000001,1849.3536666666669,2623.7894
1,3729.364,3729.364,3729.364
1,2634.3974,2634.3974,2634.3974
1,620.9216,620.9216,620.9216
1,2649.8453,2649.8453,2649.8453
1,36.023,36.023,36.023
1,27.614,27.614,27.614
3,7563.8557,2521.285233333333,2673.0613
3,7729.013699999999,2576.3379,2710.6092
1,133.1083,133.1083,133.1083
2,1057.976,528.988,528.988
2,5150.960300000001,2575.4801500000003,2740.3337
1,2264.2536,2264.2536,2264.2536
2,93.914,46.957,55.239
1,2653.0498,2653.0498,2653.0498
1,798.6609,798.6609,798.6609
2,6572.8053,3286.40265,3953.9884
1,2659.7792,2659.7792,2659.7792
1,1429.1297,1429.1297,1429.1297
1,83.4054,83.4054,83.4054
1,2742.8642,2742.8642,2742.8642
1,606.6229,606.6229,606.6229
1,36.023,36.023,36.023
3,8985.1087,2995.0362333333337,3729.364
2,1700.129,850.0645,927.6254
1,40.0784,40.0784,40.0784
2,6561.700000000001,3280.8500000000004,3953.9884
1,596.689,596.689,596.689
2,78.1678,39.0839,59.0844
1,995.9918,995.9918,995.9918
3,629.0524,209.6841333333333,254.1548
1,32.034,32.034,32.034
2,3707.539800000001,1853.7699,2288.9187
1,27.614,27.614,27.614
2,4622.4692000000005,2311.2346,3953.9884
2,140.8544,70.4272,102.1904
2,4860.9815,2430.49075,2596.7279
2,5872.246300000001,2936.1231500000004,3953.9884
2,113.2515,56.62575,74.5765
1,76.2119,76.2119,76.2119
3,9042.2593,3014.0864333333334,3729.364
1,1263.5233,1263.5233,1263.5233
1,132.5779,132.5779,132.5779
1,15.4479,15.4479,15.4479
1,66.2779,66.2779,66.2779
1,43.0729,43.0729,43.0729
1,2649.8453,2649.8453,2649.8453
2,5425.1854,2712.5927,2725.2836
1,622.0708,622.0708,622.0708
1,651.9058,651.9058,651.9058
1,70.6869,70.6869,70.6869
1,24.2879,24.2879,24.2879
2,5119.313099999999,2559.65655,2708.6865
2,4589.429700000001,2294.7148500000003,2699.9018
1,622.9659,622.9659,622.9659
3,7556.120699999999,2518.7069,2673.0613
3,8927.3504,2975.7834666666663,3756.989
1,41.1834,41.1834,41.1834
1,54.1119,54.1119,54.1119
1,472.3108,472.3108,472.3108
1,682.7906,682.7906,682.7906
2,2686.6509,1343.32545,1914.1473
1,108.2458,108.2458,108.2458
1,29.8019,29.8019,29.8019
1,71.8029,71.8029,71.8029
2,4607.1097,2303.55485,2699.9018
2,3692.7001,1846.35005,2699.9018
2,1710.063,855.0315,937.5594
1,87.2729,87.2729,87.2729
2,4824.8827,2412.44135,2535.964
1,1928.1919,1928.1919,1928.1919
1,79.0959,79.0959,79.0959
2,101.5937,50.79685,57.4158
1,109.3508,109.3508,109.3508
1,15.4479,15.4479,15.4479
1,65.1729,65.1729,65.1729
1,142.5119,142.5119,142.5119
1,3953.9884,3953.9884,3953.9884
1,15.4479,15.4479,15.4479
1,86.7204,86.7204,86.7204
2,1700.129,850.0645,927.6254
1,44.1779,44.1779,44.1779
2,3019.6307,1509.81535,1914.1473
1,37.5479,37.5479,37.5479
1,1934.8329,1934.8329,1934.8329
3,7186.0361,2395.345366666667,3953.9884
2,3580.5537000000004,1790.2768500000002,2715.3497
1,33.6804,33.6804,33.6804
1,66.8194,66.8194,66.8194
1,40.0784,40.0784,40.0784
1,1276.8054,1276.8054,1276.8054
1,3953.9884,3953.9884,3953.9884
3,8990.3022,2996.7674,3729.364
1,635.3529,635.3529,635.3529
1,14.2987,14.2987,14.2987
1,635.3529,635.3529,635.3529
1,87.2729,87.2729,87.2729
1,27.614,27.614,27.614
3,5427.5723,1809.1907666666664,3756.989
1,8.0444,8.0444,8.0444
1,6.9394,6.9394,6.9394
1,77.339,77.339,77.339
2,6594.916300000001,3297.4581500000004,3953.9884
1,43.0729,43.0729,43.0729
2,104.9308,52.4654,60.7529
1,5.514,5.514,5.514
1,1895.0419,1895.0419,1895.0419
1,43.0729,43.0729,43.0729
1,77.339,77.339,77.339
1,1918.2579,1918.2579,1918.2579
1,222.4034,222.4034,222.4034
1,43.0729,43.0729,43.0729
1,66.8194,66.8194,66.8194
1,5.514,5.514,5.514
1,3953.9884,3953.9884,3953.9884
1,2646.4198,2646.4198,2646.4198
1,3729.364,3729.364,3729.364
2,2142.0094,1071.0047,1276.8054
1,2712.7529,2712.7529,2712.7529
1,127.0308,127.0308,127.0308
4,132424.06403399998,26111.29106147616,40003.72408799979
1,74.5765,74.5765,74.5765
2,4789.7331,2394.86655,3953.9884
1,630.3694,630.3694,630.3694
1,66.8194,66.8194,66.8194
1,32.0229,32.0229,32.0229
2,3646.7412,1823.3706,2264.2536
1,606.6229,606.6229,606.6229
1,15.4479,15.4479,15.4479
2,128.1027,64.05135,86.1458
4,69597.48790000001,17399.371975000002,22928.3665
1,3953.9884,3953.9884,3953.9884
2,2403.2838,1201.6419,1297.8004
2,56.6534,28.3267,46.7194
8,106357.9807,13294.7475875,32557.2482
1,2709.5042,2709.5042,2709.5042
1,33.139,33.139,33.139
2,85.3834,42.6917,55.239
4,1833.5947,458.398675,992.9769
1,44.4431,44.4431,44.4431
4,74771.17540000001,18692.79385,26919.2309
7,49438.7051,7062.672157142857,21444.2981
1,87.2729,87.2729,87.2729
2,1809.3021,904.65105,1105.4834
1,1238.1415,1238.1415,1238.1415
1,1918.2579,1918.2579,1918.2579
1,132.5779,132.5779,132.5779
1,1320.4419,1320.4419,1320.4419
1,43.0729,43.0729,43.0729
1,36.023,36.023,36.023
2,6580.529200000001,3290.2646000000004,3953.9884
1,42.9624,42.9624,42.9624
1,14.2987,14.2987,14.2987
1,1276.8054,1276.8054,1276.8054
2,5006.1694,2503.0847,3729.364
1,44.1779,44.1779,44.1779
1,16.5529,16.5529,16.5529
1,109.3508,109.3508,109.3508
1,635.3529,635.3529,635.3529
1,1418.6211,1418.6211,1418.6211
2,142.5119,71.25595,82.8529
3,274.0511,91.35036666666667,132.0033
1,62.9519,62.9519,62.9519
1,2615.4908,2615.4908,2615.4908
2,2081.3319,1040.66595,1308.8283
1,627.3748,627.3748,627.3748
1,43.0729,43.0729,43.0729
1,104.3783,104.3783,104.3783
1,37.5479,37.5479,37.5479
1,147.5065,147.5065,147.5065
1,35.6031,35.6031,35.6031
7,10009.4832,1429.9261714285717,4651.4858
1,20.9619,20.9619,20.9619
1,30.1444,30.1444,30.1444
2,4584.3578,2292.1789,3953.9884
3,7733.743200000001,2577.9144,2715.3497
1,30.6859,30.6859,30.6859
1,5.514,5.514,5.514
2,2918.7356,1459.3678,2288.9187
1,835.7447,835.7447,835.7447
1,32.0229,32.0229,32.0229
1,1265.7554,1265.7554,1265.7554
1,77.339,77.339,77.339
2,5226.6832,2613.3416,3953.9884
2,4871.4569,2435.72845,2607.2033
1,2264.2536,2264.2536,2264.2536
1,75.6815,75.6815,75.6815
1,67.4934,67.4934,67.4934
2,6588.3858,3294.1929,3953.9884
1,156.8879,156.8879,156.8879
1,650.8008,650.8008,650.8008
1,44.1779,44.1779,44.1779
1,30.1444,30.1444,30.1444
2,169.5623,84.78115,109.9144
2,6528.6163,3264.30815,3953.9884
1,5.514,5.514,5.514
1,38.6529,38.6529,38.6529
1,2563.589,2563.589,2563.589
2,5326.4426,2663.2213,2699.9018
1,874.4086,874.4086,874.4086
1,612.1369,612.1369,612.1369
2,159.9598,79.9799,153.0204
1,66.8194,66.8194,66.8194
2,3312.0387,1656.01935,2699.9018
1,5.514,5.514,5.514
1,35.6584,35.6584,35.6584
2,3454.1305999999995,1727.0652999999998,2588.9266
1,103.2733,103.2733,103.2733
2,95.8588,47.9294,65.1729
1,6.9394,6.9394,6.9394
2,6520.1078,3260.0539,3953.9884
1,8.0444,8.0444,8.0444
1,49.7029,49.7029,49.7029
1,33.139,33.139,33.139
1,15.4479,15.4479,15.4479
1,79.5048,79.5048,79.5048
1,37.5479,37.5479,37.5479
1,75.1069,75.1069,75.1069
1,114.3565,114.3565,114.3565
1,71.2394,71.2394,71.2394
3,7497.943999999999,2499.3146666666667,2673.0613
1,76.2119,76.2119,76.2119
1,15.4479,15.4479,15.4479
1,596.689,596.689,596.689
1,1889.5279,1889.5279,1889.5279
1,16.8292,16.8292,16.8292
1,1964.6348,1964.6348,1964.6348
1,40.432,40.432,40.432
1,2658.0444,2658.0444,2658.0444
8,132424.06403399998,26111.29106147616,40003.72408799979
1,138.114,138.114,138.114
2,5193.3012,2596.6506,3756.989
1,997.7929,997.7929,997.7929
3,7226.5175,2408.839166666666,4168.1926
5,215.7182,43.14364,82.8529
1,44.1779,44.1779,44.1779
2,262.9569,131.47844999999998,207.7179
1,2682.9953,2682.9953,2682.9953
1,77.3169,77.3169,77.3169
1,214.3479,214.3479,214.3479
2,4852.5077,2426.25385,2563.589
2,2043.0428,1021.5214,1105.4834
1,5.514,5.514,5.514
1,87.2508,87.2508,87.2508
1,15.4479,15.4479,15.4479
2,85.38340000000001,42.6917,82.8529
1,24.2879,24.2879,24.2879
1,798.6609,798.6609,798.6609
1,8.0444,8.0444,8.0444
2,89.7923,44.89615,46.7194
2,3573.8904999999995,1786.9452499999998,2708.6865
2,2800.0369,1400.01845,1934.8329
3,109.3399,36.44663333333333,60.764
1,5.514,5.514,5.514
1,2609.9548,2609.9548,2609.9548
1,82.8529,82.8529,82.8529
2,3109.2155,1554.60775,2288.9187
1,26.8184,26.8184,26.8184
2,132.5227,66.26135,107.1408
1,94.4554,94.4554,94.4554
1,114.8758,114.8758,114.8758
1,2634.3974,2634.3974,2634.3974
1,2579.5783,2579.5783,2579.5783
1,650.8008,650.8008,650.8008
1,66.2779,66.2779,66.2779
2,4908.5849,2454.29245,2644.3313
1,3953.9884,3953.9884,3953.9884
8,1112.5477,44.501908,215.7734
3,6287.315500000001,2095.7718333333337,2626.5408
2,3007.3156,1503.6578,2410.6266
2,3023.7413,1511.87065,1918.2579
1,87.2508,87.2508,87.2508
2,4990.7685,2495.38425,2580.1419
2,6627.0497,3313.52485,3953.9884
1,59.6479,59.6479,59.6479
1,8.0444,8.0444,8.0444
1,33.139,33.139,33.139
1,690.0283,690.0283,690.0283
1,80.6208,80.6208,80.6208
2,57.4269,28.71345,33.139
1,55.2169,55.2169,55.2169
1,77.3169,77.3169,77.3169
2,48.5869,24.29345,32.034
2,6653.8902,3326.9451,3953.9884
1,16.5529,16.5529,16.5529
1,2738.5657,2738.5657,2738.5657
1,1879.594,1879.594,1879.594
1,32.0229,32.0229,32.0229
2,6598.3197,3299.15985,3953.9884
4,132424.06403399998,26111.29106147616,40003.72408799979
1,87.2729,87.2729,87.2729
1,38.664,38.664,38.664
1,2602.2529,2602.2529,2602.2529
2,166.7998,83.3999,87.2729
1,596.689,596.689,596.689
1,101.5473,101.5473,101.5473
1,38.6529,38.6529,38.6529
1,70.6869,70.6869,70.6869
1,1918.2579,1918.2579,1918.2579
1,886.0222,886.0222,886.0222
1,2735.9248,2735.9248,2735.9248
2,2403.2838,1201.6419,1297.8004
1,44.1779,44.1779,44.1779
2,1516.5684,758.2842,865.204
2,5277.491099999999,2638.74555,2673.0613
1,138.7549,138.7549,138.7549
1,1297.8004,1297.8004,1297.8004
1,2721.1178,2721.1178,2721.1178
3,6240.9497,2080.316566666667,2624.3529
3,7221.9375,2407.3125,3953.9884
1,1276.8054,1276.8054,1276.8054
3,7750.2381,2583.4127000000003,3756.989
1,54.6754,54.6754,54.6754
1,27.614,27.614,27.614
1,1308.8283,1308.8283,1308.8283
1,15.4479,15.4479,15.4479
3,7723.4888,2574.4962666666665,2682.9953
2,5872.246300000001,2936.1231500000004,3953.9884
1,30.1444,30.1444,30.1444
1,77.339,77.339,77.339
1,15.4479,15.4479,15.4479
2,3320.3372,1660.1686,2699.9018
1,136.9979,136.9979,136.9979
1,630.3694,630.3694,630.3694
1,76.2119,76.2119,76.2119
1,8.0444,8.0444,8.0444
1,8.0444,8.0444,8.0444
1,95.5383,95.5383,95.5383
1,857.8447,857.8447,857.8447
2,6528.6163,3264.30815,3953.9884
1,635.3529,635.3529,635.3529
1,5.514,5.514,5.514
3,64.2669,21.422300000000003,38.9292
1,70.6869,70.6869,70.6869
1,9.934,9.934,9.934
2,5149.192300000001,2574.5961500000003,2738.5657
2,148.5783,74.28915,82.8529
3,7513.3919,2504.4639666666667,2644.3313
1,1297.8004,1297.8004,1297.8004
1,5.514,5.514,5.514
1,2659.7792,2659.7792,2659.7792
1,35.6584,35.6584,35.6584
1,70.6869,70.6869,70.6869
2,89.7923,44.89615,46.7194
1,2644.3313,2644.3313,2644.3313
1,1976.7898,1976.7898,1976.7898
2,3518.8063,1759.40315,2653.6023
1,16.5529,16.5529,16.5529
1,66.8194,66.8194,66.8194
1,2288.9187,2288.9187,2288.9187
2,5346.3216,2673.1608,2699.9018
1,2671.9453,2671.9453,2671.9453
3,10277.0964,3425.6988,3899.6756
1,2710.6092,2710.6092,2710.6092
2,129.2298,64.6149,85.0519
1,77.339,77.339,77.339
1,1276.8054,1276.8054,1276.8054
2,1404.2542,702.1270999999999,772.5036
4,1816.137,454.03425,1257.6271
1,164.6229,164.6229,164.6229
2,3017.2495,1508.62475,2410.6266
2,3506.1319000000003,1753.0659500000002,2640.9279
1,50.3659,50.3659,50.3659
2,3070.2674,1535.1337,2410.6266
3,103.3618,34.45393333333333,60.764
2,1802.7634,901.3817,937.5594
1,1928.1919,1928.1919,1928.1919
1,15.4479,15.4479,15.4479
1,79.0959,79.0959,79.0959
2,4200.5356,2100.2678,2288.9187
1,2597.8108,2597.8108,2597.8108
2,85.3834,42.6917,55.239
1,37.5479,37.5479,37.5479
2,41.2055,20.60275,38.675
2,57.3937,28.69685,38.675
3,4066.2876,1355.4292,2264.2536
1,49.6256,49.6256,49.6256
3,4765.7637,1588.5879000000002,2612.1869
1,59.659,59.659,59.659
1,5.514,5.514,5.514
2,6536.6718,3268.3359,3953.9884
1,26.2769,26.2769,26.2769
1,6.9394,6.9394,6.9394
1,79.5269,79.5269,79.5269
1,15.4479,15.4479,15.4479
2,1761.8313,880.91565,1105.4834
2,1489.5069,744.7534499999999,865.204
1,596.689,596.689,596.689
1,5.514,5.514,5.514
1,2598.9158,2598.9158,2598.9158
1,1961.8944,1961.8944,1961.8944
3,6319.1553,2106.3851,2566.1194
2,4659.5088000000005,2329.7544000000003,3953.9884
1,46.7194,46.7194,46.7194
1,2682.9953,2682.9953,2682.9953
4,295.0019,73.750475,86.7204
1,596.689,596.689,596.689
1,23.7465,23.7465,23.7465
1,1265.7554,1265.7554,1265.7554
1,44.1779,44.1779,44.1779
1,1307.7344,1307.7344,1307.7344
1,37.5479,37.5479,37.5479
1,3953.9884,3953.9884,3953.9884
1,55.239,55.239,55.239
1,79.5048,79.5048,79.5048
1,71.7919,71.7919,71.7919
3,283.1453,94.38176666666668,165.7279
2,6373.695299999999,3186.84765,3729.364
1,66.8194,66.8194,66.8194
1,32.0229,32.0229,32.0229
2,6528.6163,3264.30815,3953.9884
3,7210.743899999999,2403.5813,3729.364
1,733.1012,733.1012,733.1012
3,9042.2151,3014.0717,3756.989
1,1928.1919,1928.1919,1928.1919
1,14.2987,14.2987,14.2987
2,6588.3858,3294.1929,3953.9884
1,1342.4093,1342.4093,1342.4093
1,92.7869,92.7869,92.7869
3,7636.7636,2545.5878666666667,2732.7092
6,13800.5325,2300.0887500000003,2715.3497
1,634.2479,634.2479,634.2479
1,46.7194,46.7194,46.7194
1,14.3429,14.3429,14.3429
1,33.139,33.139,33.139
1,2264.2536,2264.2536,2264.2536
2,131.45080000000002,65.72540000000001,66.2779
1,66.8194,66.8194,66.8194
2,55.5042,27.7521,38.675
2,6653.8902,3326.9451,3953.9884
1,62.9519,62.9519,62.9519
1,183.7394,183.7394,183.7394
1,680.0944,680.0944,680.0944
1,44.1779,44.1779,44.1779
3,254.4263,84.80876666666667,175.695
2,5251.7888,2625.8944,3953.9884
2,4874.8729,2437.43645,2585.9542
1,32.5754,32.5754,32.5754
1,76.2119,76.2119,76.2119
1,64.6094,64.6094,64.6094
1,36.023,36.023,36.023
1,142.5119,142.5119,142.5119
1,865.204,865.204,865.204
3,7505.2797,2501.7599,2649.8453
1,87.2729,87.2729,87.2729
1,77.339,77.339,77.339
2,5893.2413,2946.62065,3953.9884
1,2708.6865,2708.6865,2708.6865
2,4607.1097,2303.55485,2699.9018
3,5661.732400000001,1887.2441333333336,2552.5169
1,79.0959,79.0959,79.0959
1,27.614,27.614,27.614
2,5409.7375,2704.86875,2709.8357
2,192.1927,96.09635,122.5998
1,203.8504,203.8504,203.8504
2,101.9363,50.96815,66.2779
1,43.0729,43.0729,43.0729
2,6517.5774,3258.7887,3953.9884
2,52.9738,26.4869,44.189
1,2563.589,2563.589,2563.589
3,7961.9229,2653.9743,2699.9018
1,2618.8058,2618.8058,2618.8058
2,1492.5788,746.2894,865.204
2,195.5298,97.7649,132.5779
1,1293.3804,1293.3804,1293.3804
1,44.1779,44.1779,44.1779
1,75.1069,75.1069,75.1069
1,623.7504,623.7504,623.7504
1,865.204,865.204,865.204
1,35.6584,35.6584,35.6584
1,44.1779,44.1779,44.1779
1,44.1779,44.1779,44.1779
1,2738.5657,2738.5657,2738.5657
4,288.64820000000003,72.16205000000001,132.5779
2,147.9927,73.99635,85.0519
1,1914.1473,1914.1473,1914.1473
1,44.1779,44.1779,44.1779
1,44.1779,44.1779,44.1779
2,1407.8565,703.9282499999999,772.5036
1,70.6869,70.6869,70.6869
1,34.5534,34.5534,34.5534
1,5.514,5.514,5.514
2,152.9873,76.49365,82.8529
1,79.5269,79.5269,79.5269
2,3588.2113,1794.10565,2723.0073
2,154.0812,77.0406,94.4554
1,5.514,5.514,5.514
1,85.0519,85.0519,85.0519
1,2673.0613,2673.0613,2673.0613
1,50.3659,50.3659,50.3659
1,55.2169,55.2169,55.2169
1,2648.6187,2648.6187,2648.6187
2,3351.8297,1675.91485,2699.9018
2,53.6588,26.8294,46.7194
3,216.8674,72.28913333333334,175.695
1,59.0844,59.0844,59.0844
2,2168.5184,1084.2592,1303.3144
2,70.68690000000001,35.343450000000004,38.664
2,4673.3987,2336.69935,2699.9018
1,81.7258,81.7258,81.7258
1,1297.8004,1297.8004,1297.8004
1,33.6804,33.6804,33.6804
2,3086.8424,1543.4212,2410.6266
1,1276.8054,1276.8054,1276.8054
1,1238.1415,1238.1415,1238.1415
1,102.1904,102.1904,102.1904
1,16.5529,16.5529,16.5529
2,5251.7888,2625.8944,3953.9884
2,152.9984,76.4992,125.3844
2,2690.7615,1345.38075,1918.2579
8,1134.0509,70.87818125,136.4123
1,80.6208,80.6208,80.6208
2,2065.884,1032.942,1293.3804
1,77.339,77.339,77.339
1,2659.6798,2659.6798,2659.6798
2,3391.0462,1695.5231,2699.9018
1,629.8169,629.8169,629.8169
2,6536.6718,3268.3359,3953.9884
2,5510.403,2755.2015,2810.5012
2,4839.9443,2419.97215,3953.9884
2,4902.2106,2451.1053,2613.2919
1,94.4554,94.4554,94.4554
2,70.9963,35.49815,44.1779
2,110.7763,55.38815,69.5929
2,138.6223,69.31115,104.4004
1,6.9394,6.9394,6.9394
1,33.139,33.139,33.139
1,82.8529,82.8529,82.8529
1,752.4387,752.4387,752.4387
1,43.0729,43.0729,43.0729
1,66.8194,66.8194,66.8194
2,3038.0014,1519.0007,2410.6266
2,3094.4843,1547.24215,2264.2536
1,23.7465,23.7465,23.7465
2,3481.1901,1740.59505,2708.6865
2,6704.2561000000005,3352.1280500000003,3953.9884
3,5754.8843,1918.2947666666664,3953.9884
2,254.0948,127.0474,171.7944
2,3332.7555,1666.37775,2560.2519
1,87.2729,87.2729,87.2729
2,2793.3959,1396.69795,1928.1919
1,44.1779,44.1779,44.1779
2,5314.376,2657.188,3953.9884
2,2043.0428,1021.5214,1105.4834
2,5297.712600000001,2648.8563000000004,2699.9018
1,2710.6092,2710.6092,2710.6092
1,132.5779,132.5779,132.5779
1,612.1369,612.1369,612.1369
2,117.7488,58.8744,79.0959
1,70.6869,70.6869,70.6869
3,230.2932,76.76440000000001,101.6048
1,3953.9884,3953.9884,3953.9884
1,55.2169,55.2169,55.2169
2,5318.718699999999,2659.35935,2699.9018
1,2288.9187,2288.9187,2288.9187
1,77.3169,77.3169,77.3169
3,6169.1137,2056.3712333333333,2552.5169
2,5887.6942,2943.8471,3953.9884
1,672.9008,672.9008,672.9008
1,640.8669,640.8669,640.8669
1,30.1444,30.1444,30.1444
1,695.0119,695.0119,695.0119
1,77.3169,77.3169,77.3169
3,7629.5858,2543.1952666666666,2644.3313
2,5230.7938,2615.3969,3953.9884
2,85.38340000000001,42.6917,82.8529
2,93.914,46.957,55.239
1,1303.8669,1303.8669,1303.8669
1,65.1729,65.1729,65.1729
2,3038.0014,1519.0007,2410.6266
2,2924.2716,1462.1358,2288.9187
1,75.0627,75.0627,75.0627
2,4937.314899999999,2468.65745,2673.0613
1,695.0119,695.0119,695.0119
1,1977.3423,1977.3423,1977.3423
2,2771.8594000000003,1385.9297,1906.6554
1,2742.4111,2742.4111,2742.4111
2,74.67590000000001,37.337950000000006,38.6529
2,3478.4848,1739.2424,2613.2808
2,2118.7934,1059.3967,1253.5894
1,1934.8329,1934.8329,1934.8329
8,24593.9994,3074.249925,9248.7115
2,111.8923,55.94615,65.1729
2,96.2235,48.11175,63.0845
1,67.9023,67.9023,67.9023
1,62.9519,62.9519,62.9519
2,66.278,33.139,38.664
1,2738.5657,2738.5657,2738.5657
2,4891.1827,2445.59135,2602.264
1,622.0708,622.0708,622.0708
2,5875.5392,2937.7696,3953.9884
2,3086.8203000000003,1543.4101500000002,2410.6266
1,72.8858,72.8858,72.8858
1,40.0784,40.0784,40.0784
1,891.4698,891.4698,891.4698
1,1879.594,1879.594,1879.594
1,1945.3194,1945.3194,1945.3194
1,75.1069,75.1069,75.1069
2,4550.6774000000005,2275.3387,3953.9884
1,26.4869,26.4869,26.4869
1,663.5083,663.5083,663.5083
1,1386.1894,1386.1894,1386.1894
3,5595.1925,1865.0641666666668,2587.8769
1,32.5754,32.5754,32.5754
2,1787.2934,893.6467,922.0894
1,635.3529,635.3529,635.3529
1,65.1729,65.1729,65.1729
1,2791.1637,2791.1637,2791.1637
1,38.675,38.675,38.675
2,109.3509,54.67545,98.3119
2,4841.435600000001,2420.7178000000004,2552.5169
1,1276.8054,1276.8054,1276.8054
3,11325.5993,3775.1997666666666,6192.7327
2,16.0888,8.0444,8.0444
2,3345.9649,1672.98245,2410.6266
1,1336.4644,1336.4644,1336.4644
2,3713.2613,1856.63065,2607.7779
2,3583.2609,1791.63045,2699.9018
1,99.4169,99.4169,99.4169
2,3312.0387,1656.01935,2699.9018
1,8.0444,8.0444,8.0444
2,1700.129,850.0645,927.6254
1,75.1069,75.1069,75.1069
2,138.0919,69.04595,82.8529
1,6.9394,6.9394,6.9394
1,2288.9187,2288.9187,2288.9187
2,3997.7022,1998.8511,2699.9018
2,6556.2413,3278.12065,3953.9884
3,5745.9098,1915.3032666666668,2574.639
1,1265.7554,1265.7554,1265.7554
1,71.7919,71.7919,71.7919
6,132424.06403399998,26111.29106147616,40003.72408799979
1,606.6229,606.6229,606.6229
1,2588.9266,2588.9266,2588.9266
1,32.5754,32.5754,32.5754
2,6653.8902,3326.9451,3953.9884
2,3680.1113,1840.05565,2574.6279
2,142.5119,71.25595,82.8529
1,1918.2579,1918.2579,1918.2579
2,93.3283,46.66415,65.1729
2,2157.4573,1078.72865,1292.2533
2,4985.2545,2492.62725,2574.6279
1,38.664,38.664,38.664
1,30.1444,30.1444,30.1444
1,905.5254,905.5254,905.5254
1,635.3529,635.3529,635.3529
1,38.675,38.675,38.675
1,62.9519,62.9519,62.9519
1,13.1937,13.1937,13.1937
1,77.3169,77.3169,77.3169
2,2190.0659,1095.03295,1324.8619
1,99.4169,99.4169,99.4169
1,26.2769,26.2769,26.2769
1,2264.2536,2264.2536,2264.2536
2,2142.0094,1071.0047,1276.8054
1,30.1444,30.1444,30.1444
1,65.1729,65.1729,65.1729
2,155.7387,77.86935,89.4608
1,44.1779,44.1779,44.1779
1,663.5083,663.5083,663.5083
1,35.6694,35.6694,35.6694
1,56.2887,56.2887,56.2887
1,2673.0613,2673.0613,2673.0613
3,5704.418900000001,1901.472966666667,3953.9884
1,615.4077,615.4077,615.4077
1,34.2219,34.2219,34.2219
1,38.5535,38.5535,38.5535
1,614.6673,614.6673,614.6673
1,620.4354,620.4354,620.4354
1,60.7529,60.7529,60.7529
1,2562.4508,2562.4508,2562.4508
2,108.2459,54.12295,98.3119
2,140.2909,70.14545,77.339
8,74518.68830000001,6209.890691666667,22801.4324
1,3729.364,3729.364,3729.364
1,47.4377,47.4377,47.4377
1,5.514,5.514,5.514
1,132.5779,132.5779,132.5779
2,5462.3687,2731.18435,2758.3784
1,6.9394,6.9394,6.9394
2,3083.5274,1541.7637,2410.6266
1,1276.8054,1276.8054,1276.8054
1,136.9979,136.9979,136.9979
1,662.4144,662.4144,662.4144
2,6567.291300000001,3283.6456500000004,3953.9884
1,2288.9187,2288.9187,2288.9187
2,6401.320299999999,3200.66015,3756.989
1,2618.8169,2618.8169,2618.8169
2,2948.2265,1474.11325,2264.2536
1,2629.3254,2629.3254,2629.3254
1,650.8008,650.8008,650.8008
1,2649.8453,2649.8453,2649.8453
1,6.9394,6.9394,6.9394
1,75.6815,75.6815,75.6815
1,707.1448,707.1448,707.1448
1,44.1779,44.1779,44.1779
1,180.104,180.104,180.104
2,3350.7026,1675.3513,2699.9018
2,1792.8294,896.4147,927.6254
1,31.4704,31.4704,31.4704
2,1802.7634,901.3817,937.5594
1,32.5754,32.5754,32.5754
1,1276.8054,1276.8054,1276.8054
8,132424.06403399998,26111.29106147616,40003.72408799979
1,33.139,33.139,33.139
1,44.1779,44.1779,44.1779
1,65.1729,65.1729,65.1729
3,6236.1113000000005,2078.703766666667,2566.1194
2,6572.7942,3286.3971,3953.9884
1,55.2169,55.2169,55.2169
1,87.2729,87.2729,87.2729
1,71.2394,71.2394,71.2394
3,7967.9893,2655.996433333333,2699.9018
2,3737.5492,1868.7746,2632.0658
1,2587.3133,2587.3133,2587.3133
2,4812.9491,2406.47455,3953.9884
1,69.5819,69.5819,69.5819
1,87.2508,87.2508,87.2508
1,2644.3313,2644.3313,2644.3313
1,672.9008,672.9008,672.9008
1,2748.4997,2748.4997,2748.4997
1,2738.2342,2738.2342,2738.2342
2,3447.8874,1723.9436999999998,2582.6834
1,83.4054,83.4054,83.4054
1,15.4479,15.4479,15.4479
2,69.5598,34.7799,54.1119
1,1352.3432,1352.3432,1352.3432
1,2676.9067,2676.9067,2676.9067
1,5.514,5.514,5.514
2,140.2798,70.1399,70.6869
1,30.1444,30.1444,30.1444
1,27.614,27.614,27.614
2,127.0309,63.51545,71.7919
1,1292.2533,1292.2533,1292.2533
2,66.278,33.139,38.664
2,3306.5247,1653.26235,2699.9018
1,2694.0563,2694.0563,2694.0563
2,83.6928,41.8464,43.6144
1,99.4169,99.4169,99.4169
1,55.239,55.239,55.239
2,62.9077,31.45385,52.9737
1,76.2119,76.2119,76.2119
1,1950.2808,1950.2808,1950.2808
1,110.4558,110.4558,110.4558
2,5119.313099999999,2559.65655,2708.6865
1,9.934,9.934,9.934
1,2674.4757,2674.4757,2674.4757
3,5802.7308,1934.2436,3953.9884
1,682.3044,682.3044,682.3044
1,35.6694,35.6694,35.6694
2,100.8424,50.4212,59.659
2,72.10130000000001,36.050650000000005,46.7194
2,4957.6295,2478.81475,2547.0029
1,2703.9903,2703.9903,2703.9903
8,21069.7806,2633.722575,6023.0032
2,4825.5552,2412.7776,2561.3016
1,77.339,77.339,77.339
1,5.514,5.514,5.514
2,4844.4065,2422.20325,2580.1529
2,6517.5774,3258.7887,3953.9884
1,70.6869,70.6869,70.6869
1,1939.2529,1939.2529,1939.2529
1,1950.2808,1950.2808,1950.2808
1,40.432,40.432,40.432
2,1546.9337999999998,773.4668999999999,865.204
1,2765.0084,2765.0084,2765.0084
1,1276.8054,1276.8054,1276.8054
1,44.1779,44.1779,44.1779
1,92.7869,92.7869,92.7869
2,5136.3826,2568.1913,3729.364
1,44.1779,44.1779,44.1779
1,1934.8329,1934.8329,1934.8329
1,5.514,5.514,5.514
3,7761.277,2587.092333333333,3756.989
1,33.139,33.139,33.139
1,666.8565,666.8565,666.8565
1,44.1779,44.1779,44.1779
3,7518.3297,2506.1099,2676.9067
1,15.4479,15.4479,15.4479
2,6558.782800000001,3279.3914000000004,3953.9884
2,4594.8553,2297.42765,3953.9884
1,635.3529,635.3529,635.3529
1,614.6673,614.6673,614.6673
2,6567.2803,3283.64015,3953.9884
1,596.689,596.689,596.689
2,117.4174,58.7087,77.339
1,2288.9187,2288.9187,2288.9187
1,66.2779,66.2779,66.2779
2,1477.3409,738.67045,865.204
2,2375.6478,1187.8239,1270.1644
1,2610.3084,2610.3084,2610.3084
1,32.5754,32.5754,32.5754
3,6257.5026,2085.8342,2618.8058
1,706.0398,706.0398,706.0398
1,9.934,9.934,9.934
1,68.4658,68.4658,68.4658
1,27.614,27.614,27.614
1,2618.2423,2618.2423,2618.2423
3,152.4348,50.8116,87.2729
1,62.9519,62.9519,62.9519
3,9003.5622,3001.1874000000003,3756.989
1,70.6869,70.6869,70.6869
1,59.9021,59.9021,59.9021
1,685.6083,685.6083,685.6083
1,612.1369,612.1369,612.1369
2,1710.063,855.0315,937.5594
2,153.5509,76.77545,77.339
3,8991.9597,2997.3199,3756.989
1,15.4479,15.4479,15.4479
1,77.339,77.339,77.339
1,1918.2579,1918.2579,1918.2579
1,1303.3144,1303.3144,1303.3144
2,2142.0094,1071.0047,1276.8054
1,5.514,5.514,5.514
2,4869.4478,2434.7239,3953.9884
1,2740.3337,2740.3337,2740.3337
1,98.3229,98.3229,98.3229
4,49614.9179,12403.729475,19184.4883
1,627.3748,627.3748,627.3748
1,164.0594,164.0594,164.0594
3,267.3327,89.1109,136.9979
1,635.3529,635.3529,635.3529
1,16.5529,16.5529,16.5529
1,82.8529,82.8529,82.8529
2,99.7263,49.863150000000005,65.1729
8,975.384,57.37552941176471,164.6229
1,1954.7008,1954.7008,1954.7008
2,4812.9491,2406.47455,3953.9884
1,27.614,27.614,27.614
2,1487.2748,743.6374,865.204
2,5438.467500000001,2719.2337500000003,2738.5657
1,38.675,38.675,38.675
2,4639.1547,2319.57735,2699.9018
2,5442.3129,2721.15645,2742.4111
3,8014.951800000001,2671.6506000000004,2699.9018
1,1292.2533,1292.2533,1292.2533
1,77.339,77.339,77.339
1,71.8029,71.8029,71.8029
2,3084.6435,1542.32175,2410.6266
1,77.339,77.339,77.339
2,6669.338100000001,3334.6690500000004,3953.9884
1,33.1279,33.1279,33.1279
1,59.659,59.659,59.659
1,1286.7394,1286.7394,1286.7394
2,4352.5398000000005,2176.2699,3729.364
2,4901.0945,2450.54725,2612.1758
2,4387.9689,2193.98445,2410.6266
2,4568.6557,2284.32785,3953.9884
1,26.2769,26.2769,26.2769
1,76.2119,76.2119,76.2119
1,51.3494,51.3494,51.3494
1,33.139,33.139,33.139
1,635.3529,635.3529,635.3529
2,1678.029,839.0145,905.5254
1,40.0784,40.0784,40.0784
1,26.2769,26.2769,26.2769
1,49.7029,49.7029,49.7029
2,3365.3135,1682.65675,2410.6266
1,93.9029,93.9029,93.9029
1,94.4554,94.4554,94.4554
1,754.6266,754.6266,754.6266
1,77.339,77.339,77.339
1,2725.2836,2725.2836,2725.2836
1,44.1779,44.1779,44.1779
1,650.8008,650.8008,650.8008
1,2699.0067,2699.0067,2699.0067
1,35.6694,35.6694,35.6694
2,49.2499,24.62495,46.7194
1,1293.3804,1293.3804,1293.3804
3,9177.3566,3059.1188666666662,3953.9884
1,679.5529,679.5529,679.5529
1,1293.3804,1293.3804,1293.3804
1,15.4479,15.4479,15.4479
1,41.1834,41.1834,41.1834
1,666.8565,666.8565,666.8565
1,1276.8054,1276.8054,1276.8054
8,132424.06403399998,26111.29106147616,40003.72408799979
1,681.7298,681.7298,681.7298
1,79.0959,79.0959,79.0959
1,2673.0613,2673.0613,2673.0613
2,5110.5284,2555.2642,2699.9018
1,87.2508,87.2508,87.2508
2,6662.6749,3331.33745,3953.9884
1,71.7919,71.7919,71.7919
1,15.4479,15.4479,15.4479
1,30.6859,30.6859,30.6859
1,1272.6948,1272.6948,1272.6948
1,32.5754,32.5754,32.5754
1,3953.9884,3953.9884,3953.9884
1,24.2879,24.2879,24.2879
2,229.3538,114.6769,182.6344
1,8.0444,8.0444,8.0444
1,34.5534,34.5534,34.5534
1,76.2119,76.2119,76.2119
2,95.3173,47.65865,87.2729
3,116.235,38.745,46.7194
2,91.6377,45.818850000000005,82.8529
2,3312.0387,1656.01935,2699.9018
2,2163.0044,1081.5022,1297.8004
1,34.2219,34.2219,34.2219
1,5.514,5.514,5.514
1,137.5173,137.5173,137.5173
1,2618.8058,2618.8058,2618.8058
2,4614.0491,2307.02455,2699.9018
1,96.0798,96.0798,96.0798
1,671.7958,671.7958,671.7958
1,35.0617,35.0617,35.0617
2,110.7763,55.38815,69.5929
1,33.139,33.139,33.139
2,3348.186,1674.093,2410.6266
1,2264.2536,2264.2536,2264.2536
1,41.1834,41.1834,41.1834
1,93.8808,93.8808,93.8808
1,2728.3003,2728.3003,2728.3003
1,55.2169,55.2169,55.2169
2,3295.1349,1647.56745,2410.6266
1,79.0959,79.0959,79.0959
2,95.3173,47.65865,65.1729
2,2948.5595000000003,1474.27975,2288.9187
1,46.7194,46.7194,46.7194
3,7541.326300000001,2513.7754333333337,2634.3974
1,132.5779,132.5779,132.5779
1,1950.2808,1950.2808,1950.2808
2,4941.272800000001,2470.6364000000003,3953.9884
1,59.6479,59.6479,59.6479
2,6627.0497,3313.52485,3953.9884
1,2742.8642,2742.8642,2742.8642
1,77.339,77.339,77.339
2,2049.309,1024.6545,1276.8054
3,7729.0027,2576.334233333333,2728.3003
2,6556.2413,3278.12065,3953.9884
1,612.1369,612.1369,612.1369
1,2288.9187,2288.9187,2288.9187
2,5265.347100000001,2632.6735500000004,2666.4313
1,44.1779,44.1779,44.1779
1,76.2119,76.2119,76.2119
2,6625.9337,3312.96685,3953.9884
1,113.7708,113.7708,113.7708
1,79.5269,79.5269,79.5269
1,76.2119,76.2119,76.2119
3,7619.6519,2539.8839666666668,2634.3974
3,6340.9128,2113.6376,2587.8769
1,79.0959,79.0959,79.0959
1,631.7506,631.7506,631.7506
1,9.934,9.934,9.934
1,16.5529,16.5529,16.5529
2,6653.8902,3326.9451,3953.9884
2,3588.8412,1794.4206,2699.9018
1,15.4479,15.4479,15.4479
1,3953.9884,3953.9884,3953.9884
1,43.0729,43.0729,43.0729
1,1934.8329,1934.8329,1934.8329
2,6545.1692,3272.5846,3953.9884
2,4961.98,2480.99,2673.0613
2,3562.054,1781.027,2264.2536
1,1961.8944,1961.8944,1961.8944
2,3581.1720000000005,1790.5860000000002,2288.9187
1,77.3169,77.3169,77.3169
1,1329.8233,1329.8233,1329.8233
2,6530.7932,3265.3966,3953.9884
1,1944.7669,1944.7669,1944.7669
1,1292.2533,1292.2533,1292.2533
1,1934.8329,1934.8329,1934.8329
2,5127.0122,2563.5061,3729.364
1,2676.9067,2676.9067,2676.9067
2,4879.326,2439.663,2590.4073
2,2414.3117,1207.15585,1308.8283
1,44.1779,44.1779,44.1779
1,8.0444,8.0444,8.0444
2,6669.338100000001,3334.6690500000004,3953.9884
1,3953.9884,3953.9884,3953.9884
2,95.3173,47.65865,65.1729
1,77.339,77.339,77.339
1,1105.4834,1105.4834,1105.4834
1,98.3119,98.3119,98.3119
1,671.7958,671.7958,671.7958
1,38.6529,38.6529,38.6529
1,1381.0732,1381.0732,1381.0732
4,119150.4488,26111.29106147616,35912.8785
1,79.0959,79.0959,79.0959
2,5018.3935,2509.19675,2607.7669
2,6572.8053,3286.40265,3953.9884
2,251.2992,125.6496,141.3848
1,83.3944,83.3944,83.3944
2,109.3509,54.67545,70.6869
1,44.1779,44.1779,44.1779
2,4566.1253,2283.06265,3953.9884
2,193.2866,96.6433,106.0137
1,42.9624,42.9624,42.9624
2,3605.4272,1802.7136,2699.9018
3,9232.5735,3077.5245,3953.9884
2,4839.9443,2419.97215,3953.9884
1,2673.0613,2673.0613,2673.0613
1,77.339,77.339,77.339
2,5865.6053,2932.80265,3953.9884
1,2688.5092,2688.5092,2688.5092
1,71.2394,71.2394,71.2394
2,58.4877,29.24385,44.189
2,2779.3513000000003,1389.67565,1914.1473
3,5748.4528,1916.1509333333331,2639.2373
1,5.514,5.514,5.514
1,612.1369,612.1369,612.1369
1,30.6859,30.6859,30.6859
1,77.339,77.339,77.339
1,666.8565,666.8565,666.8565
2,91.6377,45.818850000000005,82.8529
2,6423.4203,3211.71015,3729.364
1,37.5479,37.5479,37.5479
1,2288.9187,2288.9187,2288.9187
1,1889.5279,1889.5279,1889.5279
1,5.514,5.514,5.514
1,606.6229,606.6229,606.6229
1,680.0944,680.0944,680.0944
1,138.114,138.114,138.114
1,5.514,5.514,5.514
1,35.6694,35.6694,35.6694
1,8.0444,8.0444,8.0444
1,44.1779,44.1779,44.1779
1,79.0959,79.0959,79.0959
1,79.5269,79.5269,79.5269
3,5770.331700000001,1923.4439,2629.0823
1,624.8444,624.8444,624.8444
1,2410.6266,2410.6266,2410.6266
1,5.514,5.514,5.514
1,622.0708,622.0708,622.0708
2,6559.5011,3279.75055,3953.9884
2,3523.0494000000003,1761.5247000000002,2598.9158
1,25.3377,25.3377,25.3377
1,2720.5432,2720.5432,2720.5432
2,2020.579,1010.2895,1248.0754
2,6708.002,3354.001,3953.9884
2,5027.4844,2513.7422,2738.5657
1,2673.0613,2673.0613,2673.0613
1,35.6694,35.6694,35.6694
1,1293.3804,1293.3804,1293.3804
2,5315.3926,2657.6963,2699.9018
7,132424.06403399998,26111.111014285714,40003.72408799979
1,635.3529,635.3529,635.3529
4,115.1301,28.782525,49.9902
2,3938.0433,1969.02165,2699.9018
1,32.5754,32.5754,32.5754
2,4813.0596000000005,2406.5298000000003,3953.9884
2,2403.2838,1201.6419,1297.8004
1,2699.9018,2699.9018,2699.9018
1,2566.1194,2566.1194,2566.1194
1,39.7358,39.7358,39.7358
4,221.2212,55.3053,77.3169
1,667.3758,667.3758,667.3758
1,2673.0613,2673.0613,2673.0613
1,706.5923,706.5923,706.5923
2,43.736,21.868,41.2055
1,173.7834,173.7834,173.7834
1,1973.4969,1973.4969,1973.4969
2,384.4627,192.23135,208.7677
3,7431.0704,2477.0234666666665,4591.1988
1,25.3377,25.3377,25.3377
2,137.4731,68.73655,128.6883
1,635.3529,635.3529,635.3529
2,104.3894,52.1947,94.4554
3,5093.7599,1697.9199666666666,2607.2033
2,5345.7801,2672.89005,2699.9018
3,7626.027700000001,2542.0092333333337,2676.9067
2,127.0309,63.51545,71.7919
1,1253.5894,1253.5894,1253.5894
1,62.9519,62.9519,62.9519
1,8.0444,8.0444,8.0444
2,6489.9524,3244.9762,3953.9884
1,55.239,55.239,55.239
1,2587.8769,2587.8769,2587.8769
2,3425.4559,1712.72795,2560.2519
3,5681.2783,1893.7594333333332,2596.7279
2,3442.0088,1721.0043999999998,2576.8048
1,40.8408,40.8408,40.8408
1,5.514,5.514,5.514
2,4186.491,2093.2455,2288.9187
1,40.8408,40.8408,40.8408
1,98.8533,98.8533,98.8533
1,172.0706,172.0706,172.0706
1,858.9607,858.9607,858.9607
2,5192.1299,2596.06495,3953.9884
1,62.9519,62.9519,62.9519
2,102.7319,51.36595,59.659
2,5063.6764,2531.8382,2653.0498
1,5.514,5.514,5.514
1,55.2169,55.2169,55.2169
1,75.0627,75.0627,75.0627
8,132424.06403399998,25171.75878333333,40003.72408799979
1,71.2394,71.2394,71.2394
1,87.2729,87.2729,87.2729
1,635.3529,635.3529,635.3529
1,87.2729,87.2729,87.2729
1,26.2769,26.2769,26.2769
2,6613.6461,3306.82305,3953.9884
1,122.0583,122.0583,122.0583
1,26.2769,26.2769,26.2769
2,5170.3614,2585.1807,2634.3974
2,45.6144,22.8072,38.675
2,2397.7367000000004,1198.8683500000002,1292.2533
2,6489.9524,3244.9762,3953.9884
2,3414.2291,1707.11455,2699.9018
4,29903.9498,7475.98745,11514.87
3,265.4652,88.4884,148.0479
2,4923.3161,2461.65805,2634.3974
1,6.9394,6.9394,6.9394
1,41.1834,41.1834,41.1834
1,87.2729,87.2729,87.2729
1,99.4169,99.4169,99.4169
1,71.7919,71.7919,71.7919
1,632.3473,632.3473,632.3473
1,633.6291,633.6291,633.6291
2,5480.9769,2740.48845,2781.0751
1,5.514,5.514,5.514
1,76.2119,76.2119,76.2119
2,2902.1606,1451.0803,2288.9187
1,140.6444,140.6444,140.6444
2,38.1999,19.09995,35.6694
1,596.689,596.689,596.689
2,6607.0382,3303.5191,3953.9884
2,47.4598,23.7299,38.675
4,132424.06403399998,26111.29106147616,40003.72408799979
2,3038.0014,1519.0007,2410.6266
1,47.4377,47.4377,47.4377
2,6572.7942,3286.3971,3953.9884
2,3464.1198000000004,1732.0599000000002,2598.9158
1,35.6031,35.6031,35.6031
2,83.1071,41.55355,68.8084
1,103.3065,103.3065,103.3065
3,9014.6011,3004.867033333333,3729.364
1,44.4431,44.4431,44.4431
1,55.2169,55.2169,55.2169
1,2574.639,2574.639,2574.639
1,606.6229,606.6229,606.6229
1,106.0137,106.0137,106.0137
1,44.1779,44.1779,44.1779
1,109.3508,109.3508,109.3508
3,525.3082999999999,175.10276666666664,437.6905
1,142.5119,142.5119,142.5119
1,2649.8453,2649.8453,2649.8453
1,44.1779,44.1779,44.1779
1,65.1398,65.1398,65.1398
8,132424.06403399998,26111.29106147616,40003.72408799979
1,2410.6266,2410.6266,2410.6266
3,7647.2769,2549.0923,2634.3974
2,77.6263,38.81315,43.0729
1,44.1779,44.1779,44.1779
1,121.5169,121.5169,121.5169
1,671.7958,671.7958,671.7958
2,4579.495800000001,2289.7479000000003,2699.9018
2,5399.8036,2699.9018,2699.9018
1,38.5535,38.5535,38.5535
1,86.7204,86.7204,86.7204
1,87.2729,87.2729,87.2729
2,171.27499999999998,85.63749999999999,132.6
1,37.5479,37.5479,37.5479
1,8.0444,8.0444,8.0444
1,43.0729,43.0729,43.0729
5,10718.0322,2143.60644,4560.2864
2,5175.0466,2587.5233,3729.364
4,48054.0631,12013.515775,22885.8824
2,5251.7888,2625.8944,3953.9884
1,35.0617,35.0617,35.0617
1,85.0187,85.0187,85.0187
1,622.0708,622.0708,622.0708
2,3383.8858,1691.9429,2563.589
1,183.7394,183.7394,183.7394
1,3953.9884,3953.9884,3953.9884
1,8.0444,8.0444,8.0444
4,9613.3813,2403.345325,3932.5328
1,624.8444,624.8444,624.8444
1,2644.3313,2644.3313,2644.3313
2,1407.8565,703.9282499999999,772.5036
1,35.6694,35.6694,35.6694
1,2574.6279,2574.6279,2574.6279
2,3386.4162,1693.2081,2566.1194
1,830.2307,830.2307,830.2307
1,42.9624,42.9624,42.9624
1,8.0444,8.0444,8.0444
2,5138.0622,2569.0311,3756.989
1,596.689,596.689,596.689
1,131.4508,131.4508,131.4508
1,40.432,40.432,40.432
2,6653.8902,3326.9451,3953.9884
1,60.7529,60.7529,60.7529
1,8.0444,8.0444,8.0444
1,596.689,596.689,596.689
1,28.1554,28.1554,28.1554
1,1253.5894,1253.5894,1253.5894
2,6654.1112,3327.0556,3953.9884
2,16.0888,8.0444,8.0444
1,55.5042,55.5042,55.5042
1,11.039,11.039,11.039
2,83.39439999999999,41.6972,55.239
2,107.4613,53.73065,99.4169
1,133.1194,133.1194,133.1194
3,7523.0039,2507.6679666666664,2634.3974
1,44.1779,44.1779,44.1779
1,2649.8453,2649.8453,2649.8453
8,1219.6778,45.17325185185185,132.6
1,2802.0701,2802.0701,2802.0701
1,24.2879,24.2879,24.2879
1,136.9979,136.9979,136.9979
1,663.5083,663.5083,663.5083
1,612.1369,612.1369,612.1369
1,44.1779,44.1779,44.1779
1,8.0444,8.0444,8.0444
1,37.5479,37.5479,37.5479
3,7527.3907,2509.1302333333333,2644.3313
1,2288.9187,2288.9187,2288.9187
1,33.6804,33.6804,33.6804
1,51.3494,51.3494,51.3494
1,1445.6826,1445.6826,1445.6826
3,5498.8995,1832.9665,2574.6279
1,5.514,5.514,5.514
2,1471.8269,735.91345,865.204
1,33.1279,33.1279,33.1279
2,48.609,24.3045,38.675
1,8.0444,8.0444,8.0444
1,41.9127,41.9127,41.9127
1,1961.8944,1961.8944,1961.8944
1,77.3169,77.3169,77.3169
1,37.5479,37.5479,37.5479
2,6582.7282,3291.3641,3953.9884
1,77.3169,77.3169,77.3169
2,165.6506,82.8253,132.5779
1,38.675,38.675,38.675
2,5008.931500000001,2504.4657500000003,2720.0128
1,118.1908,118.1908,118.1908
1,648.0383,648.0383,648.0383
2,4349.8795,2174.93975,2410.6266
2,4909.9345,2454.96725,2621.0158
1,43.6144,43.6144,43.6144
1,3953.9884,3953.9884,3953.9884
1,2673.0613,2673.0613,2673.0613
2,3470.7167,1735.35835,2605.5127
2,255.2108,127.6054,132.6
1,2742.4111,2742.4111,2742.4111
1,136.9979,136.9979,136.9979
1,2673.0613,2673.0613,2673.0613
1,64.0679,64.0679,64.0679
1,1292.2533,1292.2533,1292.2533
3,237.4645,79.15483333333333,127.0308
1,32.5754,32.5754,32.5754
1,1276.8054,1276.8054,1276.8054
2,6870.0171,3435.00855,3953.9884
1,666.8565,666.8565,666.8565
1,109.3508,109.3508,109.3508
2,2985.0774,1492.5387,1879.594
1,38.0894,38.0894,38.0894
1,8.0444,8.0444,8.0444
2,4228.1716,2114.0858,2288.9187
1,1276.8054,1276.8054,1276.8054
1,76.2119,76.2119,76.2119
1,158.8769,158.8769,158.8769
2,4579.495800000001,2289.7479000000003,2699.9018
1,2264.2536,2264.2536,2264.2536
2,6544.3957,3272.19785,3953.9884
1,66.8194,66.8194,66.8194
1,24.2879,24.2879,24.2879
2,92.7869,46.39345,77.339
1,33.0727,33.0727,33.0727
2,4970.878500000001,2485.4392500000004,2560.2519
1,1276.8054,1276.8054,1276.8054
3,7673.763699999999,2557.921233333333,2644.3313
1,71.2394,71.2394,71.2394
1,635.3529,635.3529,635.3529
2,4349.8795,2174.93975,2410.6266
3,7527.3907,2509.1302333333333,2673.0613
1,645.2869,645.2869,645.2869
1,1270.1644,1270.1644,1270.1644
3,7444.5489,2481.5163,2644.3313
1,5.514,5.514,5.514
1,888.9504,888.9504,888.9504
3,81.9248,27.30826666666667,38.5535
1,2649.8453,2649.8453,2649.8453
1,30.1444,30.1444,30.1444
1,40.0784,40.0784,40.0784
1,37.5479,37.5479,37.5479
2,4579.495800000001,2289.7479000000003,2699.9018
3,7782.8135,2594.271166666667,3756.989
2,5024.2058,2512.1029,2613.5792
1,55.2169,55.2169,55.2169
1,3953.9884,3953.9884,3953.9884
2,4924.0328,2462.0164,2659.7792
1,1352.3432,1352.3432,1352.3432
1,1292.2533,1292.2533,1292.2533
1,65.1729,65.1729,65.1729
2,98.3008,49.1504,65.1729
1,710.4598,710.4598,710.4598
1,2644.3313,2644.3313,2644.3313
2,216.5248,108.2624,136.9979
1,66.8194,66.8194,66.8194
1,1906.3571,1906.3571,1906.3571
1,944.5761,944.5761,944.5761
1,15.4479,15.4479,15.4479
1,6.9394,6.9394,6.9394
1,77.3169,77.3169,77.3169
1,624.8444,624.8444,624.8444
8,99904.7516,11100.527955555555,32998.8321
2,1436.0119,718.00595,772.5036
1,1297.8004,1297.8004,1297.8004
1,36.9402,36.9402,36.9402
1,98.3119,98.3119,98.3119
1,2728.3003,2728.3003,2728.3003
1,95.6709,95.6709,95.6709
2,95.3173,47.65865,65.1729
2,173.4408,86.7204,132.6
1,5.514,5.514,5.514
1,3953.9884,3953.9884,3953.9884
1,87.2729,87.2729,87.2729
1,54.6754,54.6754,54.6754
2,6569.4792,3284.7396,3953.9884
1,24.2879,24.2879,24.2879
2,99.7263,49.863150000000005,65.1729
8,132424.06403399998,26111.29106147616,40003.72408799979
2,6500.9913,3250.49565,3953.9884
1,645.2869,645.2869,645.2869
1,816.1709,816.1709,816.1709
2,4824.8827,2412.44135,2535.964
1,16.5529,16.5529,16.5529
2,6694.3221,3347.16105,3953.9884
1,79.5048,79.5048,79.5048
4,2507.2723,626.818075,1003.0633
2,139.84879999999998,69.92439999999999,101.1959
2,3732.0242,1866.0121,2626.5408
1,5.514,5.514,5.514
1,1297.8004,1297.8004,1297.8004
1,215.1656,215.1656,215.1656
1,2738.2342,2738.2342,2738.2342
1,630.3694,630.3694,630.3694
1,14.2987,14.2987,14.2987
1,120.3898,120.3898,120.3898
8,132424.06403399998,26111.29106147616,40003.72408799979
3,9239.2255,3079.741833333333,3953.9884
1,596.689,596.689,596.689
1,86.1458,86.1458,86.1458
1,2634.3974,2634.3974,2634.3974
2,5149.192300000001,2574.5961500000003,2738.5657
1,624.8444,624.8444,624.8444
1,34.5534,34.5534,34.5534
2,79.8695,39.93475,41.2055
2,3894.415,1947.2075,2788.9316
2,177.8167,88.90835,142.4898
1,27.614,27.614,27.614
1,5.514,5.514,5.514
2,112.4449,56.22245,109.9144
1,1276.8054,1276.8054,1276.8054
1,8.0444,8.0444,8.0444
1,102.7319,102.7319,102.7319
2,3814.1699,1907.08495,2708.6865
1,606.6229,606.6229,606.6229
8,132424.06403399998,26111.29106147616,40003.72408799979
1,71.8029,71.8029,71.8029
2,215.4529,107.72645,132.6
1,1918.2579,1918.2579,1918.2579
2,103.848,51.924,59.659
3,6213.3247,2071.1082333333334,2596.7279
8,132424.06403399998,20288.2261625,40003.72408799979
8,132424.06403399998,26111.29106147616,40003.72408799979
5,566.2796000000001,113.25592000000002,211.9059
1,77.339,77.339,77.339
6,86090.9919,14348.49865,25499.4202
1,860.3751,860.3751,860.3751
6,28114.4842,4685.7473666666665,11702.304
2,6603.8337,3301.91685,3953.9884
1,2618.8058,2618.8058,2618.8058
1,15.4479,15.4479,15.4479
1,5.514,5.514,5.514
2,1780.6634,890.3317,915.4594
1,142.4898,142.4898,142.4898
3,135.7936,45.26453333333333,71.7919
1,612.1369,612.1369,612.1369
1,1292.2533,1292.2533,1292.2533
3,61.6149,20.5383,27.614
1,2604.7944,2604.7944,2604.7944
1,86.7204,86.7204,86.7204
1,37.5479,37.5479,37.5479
3,5476.4334,1825.4778,2615.4908
1,15.4479,15.4479,15.4479
1,62.9519,62.9519,62.9519
1,5.514,5.514,5.514
1,44.1779,44.1779,44.1779
2,3485.1148000000003,1742.5574,2619.9108
1,47.4377,47.4377,47.4377
2,6520.1078,3260.0539,3953.9884
1,77.339,77.339,77.339
1,27.614,27.614,27.614
1,60.7529,60.7529,60.7529
1,83.4054,83.4054,83.4054
3,146.3573,48.78576666666667,86.7204
1,66.8194,66.8194,66.8194
2,85.3834,42.6917,55.239
2,215.3756,107.6878,135.8708
2,98.334,49.167,59.659
3,4154.0956,1384.6985333333332,2410.6266
1,6.9394,6.9394,6.9394
3,256.3159,85.43863333333333,175.695
3,7626.0688,2542.022933333333,2682.9953
2,3632.4887,1816.24435,2699.9018
2,34.2219,17.11095,24.2879
2,48.609,24.3045,38.675
1,612.1369,612.1369,612.1369
1,1303.8669,1303.8669,1303.8669
2,71.7146,35.8573,61.7806
2,4824.8827,2412.44135,2535.964
1,596.689,596.689,596.689
1,77.339,77.339,77.339
1,38.664,38.664,38.664
2,1519.6624,759.8312,865.204
2,1485.6394,742.8197,865.204
1,6.9394,6.9394,6.9394
3,250.7799,83.5933,147.5065
1,82.8308,82.8308,82.8308
3,4106.4338,1368.8112666666666,2288.9187
2,6515.29,3257.645,3953.9884
2,87.2509,43.62545,77.3169
2,66.0833,33.04165,42.053
2,4651.1771,2325.58855,3953.9884
8,132424.06403399998,26111.29106147616,40003.72408799979
3,6874.7825,2291.5941666666668,2584.5619
5,329.5221,65.90442,132.5779
2,149.13080000000002,74.56540000000001,82.8529
1,1105.4834,1105.4834,1105.4834
1,1248.0754,1248.0754,1248.0754
1,25.3377,25.3377,25.3377
1,49.7029,49.7029,49.7029
1,82.8529,82.8529,82.8529
1,62.9519,62.9519,62.9519
3,7182.7432,2394.247733333333,3953.9884
2,2413.2178000000004,1206.6089000000002,1307.7344
1,6.9394,6.9394,6.9394
1,874.4086,874.4086,874.4086
1,35.6584,35.6584,35.6584
1,79.5269,79.5269,79.5269
1,650.8008,650.8008,650.8008
1,1374.4432,1374.4432,1374.4432
1,5.514,5.514,5.514
1,132.5558,132.5558,132.5558
1,2673.0613,2673.0613,2673.0613
1,77.3169,77.3169,77.3169
4,47094.0902,11773.52255,14568.0157
1,2582.6834,2582.6834,2582.6834
1,98.3229,98.3229,98.3229
8,132424.06403399998,26111.29106147616,40003.72408799979
1,651.9058,651.9058,651.9058
2,195.5077,97.75385,132.5558
1,77.339,77.339,77.339
2,3845.8171,1922.90855,2740.3337
1,147.5065,147.5065,147.5065
1,1302.1873,1302.1873,1302.1873
2,6696.8526,3348.4263,3953.9884
1,44.1779,44.1779,44.1779
2,87.2509,43.62545,77.3169
2,3428.793,1714.3964999999998,2563.589
1,183.7394,183.7394,183.7394
2,3526.5172,1763.2586,2754.0136
1,71.2394,71.2394,71.2394
1,1276.8054,1276.8054,1276.8054
2,3032.6974,1516.3487,2410.6266
3,8970.357,2990.119,3729.364
1,108.2458,108.2458,108.2458
3,208.0937,69.36456666666668,106.1574
1,38.6529,38.6529,38.6529
2,6636.983700000001,3318.4918500000003,3953.9884
1,66.2006,66.2006,66.2006
1,2264.2536,2264.2536,2264.2536
3,5765.5566,1921.8522,2604.7944
1,40.0784,40.0784,40.0784
1,2698.4432,2698.4432,2698.4432
1,5.514,5.514,5.514
1,5.514,5.514,5.514
2,2774.9424,1387.4712,1909.7384
2,3399.0444,1699.5222,2626.5408
2,3513.8448,1756.9224,2648.6408
1,2570.1858,2570.1858,2570.1858
1,76.2119,76.2119,76.2119
1,54.1119,54.1119,54.1119
1,1265.7554,1265.7554,1265.7554
1,5.514,5.514,5.514
1,874.4086,874.4086,874.4086
1,16.5529,16.5529,16.5529
1,23.7465,23.7465,23.7465
1,2709.8357,2709.8357,2709.8357
1,1451.2407,1451.2407,1451.2407
1,211.3534,211.3534,211.3534
2,95.3284,47.6642,59.659
1,71.7919,71.7919,71.7919
2,4985.2545,2492.62725,2574.6279
1,606.6229,606.6229,606.6229
2,3034.9406,1517.4703,2410.6266
1,71.2394,71.2394,71.2394
4,1998.673,499.66825000000006,1057.976
1,36.9402,36.9402,36.9402
1,87.2729,87.2729,87.2729
1,15.4479,15.4479,15.4479
3,4022.0953,1340.6984333333332,3107.9593
1,109.3508,109.3508,109.3508
1,1944.7669,1944.7669,1944.7669
1,38.5535,38.5535,38.5535
1,81.7258,81.7258,81.7258
1,75.6815,75.6815,75.6815
1,71.2394,71.2394,71.2394
1,622.9659,622.9659,622.9659
1,8.0444,8.0444,8.0444
2,3696.6642,1848.3321,2591.1808
1,1297.8004,1297.8004,1297.8004
1,32.5754,32.5754,32.5754
2,3452.5172999999995,1726.2586499999998,2587.3133
1,71.2394,71.2394,71.2394
2,2343.6249,1171.81245,1238.1415
2,6653.8902,3326.9451,3953.9884
2,3439.8319,1719.91595,2574.6279
1,2699.9018,2699.9018,2699.9018
1,2264.2536,2264.2536,2264.2536
4,132424.06403399998,26111.29106147616,40003.72408799979
2,4349.7994,2174.8997,3729.364
1,11.039,11.039,11.039
1,622.0708,622.0708,622.0708
1,5.514,5.514,5.514
2,2825.4188,1412.7094,1960.2148
1,5.514,5.514,5.514
1,1297.8004,1297.8004,1297.8004
1,70.6869,70.6869,70.6869
1,613.2419,613.2419,613.2419
1,2644.3313,2644.3313,2644.3313
1,26.2769,26.2769,26.2769
1,26.2769,26.2769,26.2769
1,27.614,27.614,27.614
1,44.1779,44.1779,44.1779
1,77.339,77.339,77.339
1,662.4144,662.4144,662.4144
1,77.339,77.339,77.339
1,33.139,33.139,33.139
1,596.689,596.689,596.689
2,1379.1265,689.5632499999999,772.5036
1,79.0959,79.0959,79.0959
2,3605.4272,1802.7136,2699.9018
1,32.0229,32.0229,32.0229
1,43.0729,43.0729,43.0729
2,6601.5242,3300.7621,3953.9884
1,77.3169,77.3169,77.3169
2,1407.8565,703.9282499999999,772.5036
1,87.2508,87.2508,87.2508
1,41.1834,41.1834,41.1834
1,38.5535,38.5535,38.5535
1,672.9008,672.9008,672.9008
1,75.1069,75.1069,75.1069
1,2694.0563,2694.0563,2694.0563
1,59.6479,59.6479,59.6479
1,55.2169,55.2169,55.2169
1,627.3748,627.3748,627.3748
1,2264.2536,2264.2536,2264.2536
1,59.659,59.659,59.659
1,44.189,44.189,44.189
1,146.9319,146.9319,146.9319
2,85.3834,42.6917,77.339
1,132.5779,132.5779,132.5779
1,66.8194,66.8194,66.8194
1,33.139,33.139,33.139
1,43.0729,43.0729,43.0729
3,224.8234,74.94113333333333,130.9315
4,25454.6959,6363.673975,12810.1665
3,4146.3828,1382.1276,2410.6266
1,71.2394,71.2394,71.2394
1,11.039,11.039,11.039
1,165.7279,165.7279,165.7279
1,1238.1415,1238.1415,1238.1415
1,663.5083,663.5083,663.5083
1,94.4554,94.4554,94.4554
3,7618.3559,2539.451966666667,2682.9953
2,5415.2515,2707.62575,2715.3497
3,7170.908600000001,2390.302866666667,3953.9884
1,2735.9248,2735.9248,2735.9248
1,2634.3974,2634.3974,2634.3974
2,205.4859,102.74295,142.534
1,55.2169,55.2169,55.2169
1,87.2729,87.2729,87.2729
1,3729.364,3729.364,3729.364
1,614.6673,614.6673,614.6673
1,65.1729,65.1729,65.1729
1,13.1937,13.1937,13.1937
1,87.2508,87.2508,87.2508
2,3007.3156,1503.6578,2410.6266
3,7710.2287,2570.076233333333,2673.0613
2,4007.6362,2003.8181,2699.9018
2,5336.476000000001,2668.2380000000003,3953.9884
2,111.8813,55.94065,71.8029
2,3666.785,1833.3925,2561.3016
1,2552.5169,2552.5169,2552.5169
2,5009.5424,2504.7712,2598.9158
1,3953.9884,3953.9884,3953.9884
1,75.0627,75.0627,75.0627
1,829.0815,829.0815,829.0815
1,66.8194,66.8194,66.8194
3,8968.5447,2989.5149,3729.364
1,2560.2519,2560.2519,2560.2519
1,146.9319,146.9319,146.9319
2,1461.893,730.9465,865.204
1,77.3169,77.3169,77.3169
1,8.0444,8.0444,8.0444
1,33.6804,33.6804,33.6804
1,690.5919,690.5919,690.5919
1,858.9607,858.9607,858.9607
1,76.2119,76.2119,76.2119
1,865.204,865.204,865.204
1,44.1779,44.1779,44.1779
2,2343.6249,1171.81245,1238.1415
1,14.3429,14.3429,14.3429
1,77.339,77.339,77.339
2,121.5059,60.75295,77.3169
1,606.6229,606.6229,606.6229
1,70.6869,70.6869,70.6869
1,87.2508,87.2508,87.2508
1,77.339,77.339,77.339
3,7575.2608,2525.086933333333,2673.0613
1,132.5779,132.5779,132.5779
1,38.664,38.664,38.664
1,2674.4757,2674.4757,2674.4757
1,136.9979,136.9979,136.9979
1,83.4054,83.4054,83.4054
1,2673.0613,2673.0613,2673.0613
3,5750.4864,1916.8288,3953.9884
2,6600.4303,3300.21515,3953.9884
1,15.4479,15.4479,15.4479
1,36.023,36.023,36.023
1,104.4004,104.4004,104.4004
2,104.9308,52.4654,60.7529
1,8.0444,8.0444,8.0444
3,7956.9504,2652.3168,2699.9018
3,9123.4326,3041.1442,3729.364
1,663.5083,663.5083,663.5083
1,165.1533,165.1533,165.1533
3,7959.7018,2653.2339333333334,2699.9018
1,9.934,9.934,9.934
1,71.7919,71.7919,71.7919
1,82.8529,82.8529,82.8529
1,43.6144,43.6144,43.6144
1,2703.9903,2703.9903,2703.9903
2,3023.8685,1511.93425,2410.6266
1,77.3169,77.3169,77.3169
2,1622.7901000000002,811.3950500000001,850.2865
1,77.339,77.339,77.339
2,6682.2887,3341.14435,3953.9884
1,62.9519,62.9519,62.9519
1,30.1444,30.1444,30.1444
3,7475.833,2491.9443333333334,2634.3974
1,5.514,5.514,5.514
3,6354.1507,2118.0502333333334,2601.1148
1,44.1779,44.1779,44.1779
2,136.41230000000002,68.20615000000001,97.7483
1,26.4869,26.4869,26.4869
1,44.1779,44.1779,44.1779
1,606.6229,606.6229,606.6229
2,5893.2413,2946.62065,3953.9884
1,110.4337,110.4337,110.4337
1,122.5998,122.5998,122.5998
1,79.5048,79.5048,79.5048
1,44.1779,44.1779,44.1779
2,4618.1597,2309.07985,2699.9018
2,2174.0323,1087.01615,1308.8283
1,65.1729,65.1729,65.1729
2,3502.3951,1751.19755,2264.2536
1,635.3529,635.3529,635.3529
2,96.4445,48.22225,55.239
1,71.7919,71.7919,71.7919
1,44.1779,44.1779,44.1779
2,3503.0711,1751.53555,2637.8671
1,86.7204,86.7204,86.7204
2,430.55640000000005,215.27820000000003,403.1163
1,79.0959,79.0959,79.0959
1,8.0444,8.0444,8.0444
1,33.139,33.139,33.139
1,1436.3122,1436.3122,1436.3122
2,4207.176600000001,2103.5883000000003,2288.9187
2,3007.3156,1503.6578,2410.6266
1,36.023,36.023,36.023
1,43.0729,43.0729,43.0729
1,87.8144,87.8144,87.8144
3,9056.0276,3018.6758666666665,3756.989
2,6347.3963,3173.69815,3756.989
1,55.2169,55.2169,55.2169
2,2184.5188,1092.2594,1319.3148
1,2615.756,2615.756,2615.756
1,706.0398,706.0398,706.0398
1,606.6229,606.6229,606.6229
1,2682.9953,2682.9953,2682.9953
2,5150.960300000001,2575.4801500000003,2740.3337
2,3512.7398000000003,1756.3699,2647.5358
1,44.1779,44.1779,44.1779
1,62.9519,62.9519,62.9519
1,118.1577,118.1577,118.1577
2,4550.6774000000005,2275.3387,3953.9884
1,127.0308,127.0308,127.0308
1,70.6869,70.6869,70.6869
3,250.0173,83.33909999999999,175.695
1,77.339,77.339,77.339
2,102.7319,51.36595,59.659
1,3953.9884,3953.9884,3953.9884
3,4696.4793,1565.4931,2694.4873
3,7488.7268,2496.242266666666,2688.5092
1,9.934,9.934,9.934
1,2683.2605,2683.2605,2683.2605
1,82.8529,82.8529,82.8529
2,4827.8426,2413.9213,2563.589
1,34.5534,34.5534,34.5534
2,4328.8845,2164.44225,2410.6266
1,2598.9158,2598.9158,2598.9158
2,48.598,24.299,44.189
1,5.514,5.514,5.514
1,44.1779,44.1779,44.1779
2,6642.497600000001,3321.2488000000003,3953.9884
1,635.3529,635.3529,635.3529
1,142.5119,142.5119,142.5119
1,153.5619,153.5619,153.5619
3,7509.1381,2503.046033333333,3953.9884
1,2666.4313,2666.4313,2666.4313
1,1276.8054,1276.8054,1276.8054
2,6784.247,3392.1235,3953.9884
1,44.1779,44.1779,44.1779
1,164.6229,164.6229,164.6229
1,82.8529,82.8529,82.8529
1,16.5529,16.5529,16.5529
2,3645.3268,1822.6634,2264.2536
1,2587.8769,2587.8769,2587.8769
3,7810.4384,2603.4794666666667,3729.364
1,606.6229,606.6229,606.6229
1,5.514,5.514,5.514
2,4874.562,2437.281,2610.3084
2,253.0008,126.5004,208.8229
2,6517.5774,3258.7887,3953.9884
2,4867.2267,2433.61335,3953.9884
1,1918.2579,1918.2579,1918.2579
2,26.8184,13.4092,24.2879
1,2602.2529,2602.2529,2602.2529
2,3326.086,1663.043,2410.6266
1,5.514,5.514,5.514
1,23.7465,23.7465,23.7465
2,3335.2547,1667.62735,2699.9018
1,30.6859,30.6859,30.6859
1,33.139,33.139,33.139
2,3338.252,1669.126,2410.6266
1,8.0444,8.0444,8.0444
5,277.5762,55.51523999999999,71.7919
1,606.6229,606.6229,606.6229
1,5.514,5.514,5.514
1,1276.8054,1276.8054,1276.8054
2,2142.2746,1071.1373,1277.0706
3,7683.7088,2561.236266666667,2698.4432
1,76.2119,76.2119,76.2119
1,142.5119,142.5119,142.5119
1,257.7192,257.7192,257.7192
1,87.2508,87.2508,87.2508
2,121.2959,60.64795,74.5765
1,2688.5092,2688.5092,2688.5092
3,7585.7694,2528.5898,2700.1228
1,8.7848,8.7848,8.7848
1,36.023,36.023,36.023
1,90.0133,90.0133,90.0133
1,865.204,865.204,865.204
2,57.4269,28.71345,33.139
1,44.1779,44.1779,44.1779
1,1934.8329,1934.8329,1934.8329
8,132424.06403399998,26111.29106147616,40003.72408799979
1,82.8529,82.8529,82.8529
1,44.1779,44.1779,44.1779
2,4881.5917,2440.79585,3953.9884
1,6.9394,6.9394,6.9394
8,13583.5227,1234.8657,2619.1862
1,2562.4508,2562.4508,2562.4508
1,99.4169,99.4169,99.4169
3,8984.0037,2994.6679,3729.364
1,2580.1529,2580.1529,2580.1529
3,236.7463,78.91543333333334,132.6
1,32.5754,32.5754,32.5754
1,2699.9018,2699.9018,2699.9018
1,2552.5169,2552.5169,2552.5169
2,4591.5182,2295.7591,3953.9884
1,26.2769,26.2769,26.2769
2,68.046,34.023,40.432
1,44.1779,44.1779,44.1779
1,42.9624,42.9624,42.9624
1,146.8987,146.8987,146.8987
2,5296.6297,2648.31485,2699.9018
1,1357.8572,1357.8572,1357.8572
2,3641.4474,1820.7237,2535.964
1,82.2783,82.2783,82.2783
1,80.6208,80.6208,80.6208
1,114.3454,114.3454,114.3454
1,23.7465,23.7465,23.7465
2,5090.9888,2545.4944,2802.0701
2,5159.7451,2579.87255,2749.1185
1,8.0444,8.0444,8.0444
1,59.6369,59.6369,59.6369
4,132424.06403399998,26111.29106147616,40003.72408799979
6,3167.0972,527.8495333333334,881.9341
1,43.0729,43.0729,43.0729
1,71.2394,71.2394,71.2394
5,14400.5708,2880.11416,3955.642
1,104.4004,104.4004,104.4004
2,2409.3503,1204.67515,1303.8669
5,237.8182,47.56364,77.3169
2,5321.779500000001,2660.8897500000003,3953.9884
1,2681.8792,2681.8792,2681.8792
2,3338.623,1669.3115,2566.1194
2,3583.3272,1791.6636,2699.9018
2,3138.6622,1569.3311,2264.2536
2,3585.6809000000003,1792.84045,2720.4769
2,3061.4274,1530.7137,2410.6266
1,135.8708,135.8708,135.8708
1,8.0444,8.0444,8.0444
2,3084.5661,1542.28305,2410.6266
1,66.2779,66.2779,66.2779
1,27.614,27.614,27.614
1,8.0444,8.0444,8.0444
4,127265.1484,26111.29106147616,36484.684
2,3362.8797,1681.43985,2699.9018
2,96.4445,48.22225,55.239
2,136.4123,68.20615,70.6869
4,132424.06403399998,26111.29106147616,40003.72408799979
1,1268.2859,1268.2859,1268.2859
3,114.4229,38.14096666666666,62.9519
1,8.0444,8.0444,8.0444
1,77.339,77.339,77.339
2,1955.7699,977.88495,1105.4834
2,97.1959,48.59795,53.0069
1,66.8194,66.8194,66.8194
2,6627.0497,3313.52485,3953.9884
1,43.0729,43.0729,43.0729
1,1909.7384,1909.7384,1909.7384
1,98.3119,98.3119,98.3119
1,69.5819,69.5819,69.5819
1,167.1644,167.1644,167.1644
1,62.9519,62.9519,62.9519
1,79.0959,79.0959,79.0959
2,127.0309,63.51545,71.7919
1,2682.9953,2682.9953,2682.9953
8,132424.06403399998,20603.0091,40003.72408799979
1,77.339,77.339,77.339
1,44.1779,44.1779,44.1779
2,6732.9861,3366.49305,3953.9884
2,205.5742,102.7871,104.3783
1,44.1779,44.1779,44.1779
1,44.1779,44.1779,44.1779
1,153.5508,153.5508,153.5508
2,161.2858,80.6429,136.9979
2,43.736,21.868,41.2055
1,1293.3804,1293.3804,1293.3804
1,26.2769,26.2769,26.2769
1,694.4373,694.4373,694.4373
1,2566.1194,2566.1194,2566.1194
2,4360.9074,2180.4537,2410.6266
1,1286.7394,1286.7394,1286.7394
1,133.1194,133.1194,133.1194
1,612.1369,612.1369,612.1369
4,132424.06403399998,26111.29106147616,40003.72408799979
1,27.614,27.614,27.614
1,55.2169,55.2169,55.2169
8,16030.152000000002,1603.0152000000005,4803.9004
1,896.5086,896.5086,896.5086
3,9030.6237,3010.2079,3729.364
8,20712.4174,2589.052175,4803.6406
1,2754.0136,2754.0136,2754.0136
1,830.2307,830.2307,830.2307
1,16.5529,16.5529,16.5529
5,323.4336,64.68672000000001,99.4169
2,136.41230000000002,68.20615000000001,97.7483
1,87.2729,87.2729,87.2729
2,6588.5847,3294.29235,3953.9884
2,4989.0415,2494.52075,2700.1228
2,6602.6292,3301.3146,3953.9884
1,612.1369,612.1369,612.1369
1,9.934,9.934,9.934
1,67.4934,67.4934,67.4934
2,2783.4619,1391.73095,1918.2579
1,77.3169,77.3169,77.3169
2,5438.467500000001,2719.2337500000003,2738.5657
1,44.1779,44.1779,44.1779
1,5.514,5.514,5.514
1,62.9519,62.9519,62.9519
1,1276.8054,1276.8054,1276.8054
1,33.139,33.139,33.139
2,1639.3429999999998,819.6714999999999,866.8394
3,7922.176100000001,2640.725366666667,2699.9018
1,35.6694,35.6694,35.6694
2,4946.5906,2473.2953,2535.964
1,860.3751,860.3751,860.3751
1,131.4619,131.4619,131.4619
1,90.0133,90.0133,90.0133
1,663.5083,663.5083,663.5083
3,295.9633,98.65443333333332,176.789
1,33.139,33.139,33.139
1,2671.9453,2671.9453,2671.9453
2,6516.7707,3258.38535,3953.9884
1,55.2169,55.2169,55.2169
2,2916.1815,1458.09075,2264.2536
1,6.9394,6.9394,6.9394
2,3669.9919,1834.99595,2288.9187
1,75.0627,75.0627,75.0627
2,3440.1082,1720.0540999999998,2574.9042
3,91.5493,30.51643333333333,41.1834
1,5.514,5.514,5.514
2,1688.5155,844.25775,916.0119
1,99.4169,99.4169,99.4169
1,43.0729,43.0729,43.0729
1,16.8292,16.8292,16.8292
1,1238.1415,1238.1415,1238.1415
4,132424.06403399998,26111.29106147616,40003.72408799979
1,624.314,624.314,624.314
5,14691.395,2938.279,3953.9884
1,2288.9187,2288.9187,2288.9187
2,6653.8902,3326.9451,3953.9884
1,77.339,77.339,77.339
1,163.4848,163.4848,163.4848
4,132423.90850000002,26111.29106147616,38928.9299
2,85.3834,42.6917,44.1779
4,132424.06403399998,26111.29106147616,40003.72408799979
2,5010.5784,2505.2892,3756.989
1,136.9979,136.9979,136.9979
1,16.5529,16.5529,16.5529
1,87.2729,87.2729,87.2729
1,132.5779,132.5779,132.5779
3,7574.1669,2524.7223,2644.3313
1,5.514,5.514,5.514
2,4328.8845,2164.44225,2410.6266
1,43.0729,43.0729,43.0729
1,34.2219,34.2219,34.2219
2,2800.0369,1400.01845,1934.8329
3,6369.6924,2123.2308,2659.7792
2,3023.7413,1511.87065,1918.2579
1,3953.9884,3953.9884,3953.9884
1,672.9008,672.9008,672.9008
1,132.5779,132.5779,132.5779
1,623.7504,623.7504,623.7504
2,6732.9861,3366.49305,3953.9884
1,44.1779,44.1779,44.1779
1,5.514,5.514,5.514
1,98.3119,98.3119,98.3119
1,30.1444,30.1444,30.1444
2,4550.6774000000005,2275.3387,3953.9884
1,44.1779,44.1779,44.1779
1,865.204,865.204,865.204
2,85.3834,42.6917,55.239
2,4914.0989,2457.04945,2649.8453
1,2607.7779,2607.7779,2607.7779
8,113981.9967,14247.7495875,25896.1905
2,152.44580000000002,76.22290000000001,82.8529
2,6517.5774,3258.7887,3953.9884
1,104.3783,104.3783,104.3783
1,620.4354,620.4354,620.4354
2,72.8748,36.4374,38.6529
1,33.1279,33.1279,33.1279
2,73.2174,36.6087,38.664
3,6641.226900000001,2213.7423000000003,2699.9018
1,16.5529,16.5529,16.5529
2,151.9818,75.9909,89.0299
1,2535.964,2535.964,2535.964
1,60.7529,60.7529,60.7529
2,148.0038,74.0019,92.7869
1,660.7348,660.7348,660.7348
2,109.3509,54.67545,70.6869
1,1276.8054,1276.8054,1276.8054
2,209.9058,104.9529,165.7279
3,105.7928,35.264266666666664,71.7919
1,1276.8054,1276.8054,1276.8054
2,3600.963,1800.4815,2699.9018
2,4328.8845,2164.44225,2410.6266
4,126587.3691,26111.29106147616,40003.72408799979
2,6583.789000000001,3291.8945000000003,3953.9884
3,7888.2415,2629.413833333333,2699.9018
1,26.4869,26.4869,26.4869
2,5026.1174,2513.0587,2615.4908
1,2626.5408,2626.5408,2626.5408
3,7506.4289,2502.142966666667,2634.3974
1,44.1779,44.1779,44.1779
1,24.2879,24.2879,24.2879
3,217.6078,72.53593333333333,77.339
1,99.4169,99.4169,99.4169
2,3045.9795,1522.98975,2410.6266
1,830.2307,830.2307,830.2307
2,85.3834,42.6917,55.239
1,26.2769,26.2769,26.2769
1,651.9058,651.9058,651.9058
1,15.4479,15.4479,15.4479
2,142.0478,71.0239,79.0959
3,9035.563,3011.854333333333,3729.364
2,5351.514999999999,2675.7575,2732.7092
3,7461.1018,2487.0339333333336,2644.3313
2,6692.5541,3346.27705,3953.9884
2,4207.176600000001,2103.5883000000003,2288.9187
1,2598.9158,2598.9158,2598.9158
1,44.1779,44.1779,44.1779
2,3017.2495,1508.62475,2410.6266
1,2699.9018,2699.9018,2699.9018
3,4614.212,1538.0706666666665,2678.4979
1,66.8194,66.8194,66.8194
2,104.1021,52.05105,55.239
2,5849.0303,2924.51515,3953.9884
2,6612.5632000000005,3306.2816000000003,3953.9884
1,857.8447,857.8447,857.8447
2,83.4055,41.70275,59.659
2,3728.1678,1864.0839,2622.6844
3,7267.364100000001,2422.4547,3729.364
5,3820.3709,764.0741800000001,1730.7949
1,8.0444,8.0444,8.0444
2,2860.9426,1430.4713,2264.2536
1,2646.4419,2646.4419,2646.4419
2,4848.4528,2424.2264,3953.9884
1,6.9394,6.9394,6.9394
1,9.934,9.934,9.934
1,35.6694,35.6694,35.6694
2,6663.8241,3331.91205,3953.9884
1,138.114,138.114,138.114
3,4379.2698,1459.7566,2699.9018
1,663.5083,663.5083,663.5083
1,639.1983,639.1983,639.1983
1,8.0444,8.0444,8.0444
2,2343.6249,1171.81245,1238.1415
1,27.614,27.614,27.614
1,2410.6266,2410.6266,2410.6266
1,8.0444,8.0444,8.0444
1,8.0444,8.0444,8.0444
1,5.514,5.514,5.514
1,1325.4033,1325.4033,1325.4033
1,8.7848,8.7848,8.7848
1,64.6094,64.6094,64.6094
1,36.9402,36.9402,36.9402
2,70.5764,35.2882,42.9624
2,99.428,49.714,55.239
2,186.6898,93.3449,132.5779
1,2742.4111,2742.4111,2742.4111
2,79.7921,39.89605,77.2616
1,44.1779,44.1779,44.1779
1,8.7848,8.7848,8.7848
1,33.139,33.139,33.139
3,7193.2076,2397.7358666666664,3953.9884
1,40.0784,40.0784,40.0784
2,2133.4899,1066.74495,1268.2859
2,6573.0815,3286.54075,3953.9884
2,110.7984,55.3992,69.5929
1,1303.3144,1303.3144,1303.3144
3,7513.3683,2504.4561,2671.9453
1,37.5479,37.5479,37.5479
1,1332.0444,1332.0444,1332.0444
3,260.2718,86.75726666666667,110.5995
3,6211.4699,2070.4899666666665,2580.1419
2,6544.064200000001,3272.0321000000004,3953.9884
1,640.8669,640.8669,640.8669
1,44.1779,44.1779,44.1779
1,77.339,77.339,77.339
1,889.8897,889.8897,889.8897
1,622.0708,622.0708,622.0708
1,34.5534,34.5534,34.5534
2,3094.4843,1547.24215,2264.2536
1,44.1779,44.1779,44.1779
1,1238.1415,1238.1415,1238.1415
1,5.514,5.514,5.514
1,5.514,5.514,5.514
1,42.9624,42.9624,42.9624
2,3685.4398,1842.7199,2288.9187
1,1297.8004,1297.8004,1297.8004
1,35.6584,35.6584,35.6584
1,15.7242,15.7242,15.7242
2,3100.1135,1550.05675,2410.6266
2,71.7146,35.8573,61.7806
2,3511.6458999999995,1755.8229499999998,2646.4419
2,5136.3826,2568.1913,3729.364
1,85.0519,85.0519,85.0519
1,15.4479,15.4479,15.4479
1,2602.2529,2602.2529,2602.2529
1,2538.4944,2538.4944,2538.4944
1,33.139,33.139,33.139
1,95.6709,95.6709,95.6709
1,41.1834,41.1834,41.1834
1,40.0784,40.0784,40.0784
1,87.2729,87.2729,87.2729
1,71.7919,71.7919,71.7919
1,42.9624,42.9624,42.9624
3,217.7292,72.57639999999999,94.4554
2,109.3619,54.68095,65.1729
1,854.8612,854.8612,854.8612
1,666.8565,666.8565,666.8565
1,858.9607,858.9607,858.9607
2,6622.5524000000005,3311.2762,3953.9884
2,4859.513800000001,2429.7569000000003,3953.9884
2,89.7924,44.8962,55.239
2,6606.364100000001,3303.1820500000003,3953.9884
1,62.9519,62.9519,62.9519
1,5.514,5.514,5.514
2,5893.2413,2946.62065,3953.9884
1,24.2879,24.2879,24.2879
3,5660.2411,1886.747033333333,3953.9884
2,6517.5774,3258.7887,3953.9884
2,158.446,79.223,107.0966
2,5251.7888,2625.8944,3953.9884
2,2690.7615,1345.38075,1918.2579
3,69.8803,23.293433333333336,30.1444
1,1918.2579,1918.2579,1918.2579
2,6514.2403,3257.12015,3953.9884
2,1844.1317,922.06585,1105.4834
1,1276.8054,1276.8054,1276.8054
3,6244.2426000000005,2081.4142,2598.9158
1,86.1016,86.1016,86.1016
1,2643.1048,2643.1048,2643.1048
1,75.6815,75.6815,75.6815
1,32.034,32.034,32.034
3,6454.7167,2151.5722333333333,2646.4419
1,82.8529,82.8529,82.8529
3,7004.481400000001,2334.8271333333337,4183.273
1,2820.8661,2820.8661,2820.8661
1,49.9681,49.9681,49.9681
3,5190.5277,1730.1759,3756.989
2,104.1574,52.0787,77.339
2,5904.269200000001,2952.1346000000003,3953.9884
1,70.6869,70.6869,70.6869
1,2637.5687,2637.5687,2637.5687
1,606.6229,606.6229,606.6229
4,3751.0654,937.76635,1501.1024
1,43.0729,43.0729,43.0729
3,7219.2745,2406.424833333333,3756.989
1,5.514,5.514,5.514
1,860.3751,860.3751,860.3751
4,13147.5776,3286.8944,5695.2197
2,6692.5541,3346.27705,3953.9884
2,132.5448,66.2724,122.6108
1,1922.1033,1922.1033,1922.1033
1,8.0444,8.0444,8.0444
3,9028.9661,3009.6553666666664,3729.364
1,87.2508,87.2508,87.2508
1,86.1458,86.1458,86.1458
3,6247.5797,2082.526566666667,2602.2529
2,2212.1769,1106.08845,1346.9729
2,106.0138,53.0069,71.7919
1,79.0959,79.0959,79.0959
2,32.332300000000004,16.166150000000002,24.2879
3,6243.5148,2081.1716,2602.2529
1,690.5919,690.5919,690.5919
1,1268.2859,1268.2859,1268.2859
2,2142.0094,1071.0047,1276.8054
1,44.1779,44.1779,44.1779
1,2708.6865,2708.6865,2708.6865
1,663.5083,663.5083,663.5083
4,132424.06403399998,26111.29106147616,40003.72408799979
3,7380.947,2460.315666666667,3953.9884
2,5008.931500000001,2504.4657500000003,2720.0128
1,671.7958,671.7958,671.7958
2,4639.1547,2319.57735,2699.9018
1,82.8529,82.8529,82.8529
7,12429.5465,1775.6495,2720.4769
1,11.039,11.039,11.039
1,16.5529,16.5529,16.5529
3,7548.7172,2516.2390666666665,2694.0563
3,135.0974,45.03246666666666,77.339
2,3338.252,1669.126,2410.6266
1,99.4169,99.4169,99.4169
2,152.9873,76.49365,82.3004
1,5.514,5.514,5.514
3,7477.6879,2492.562633333333,2649.8453
1,159.6394,159.6394,159.6394
1,35.6694,35.6694,35.6694
1,614.6673,614.6673,614.6673
1,87.2729,87.2729,87.2729
3,9086.4372,3028.8124000000003,3756.989
1,1918.2579,1918.2579,1918.2579
1,81.7369,81.7369,81.7369
1,5.514,5.514,5.514
2,1782.4294,891.2147,1009.9258
1,77.3169,77.3169,77.3169
1,15.4479,15.4479,15.4479
1,41.1834,41.1834,41.1834
1,77.339,77.339,77.339
1,32.5754,32.5754,32.5754
1,802.5284,802.5284,802.5284
2,2403.2838,1201.6419,1297.8004
2,4963.1435,2481.57175,2552.5169
2,68.8084,34.4042,38.664
3,9115.1341,3038.378033333333,3756.989
2,4812.9491,2406.47455,3953.9884
1,622.9659,622.9659,622.9659
2,6451.0453,3225.52265,3756.989
1,2699.9018,2699.9018,2699.9018
1,1238.1415,1238.1415,1238.1415
2,1770.2965,885.14825,997.7929
1,16.5529,16.5529,16.5529
1,55.2169,55.2169,55.2169
2,5266.0212,2633.0106,2699.9018
3,162.1588,54.05293333333333,104.4004
1,14.2987,14.2987,14.2987
1,2264.2536,2264.2536,2264.2536
1,14.3429,14.3429,14.3429
1,30.1444,30.1444,30.1444
1,2699.9018,2699.9018,2699.9018
1,1238.1415,1238.1415,1238.1415
1,696.1058,696.1058,696.1058
2,5872.246300000001,2936.1231500000004,3953.9884
2,126.5778,63.2889,89.0299
1,211.3644,211.3644,211.3644
1,79.5269,79.5269,79.5269
1,25.3377,25.3377,25.3377
2,6552.904200000001,3276.4521000000004,3953.9884
1,30.6859,30.6859,30.6859
2,3123.2143,1561.60715,2264.2536
1,2535.964,2535.964,2535.964
1,104.4004,104.4004,104.4004
1,5.514,5.514,5.514
7,11542.2556,1648.893657142857,4557.173
1,103.8369,103.8369,103.8369
2,1700.129,850.0645,927.6254
2,2815.4848,1407.7424,1950.2808
1,596.689,596.689,596.689
3,7520.044,2506.681333333333,2634.3974
2,5314.840099999999,2657.42005,2699.9018
1,1895.0419,1895.0419,1895.0419
1,159.6394,159.6394,159.6394
2,39.1944,19.5972,23.7465
3,7374.2507,2458.0835666666667,3953.9884
1,2634.3974,2634.3974,2634.3974
2,125.9258,62.962900000000005,82.8529
1,5.514,5.514,5.514
1,2776.1136,2776.1136,2776.1136
2,6708.002,3354.001,3953.9884
2,82.85300000000001,41.4265,44.189
1,6.9394,6.9394,6.9394
3,7569.7579,2523.252633333333,2673.0613
2,41.183400000000006,20.591700000000003,38.6529
2,68.8084,34.4042,38.664
2,6662.6749,3331.33745,3953.9884
1,147.4844,147.4844,147.4844
3,208.3146,69.43820000000001,96.0908
1,1934.8329,1934.8329,1934.8329
2,5448.4015,2724.20075,2748.4997
2,4936.852800000001,2468.4264000000003,3953.9884
1,66.8194,66.8194,66.8194
2,5026.1174,2513.0587,2615.4908
1,672.9008,672.9008,672.9008
2,1729.2338,864.6169,1105.4834
1,77.3169,77.3169,77.3169
2,6732.9861,3366.49305,3953.9884
7,23094.0255,3299.1465,9186.1793
1,75.1069,75.1069,75.1069
1,624.8444,624.8444,624.8444
1,43.0729,43.0729,43.0729
1,60.7529,60.7529,60.7529
1,5.514,5.514,5.514
1,62.9519,62.9519,62.9519
2,63.637,31.8185,36.023
1,138.114,138.114,138.114
1,2264.2536,2264.2536,2264.2536
1,55.2169,55.2169,55.2169
1,1256.1198,1256.1198,1256.1198
1,44.1779,44.1779,44.1779
2,99.9694,49.9847,94.4554
2,4597.3857,2298.69285,3953.9884
1,38.6529,38.6529,38.6529
1,87.2729,87.2729,87.2729
1,8.0444,8.0444,8.0444
3,7311.575199999999,2437.191733333333,3729.364
1,1297.8004,1297.8004,1297.8004
2,3880.492,1940.246,2775.0086
2,4789.7441,2394.87205,2699.9018
1,2264.2536,2264.2536,2264.2536
2,3510.3419,1755.17095,2614.9383
1,1950.2808,1950.2808,1950.2808
2,6528.6274,3264.3137,3953.9884
2,3747.091,1873.5455,2410.6266
4,7095.0672,1773.7668,2843.6532
1,2624.3529,2624.3529,2624.3529
2,2369.0067,1184.50335,1263.5233
1,14.3429,14.3429,14.3429
2,2783.4619,1391.73095,1918.2579
1,26.2769,26.2769,26.2769
1,79.0959,79.0959,79.0959
1,1238.1415,1238.1415,1238.1415
1,44.1779,44.1779,44.1779
4,8381.6941,2095.423525,2516.9863
1,5.514,5.514,5.514
4,14812.7687,3703.192175,5814.6709
1,26.4869,26.4869,26.4869
1,41.9569,41.9569,41.9569
1,48.5979,48.5979,48.5979
1,62.9519,62.9519,62.9519
1,5.514,5.514,5.514
1,47.4819,47.4819,47.4819
1,40.432,40.432,40.432
1,2666.4313,2666.4313,2666.4313
1,2264.2536,2264.2536,2264.2536
1,23.7465,23.7465,23.7465
1,651.9058,651.9058,651.9058
2,237.8292,118.9146,182.6123
2,5156.4853,2578.24265,2745.8587
1,596.689,596.689,596.689
1,93.9029,93.9029,93.9029
1,55.5042,55.5042,55.5042
2,3306.5247,1653.26235,2699.9018
2,86.0906,43.0453,44.1779
1,23.7465,23.7465,23.7465
3,7500.4744,2500.1581333333334,2673.0613
1,39.4706,39.4706,39.4706
1,1949.1869,1949.1869,1949.1869
1,136.9979,136.9979,136.9979
2,4951.206700000001,2475.6033500000003,3953.9884
1,650.8008,650.8008,650.8008
1,1402.0682,1402.0682,1402.0682
3,5765.5913,1921.8637666666664,2646.4419
3,7499.3584,2499.786133333333,2674.4757
2,3393.4689,1696.73445,2410.6266
1,53.0069,53.0069,53.0069
2,87.2509,43.62545,77.3169
3,5231.3906,1743.7968666666666,3729.364
2,6637.2489000000005,3318.6244500000003,3953.9884
1,38.5535,38.5535,38.5535
1,5.514,5.514,5.514
2,6689.9132,3344.9566,3953.9884
1,16.5529,16.5529,16.5529
1,75.0627,75.0627,75.0627
4,10376.5385,2594.134625,2740.3337
4,11675.85,2918.9625,3729.364
1,30.8516,30.8516,30.8516
1,612.1369,612.1369,612.1369
2,1423.3044,711.6522,772.5036
1,51.3494,51.3494,51.3494
1,103.8369,103.8369,103.8369
1,858.9607,858.9607,858.9607
2,5887.6942,2943.8471,3953.9884
1,1955.8058,1955.8058,1955.8058
2,149.6612,74.8306,111.0083
2,188.3473,94.17365,104.4004
1,26.2769,26.2769,26.2769
1,2725.2836,2725.2836,2725.2836
1,596.689,596.689,596.689
1,38.675,38.675,38.675
1,40.432,40.432,40.432
2,4594.9437,2297.47185,2699.9018
1,612.1369,612.1369,612.1369
2,5059.267400000001,2529.6337000000003,2648.6408
1,40.8408,40.8408,40.8408
1,77.3169,77.3169,77.3169
2,6628.5967,3314.29835,3953.9884
1,77.339,77.339,77.339
1,35.6584,35.6584,35.6584
1,54.1119,54.1119,54.1119
1,1276.8054,1276.8054,1276.8054
1,62.9519,62.9519,62.9519
1,8.0444,8.0444,8.0444
2,110.7763,55.38815,69.5929
2,4891.5478,2445.7739,3953.9884
1,1297.8004,1297.8004,1297.8004
1,24.2879,24.2879,24.2879
1,82.8529,82.8529,82.8529
1,15.4479,15.4479,15.4479
1,44.1779,44.1779,44.1779
1,162.7444,162.7444,162.7444
1,772.5036,772.5036,772.5036
1,103.3065,103.3065,103.3065
1,624.8444,624.8444,624.8444
2,1717.6203,858.81015,1105.4834
1,59.6479,59.6479,59.6479
2,4159.2955,2079.64775,2264.2536
2,6604.2978,3302.1489,3953.9884
1,44.1779,44.1779,44.1779
1,77.3169,77.3169,77.3169
1,858.9607,858.9607,858.9607
1,44.1779,44.1779,44.1779
3,7563.0822,2521.0274,2732.7092
1,35.6694,35.6694,35.6694
1,26.2769,26.2769,26.2769
1,30.6859,30.6859,30.6859
1,23.7465,23.7465,23.7465
2,114.3233,57.16165,82.3004
1,1879.594,1879.594,1879.594
1,77.339,77.339,77.339
1,181.209,181.209,181.209
1,159.6173,159.6173,159.6173
1,997.2183,997.2183,997.2183
2,4579.495800000001,2289.7479000000003,2699.9018
1,2699.9018,2699.9018,2699.9018
1,38.6529,38.6529,38.6529
2,6692.5541,3346.27705,3953.9884
1,927.6254,927.6254,927.6254
1,1945.3194,1945.3194,1945.3194
1,1918.2579,1918.2579,1918.2579
3,7589.625900000001,2529.8753,2698.4432
1,2647.5358,2647.5358,2647.5358
1,77.339,77.339,77.339
2,6662.6749,3331.33745,3953.9884
2,2836.4798,1418.2399,1971.2758
3,7459.2801,2486.4267,2634.3974
1,172.6784,172.6784,172.6784
1,40.0784,40.0784,40.0784
1,2587.8769,2587.8769,2587.8769
1,44.1779,44.1779,44.1779
5,141.2191,28.24382,52.9737
1,895.4036,895.4036,895.4036
2,3590.4876000000004,1795.2438000000002,2725.2836
1,15.4479,15.4479,15.4479
1,2658.63,2658.63,2658.63
1,11.039,11.039,11.039
1,104.4004,104.4004,104.4004
1,671.7958,671.7958,671.7958
5,98196.569,19639.3138,36656.8539
1,66.2779,66.2779,66.2779
1,94.4554,94.4554,94.4554
1,1303.3144,1303.3144,1303.3144
1,2591.1808,2591.1808,2591.1808
1,5.514,5.514,5.514
1,66.2779,66.2779,66.2779
1,8.0444,8.0444,8.0444
2,4948.5764,2474.2882,2659.6577
4,77862.1397,19465.534925,36672.3922
3,7580.3976,2526.7992,2676.9067
8,13135.0333,1641.8791625,4510.4959
1,30.1444,30.1444,30.1444
1,15.4479,15.4479,15.4479
4,5894.0226,1473.50565,2967.9795
1,30.6859,30.6859,30.6859
1,1293.3804,1293.3804,1293.3804
1,606.6229,606.6229,606.6229
1,106.1574,106.1574,106.1574
1,3953.9884,3953.9884,3953.9884
2,6489.9524,3244.9762,3953.9884
1,2709.5042,2709.5042,2709.5042
1,76.2119,76.2119,76.2119
1,2673.0613,2673.0613,2673.0613
1,1276.8054,1276.8054,1276.8054
3,7431.7549,2477.2516333333333,3953.9884
2,3379.4326,1689.7163,2699.9018
1,147.5065,147.5065,147.5065
1,5.514,5.514,5.514
1,64.6094,64.6094,64.6094
3,7799.8636,2599.954533333333,3729.364
1,65.1729,65.1729,65.1729
1,622.9659,622.9659,622.9659
1,1340.3319,1340.3319,1340.3319
1,33.1279,33.1279,33.1279
2,197.7509,98.87545,138.0919
1,650.8008,650.8008,650.8008
1,3953.9884,3953.9884,3953.9884
2,91.6377,45.818850000000005,82.8529
1,78.3998,78.3998,78.3998
1,37.5479,37.5479,37.5479
8,35703.685900000004,3245.789627272728,6913.1558
1,44.1779,44.1779,44.1779
1,1879.594,1879.594,1879.594
1,56.8633,56.8633,56.8633
1,1268.2859,1268.2859,1268.2859
1,5.514,5.514,5.514
2,6528.6163,3264.30815,3953.9884
2,5012.890600000001,2506.4453000000003,2602.264
1,2264.2536,2264.2536,2264.2536
2,105.2623,52.631150000000005,69.5929
1,134.3349,134.3349,134.3349
1,32.034,32.034,32.034
2,5192.1299,2596.06495,3953.9884
3,383.0017,127.66723333333334,225.9588
1,138.114,138.114,138.114
1,75.1069,75.1069,75.1069
2,3017.1003,1508.55015,1911.6169
1,72.8858,72.8858,72.8858
1,1879.594,1879.594,1879.594
1,44.4542,44.4542,44.4542
2,6542.915,3271.4575,3953.9884
1,77.3169,77.3169,77.3169
1,147.4844,147.4844,147.4844
2,4579.495800000001,2289.7479000000003,2699.9018
2,3591.3716,1795.6858,2699.9018
1,110.5995,110.5995,110.5995
1,32.0008,32.0008,32.0008
1,77.3169,77.3169,77.3169
1,800.5394,800.5394,800.5394
1,11.039,11.039,11.039
3,7150.6871,2383.5623666666665,3953.9884
1,44.1779,44.1779,44.1779
1,38.6529,38.6529,38.6529
3,9255.7895,3085.263166666666,3953.9884
1,71.7919,71.7919,71.7919
1,35.6584,35.6584,35.6584
2,4827.8426,2413.9213,2563.589
1,8.0444,8.0444,8.0444
2,1461.893,730.9465,865.204
2,3511.6458999999995,1755.8229499999998,2646.4419
2,3486.2198,1743.1099,2621.0158
1,2748.4997,2748.4997,2748.4997
2,6663.8241,3331.91205,3953.9884
1,49.7029,49.7029,49.7029
1,2644.3313,2644.3313,2644.3313
8,132424.06403399998,15641.323740000002,40003.72408799979
2,3144.8328,1572.4164,2410.6266
1,612.1369,612.1369,612.1369
1,136.9979,136.9979,136.9979
1,918.6197,918.6197,918.6197
1,44.1779,44.1779,44.1779
8,132424.06403399998,26111.29106147616,40003.72408799979
1,32.034,32.034,32.034
1,3953.9884,3953.9884,3953.9884
1,651.9058,651.9058,651.9058
1,50.7748,50.7748,50.7748
3,6279.6026,2093.2008666666666,2596.7279
2,120.2793,60.13965,77.3169
2,146.90980000000002,73.45490000000001,108.2458
1,3953.9884,3953.9884,3953.9884
2,6600.4303,3300.21515,3953.9884
1,2288.9187,2288.9187,2288.9187
1,66.2779,66.2779,66.2779
1,596.689,596.689,596.689
1,2618.8169,2618.8169,2618.8169
8,132424.06403399998,26111.29106147616,40003.72408799979
1,109.9144,109.9144,109.9144
1,596.689,596.689,596.689
1,41.1834,41.1834,41.1834
2,207.718,103.859,180.104
2,3147.8794000000003,1573.9397,2288.9187
2,54.7638,27.3819,46.7194
2,6430.0503,3215.02515,3756.989
1,1950.2808,1950.2808,1950.2808
1,627.3748,627.3748,627.3748
1,2634.3974,2634.3974,2634.3974
1,142.5119,142.5119,142.5119
1,2644.3313,2644.3313,2644.3313
1,77.3169,77.3169,77.3169
2,86.1459,43.07295,76.2119
1,30.1444,30.1444,30.1444
2,4784.2191,2392.10955,3953.9884
1,75.0627,75.0627,75.0627
2,3915.9846,1957.9923,2810.5012
3,115.5278,38.50926666666667,55.2169
1,1939.2529,1939.2529,1939.2529
2,127.5944,63.7972,94.4554
1,110.4558,110.4558,110.4558
1,41.1834,41.1834,41.1834
1,612.1369,612.1369,612.1369
1,1895.0419,1895.0419,1895.0419
1,35.6584,35.6584,35.6584
1,1381.0732,1381.0732,1381.0732
2,185.5627,92.78135,114.8758
1,26.4869,26.4869,26.4869
1,27.614,27.614,27.614
3,7208.1471,2402.7157,3953.9884
4,181.4521,45.363025,86.1458
1,728.1398,728.1398,728.1398
1,49.2167,49.2167,49.2167
1,1949.1869,1949.1869,1949.1869
1,5.514,5.514,5.514
1,5.514,5.514,5.514
1,23.7465,23.7465,23.7465
8,132424.06403399998,26111.29106147616,40003.72408799979
3,5742.3974,1914.1324666666667,2563.589
1,79.0959,79.0959,79.0959
1,1914.1473,1914.1473,1914.1473
2,113.3399,56.66995,77.3169
3,7767.1252,2589.041733333333,2679.5919
8,1255.6675,46.5062037037037,171.2529
1,865.204,865.204,865.204
1,71.7919,71.7919,71.7919
2,6692.5541,3346.27705,3953.9884
1,830.2307,830.2307,830.2307
3,7963.0389,2654.3463,2699.9018
1,623.7504,623.7504,623.7504
1,6.9394,6.9394,6.9394
1,35.6584,35.6584,35.6584
1,77.339,77.339,77.339
2,4800.2176,2400.1088,2535.964
1,30.6859,30.6859,30.6859
1,884.3426,884.3426,884.3426
2,4660.028200000001,2330.0141000000003,3953.9884
1,122.0583,122.0583,122.0583
8,132424.06403399998,14194.0466,40003.72408799979
3,5851.4262,1950.4754,2696.189
4,130404.7884,26111.29106147616,40003.72408799979
1,1276.8054,1276.8054,1276.8054
1,23.7465,23.7465,23.7465
1,757.003,757.003,757.003
1,8.0444,8.0444,8.0444
2,2353.5588,1176.7794,1248.0754
1,596.689,596.689,596.689
2,3017.2495,1508.62475,2410.6266
1,2646.4419,2646.4419,2646.4419
1,70.6869,70.6869,70.6869
2,83.39439999999999,41.6972,55.239
2,131.9923,65.99615,108.2458
1,2725.2836,2725.2836,2725.2836
2,100.8645,50.43225,59.659
1,622.9659,622.9659,622.9659
1,1352.3432,1352.3432,1352.3432
2,6692.4436000000005,3346.2218000000003,3953.9884
2,5110.5284,2555.2642,2699.9018
1,77.3169,77.3169,77.3169
3,135.42880000000002,45.14293333333334,82.8529
1,205.8394,205.8394,205.8394
1,2699.9018,2699.9018,2699.9018
1,16.5529,16.5529,16.5529
1,1276.8054,1276.8054,1276.8054
1,612.1369,612.1369,612.1369
3,7640.6248,2546.874933333333,2644.3313
1,87.2729,87.2729,87.2729
1,682.8348,682.8348,682.8348
2,4961.98,2480.99,2673.0613
4,324.2071,81.051775,126.4894
1,627.3748,627.3748,627.3748
1,1292.8169,1292.8169,1292.8169
1,32.0229,32.0229,32.0229
1,23.7465,23.7465,23.7465
1,1276.8054,1276.8054,1276.8054
2,6669.338100000001,3334.6690500000004,3953.9884
1,92.7869,92.7869,92.7869
3,8927.3504,2975.7834666666663,3756.989
1,1303.8669,1303.8669,1303.8669
2,3479.5788,1739.7894,2614.3748
3,5677.1677,1892.389233333333,2582.6834
2,5345.2608,2672.6304,3953.9884
2,4937.314899999999,2468.65745,2673.0613
1,106.5662,106.5662,106.5662
1,55.2169,55.2169,55.2169
2,6627.0497,3313.52485,3953.9884
7,14250.8476,2035.8353714285715,4600.3062
2,4869.0716,2434.5358,2580.1529
1,612.1369,612.1369,612.1369
2,2135.3684,1067.6842,1270.1644
1,596.689,596.689,596.689
5,4481.7148,896.34296,2280.1432
1,624.8444,624.8444,624.8444
1,40.432,40.432,40.432
1,77.339,77.339,77.339
3,6266.7198,2088.9066,2596.7279
5,12534.8796,2506.97592,4838.569
5,14662.5435,2932.5087,3953.9884
1,1402.0682,1402.0682,1402.0682
1,2721.1178,2721.1178,2721.1178
1,2710.6092,2710.6092,2710.6092
1,606.6229,606.6229,606.6229
1,132.5779,132.5779,132.5779
2,128.1248,64.0624,118.1908
1,622.0708,622.0708,622.0708
1,895.4036,895.4036,895.4036
1,3953.9884,3953.9884,3953.9884
2,117.7489,58.87445,77.3169
2,3550.993,1775.4965,2264.2536
1,36.023,36.023,36.023
1,858.9607,858.9607,858.9607
5,237.89550000000003,47.5791,87.2729
1,1238.1415,1238.1415,1238.1415
3,67.99080000000001,22.6636,35.6584
1,1303.8669,1303.8669,1303.8669
3,7663.2662,2554.4220666666665,2673.0613
1,596.689,596.689,596.689
1,8.0444,8.0444,8.0444
1,66.2779,66.2779,66.2779
1,5.514,5.514,5.514
2,4611.5187000000005,2305.7593500000003,2699.9018
2,4869.4478,2434.7239,3953.9884
4,273.3881,68.347025,104.4004
1,43.0729,43.0729,43.0729
1,2673.0613,2673.0613,2673.0613
1,612.1369,612.1369,612.1369
2,168.9987,84.49934999999999,86.1458
2,5192.1299,2596.06495,3953.9884
1,982.8644,982.8644,982.8644
2,4973.0774,2486.5387,2562.4508
1,33.139,33.139,33.139
2,2375.6478,1187.8239,1270.1644
1,33.139,33.139,33.139
1,2644.3313,2644.3313,2644.3313
1,79.4937,79.4937,79.4937
1,858.9607,858.9607,858.9607
1,28.1554,28.1554,28.1554
1,1914.1473,1914.1473,1914.1473
1,3953.9884,3953.9884,3953.9884
1,32.5754,32.5754,32.5754
2,6696.8526,3348.4263,3953.9884
1,71.2394,71.2394,71.2394
2,148.0258,74.0129,82.8529
2,3045.9795,1522.98975,2410.6266
8,10033.8172,1254.22715,2949.1326
2,180.557,90.2785,111.0083
1,44.189,44.189,44.189
1,86.7204,86.7204,86.7204
1,2264.2536,2264.2536,2264.2536
1,59.659,59.659,59.659
1,9.934,9.934,9.934
1,1276.8054,1276.8054,1276.8054
3,7720.4942,2573.4980666666665,2743.7482
1,2410.6266,2410.6266,2410.6266
1,112.6437,112.6437,112.6437
2,5312.0776000000005,2656.0388000000003,2699.9018
3,352.4066,117.46886666666668,136.9979
1,146.8987,146.8987,146.8987
1,77.339,77.339,77.339
3,9286.7295,3095.5765,3953.9884
1,71.2394,71.2394,71.2394
1,15.4479,15.4479,15.4479
1,16.5529,16.5529,16.5529
2,4812.9491,2406.47455,3953.9884
2,6692.4436000000005,3346.2218000000003,3953.9884
1,93.8919,93.8919,93.8919
2,101.6048,50.802400000000006,77.3169
2,6430.0503,3215.02515,3756.989
1,8.0444,8.0444,8.0444
1,35.6694,35.6694,35.6694
2,1516.0048,758.0024,865.204
1,71.7919,71.7919,71.7919
1,2264.2536,2264.2536,2264.2536
2,4952.7628,2476.3814,2688.5092
4,6322.6323,1580.658075,2138.2582
1,66.8194,66.8194,66.8194
2,2157.4573,1078.72865,1292.2533
1,71.2394,71.2394,71.2394
1,8.0444,8.0444,8.0444
2,4967.5055,2483.75275,3729.364
2,4799.667,2399.8335,3953.9884
1,612.1369,612.1369,612.1369
1,82.8529,82.8529,82.8529
4,27794.1107,6948.527675,9892.4225
5,343.5777,68.71554,141.3848
4,174.5017,43.625425,77.3169
1,99.4169,99.4169,99.4169
1,26.4869,26.4869,26.4869
1,650.8008,650.8008,650.8008
1,38.5535,38.5535,38.5535
2,5217.5117,2608.75585,3953.9884
2,6739.5056,3369.7528,3953.9884
1,1303.8669,1303.8669,1303.8669
1,35.6694,35.6694,35.6694
2,4985.2545,2492.62725,2574.6279
6,3205.1588,534.1931333333333,1457.3288
1,132.5779,132.5779,132.5779
3,7357.731,2452.577,3953.9884
1,2758.3784,2758.3784,2758.3784
1,43.0729,43.0729,43.0729
1,694.4373,694.4373,694.4373
2,156.8106,78.4053,101.5937
1,2634.3974,2634.3974,2634.3974
1,8.0444,8.0444,8.0444
2,5296.2871,2648.14355,2688.5092
1,33.1279,33.1279,33.1279
1,35.6694,35.6694,35.6694
1,1972.3808,1972.3808,1972.3808
1,27.614,27.614,27.614
1,696.1169,696.1169,696.1169
3,7579.6698,2526.5566,2673.0613
2,41.183400000000006,20.591700000000003,35.6694
2,4876.4294,2438.2147,2612.1758
1,28.1554,28.1554,28.1554
1,125.9369,125.9369,125.9369
1,33.139,33.139,33.139
1,6.9394,6.9394,6.9394
1,118.1908,118.1908,118.1908
2,3396.0076,1698.0038,2699.9018
1,683.4094,683.4094,683.4094
1,26.2769,26.2769,26.2769
1,136.9758,136.9758,136.9758
2,4328.8845,2164.44225,2410.6266
1,44.1779,44.1779,44.1779
2,82.8529,41.42645,44.1779
1,35.6584,35.6584,35.6584
1,77.3169,77.3169,77.3169
2,6520.1078,3260.0539,3953.9884
1,2738.5657,2738.5657,2738.5657
2,6627.0497,3313.52485,3953.9884
2,98.3119,49.15595,59.659
1,1297.8004,1297.8004,1297.8004
1,663.5083,663.5083,663.5083
1,606.6229,606.6229,606.6229
1,132.5558,132.5558,132.5558
1,635.3529,635.3529,635.3529
1,33.139,33.139,33.139
1,42.9624,42.9624,42.9624
1,64.0679,64.0679,64.0679
1,30.1444,30.1444,30.1444
1,24.2879,24.2879,24.2879
2,41.968,20.984,32.034
1,865.204,865.204,865.204
1,136.9979,136.9979,136.9979
2,3431.3234,1715.6617,2566.1194
3,8899.7254,2966.5751333333333,3729.364
2,3427.9863,1713.9931499999998,2562.7823
3,6171.9204,2057.3068,2538.4944
1,19.0834,19.0834,19.0834
3,8982.0036,2994.0012,3729.364
1,5.514,5.514,5.514
2,4804.2749,2402.13745,3953.9884
1,14.3429,14.3429,14.3429
1,5.514,5.514,5.514
1,44.1779,44.1779,44.1779
1,2809.2526,2809.2526,2809.2526
1,32.034,32.034,32.034
1,37.5479,37.5479,37.5479
2,6689.9132,3344.9566,3953.9884
1,5.514,5.514,5.514
2,100.8424,50.4212,59.659
1,35.6694,35.6694,35.6694
1,74.0019,74.0019,74.0019
1,2563.589,2563.589,2563.589
2,152.9873,76.49365,109.9144
2,2901.0556,1450.5278,2288.9187
2,6580.529200000001,3290.2646000000004,3953.9884
1,620.9216,620.9216,620.9216
1,16.5529,16.5529,16.5529
1,26.4869,26.4869,26.4869
2,5149.192300000001,2574.5961500000003,2738.5657
2,4973.0774,2486.5387,2562.4508
1,2587.3133,2587.3133,2587.3133
1,207.7179,207.7179,207.7179
1,1934.8329,1934.8329,1934.8329
1,8.0444,8.0444,8.0444
2,2860.9426,1430.4713,2264.2536
2,2065.884,1032.942,1293.3804
1,2688.5092,2688.5092,2688.5092
3,9017.9272,3005.975733333333,3756.989
1,26.2769,26.2769,26.2769
1,627.3748,627.3748,627.3748
1,41.1834,41.1834,41.1834
2,4878.122,2439.061,3953.9884
1,2619.9108,2619.9108,2619.9108
2,1622.7901000000002,811.3950500000001,850.2865
2,150.5563,75.27815,103.8369
1,5.514,5.514,5.514
1,77.3169,77.3169,77.3169
2,3505.0048,1752.5024,2639.8008
1,44.1779,44.1779,44.1779
1,30.1444,30.1444,30.1444
2,4866.5065,2433.25325,2602.2529
1,32.034,32.034,32.034
2,2142.0094,1071.0047,1276.8054
8,1458.6118,52.09327857142857,159.6394
2,2884.689,1442.3445,2264.2536
1,662.4144,662.4144,662.4144
2,3385.7955,1692.89775,2613.2919
1,682.3044,682.3044,682.3044
1,635.3529,635.3529,635.3529
1,27.614,27.614,27.614
2,6682.2887,3341.14435,3953.9884
1,3953.9884,3953.9884,3953.9884
2,5833.5824,2916.7912,3953.9884
1,606.6229,606.6229,606.6229
1,1293.3804,1293.3804,1293.3804
1,30.1444,30.1444,30.1444
2,5196.1438,2598.0719,2785.5172
3,5489.6823,1829.8941,2574.6279
1,76.2119,76.2119,76.2119
3,7153.4386,2384.479533333333,3953.9884
1,138.114,138.114,138.114
2,98.6103,49.30515,59.9463
1,38.6529,38.6529,38.6529
1,8.0444,8.0444,8.0444
1,2288.9187,2288.9187,2288.9187
1,40.8077,40.8077,40.8077
1,606.6229,606.6229,606.6229
1,1276.8054,1276.8054,1276.8054
1,110.4558,110.4558,110.4558
2,68.0459,34.02295,36.023
1,64.6094,64.6094,64.6094
1,2630.4194,2630.4194,2630.4194
1,1918.2579,1918.2579,1918.2579
1,622.0708,622.0708,622.0708
2,158.51229999999998,79.25614999999999,92.7869
3,7593.2723,2531.0907666666667,2738.2342
1,678.9894,678.9894,678.9894
1,1238.1415,1238.1415,1238.1415
2,3296.5908,1648.2954,2699.9018
2,2886.3244,1443.1622,2264.2536
8,132424.06403399998,26111.29106147616,40003.72408799979
2,6692.4436000000005,3346.2218000000003,3953.9884
1,2694.0563,2694.0563,2694.0563
1,2288.9187,2288.9187,2288.9187
1,149.4292,149.4292,149.4292
1,2673.0613,2673.0613,2673.0613
1,2634.3974,2634.3974,2634.3974
1,168.2694,168.2694,168.2694
3,9099.6751,3033.2250333333336,3729.364
1,2602.264,2602.264,2602.264
2,3446.0531,1723.02655,2610.3084
2,6439.9732,3219.9866,3729.364
1,132.6,132.6,132.6
3,1902.4439,634.1479666666667,1769.7977
1,5.514,5.514,5.514
1,77.339,77.339,77.339
2,34.2219,17.11095,24.2879
1,55.239,55.239,55.239
1,744.7369,744.7369,744.7369
1,38.675,38.675,38.675
2,85.38340000000001,42.6917,82.8529
1,8.0444,8.0444,8.0444
2,5794.6949,2897.34745,4377.7627
1,38.6529,38.6529,38.6529
2,4008.7301,2004.36505,2699.9018
2,2142.0094,1071.0047,1276.8054
2,3603.7697,1801.88485,2738.5657
1,2703.9903,2703.9903,2703.9903
3,196.6238,65.54126666666667,120.4229
1,606.6229,606.6229,606.6229
2,3403.7205000000004,1701.8602500000002,2699.9018
2,3645.3268,1822.6634,2264.2536
1,1276.8054,1276.8054,1276.8054
1,66.8194,66.8194,66.8194
1,2560.2519,2560.2519,2560.2519
1,44.1779,44.1779,44.1779
2,138.0919,69.04595,82.8529
1,81.7258,81.7258,81.7258
1,3953.9884,3953.9884,3953.9884
2,4649.0887,2324.54435,2699.9018
1,8.0444,8.0444,8.0444
1,733.6648,733.6648,733.6648
1,41.1834,41.1834,41.1834
1,147.5065,147.5065,147.5065
1,79.5048,79.5048,79.5048
2,91.6377,45.818850000000005,82.8529
1,2562.7823,2562.7823,2562.7823
8,132424.06403399998,26111.29106147616,40003.72408799979
1,1238.1415,1238.1415,1238.1415
2,2717.2705,1358.63525,1944.7669
1,77.339,77.339,77.339
1,87.2508,87.2508,87.2508
1,40.8408,40.8408,40.8408
1,65.1729,65.1729,65.1729
1,5.514,5.514,5.514
1,87.2729,87.2729,87.2729
2,1730.3278,865.1639,1105.4834
1,1918.2579,1918.2579,1918.2579
3,422.0769,140.69230000000002,180.104
1,2673.0613,2673.0613,2673.0613
2,4998.503500000001,2499.2517500000004,2587.8769
1,76.2119,76.2119,76.2119
1,31.4704,31.4704,31.4704
1,2640.9169,2640.9169,2640.9169
3,6251.9887,2083.9962333333333,2585.6669
2,2876.3905,1438.19525,2264.2536
1,79.5269,79.5269,79.5269
5,20326.274,4065.2548,7820.2379
1,5.514,5.514,5.514
1,1918.2579,1918.2579,1918.2579
3,7556.6954,2518.898466666667,2658.0444
1,2673.0613,2673.0613,2673.0613
3,8987.0093,2995.6697666666664,3756.989
2,6534.1413,3267.07065,3953.9884
1,1280.6508,1280.6508,1280.6508
2,4613.9607000000005,2306.9803500000003,3953.9884
2,3557.634,1778.817,2264.2536
2,3734.7978,1867.3989,2629.3144
1,6.9394,6.9394,6.9394
1,648.6019,648.6019,648.6019
1,5.514,5.514,5.514
1,47.4819,47.4819,47.4819
1,82.8529,82.8529,82.8529
1,2288.9187,2288.9187,2288.9187
1,75.6815,75.6815,75.6815
2,4579.495800000001,2289.7479000000003,2699.9018
2,5149.192300000001,2574.5961500000003,2738.5657
2,3475.5124,1737.7561999999998,2610.3084
1,2770.2682,2770.2682,2770.2682
1,2264.2536,2264.2536,2264.2536
1,2574.639,2574.639,2574.639
8,634.0494,39.6280875,86.7204
4,132424.06403399998,26111.29106147616,40003.72408799979
2,4888.6065,2444.30325,2624.3529
2,1477.3409,738.67045,865.204
1,5.514,5.514,5.514
1,622.9659,622.9659,622.9659
1,2710.6092,2710.6092,2710.6092
2,3708.427,1854.2135,2410.6266
1,136.9979,136.9979,136.9979
3,7672.625599999999,2557.5418666666665,2673.0613
1,16.5529,16.5529,16.5529
2,5150.960300000001,2575.4801500000003,2740.3337
1,76.2119,76.2119,76.2119
1,136.9979,136.9979,136.9979
1,957.2726,957.2726,957.2726
1,35.6694,35.6694,35.6694
1,5.514,5.514,5.514
1,57.4158,57.4158,57.4158
1,8.0444,8.0444,8.0444
1,44.1779,44.1779,44.1779
2,86.1459,43.07295,76.2119
4,11691.2869,2922.821725,3729.364
1,201.9719,201.9719,201.9719
1,5.514,5.514,5.514
2,2985.0774,1492.5387,1879.594
1,28.1554,28.1554,28.1554
2,6742.92,3371.46,3953.9884
8,1092.0944,40.44794074074074,141.3848
1,5.514,5.514,5.514
2,100.8424,50.4212,59.659
1,79.5269,79.5269,79.5269
1,3953.9884,3953.9884,3953.9884
1,177.0542,177.0542,177.0542
6,4748.4513,791.40855,1763.8684
1,38.6529,38.6529,38.6529
1,77.339,77.339,77.339
1,650.8008,650.8008,650.8008
1,62.9519,62.9519,62.9519
2,1999.3842,999.6921,1105.4834
1,62.9519,62.9519,62.9519
1,2644.3313,2644.3313,2644.3313
1,8.0444,8.0444,8.0444
2,3061.4274,1530.7137,2410.6266
1,26.2769,26.2769,26.2769
1,86.1016,86.1016,86.1016
1,1238.1415,1238.1415,1238.1415
1,34.5534,34.5534,34.5534
1,1918.2579,1918.2579,1918.2579
1,596.689,596.689,596.689
2,4784.2191,2392.10955,3953.9884
2,5318.4092,2659.2046,2694.0563
1,1374.4432,1374.4432,1374.4432
2,3022.7635,1511.38175,2410.6266
1,31.4704,31.4704,31.4704
8,132424.06403399998,26111.29106147616,40003.72408799979
1,723.7198,723.7198,723.7198
2,1571.8184,785.9092,865.204
1,15.4479,15.4479,15.4479
1,2644.3313,2644.3313,2644.3313
2,271.0013,135.50065,162.7444
1,5.514,5.514,5.514
1,30.1444,30.1444,30.1444
1,596.689,596.689,596.689
1,1276.8054,1276.8054,1276.8054
1,44.1779,44.1779,44.1779
2,117.7488,58.8744,79.0959
2,109.3287,54.66435,93.8808
1,23.7465,23.7465,23.7465
3,9115.6865,3038.5621666666666,3756.989
1,44.1779,44.1779,44.1779
1,606.6229,606.6229,606.6229
2,3352.6455,1676.32275,2580.1419
1,35.6694,35.6694,35.6694
2,3420.0173,1710.00865,2647.5137
1,35.6584,35.6584,35.6584
1,103.2733,103.2733,103.2733
1,1238.1415,1238.1415,1238.1415
1,2602.2529,2602.2529,2602.2529
2,47.4598,23.7299,38.675
1,9.934,9.934,9.934
1,3953.9884,3953.9884,3953.9884
2,3070.5989,1535.29945,2410.6266
2,5311.845600000001,2655.9228000000003,3953.9884
1,2709.5042,2709.5042,2709.5042
1,15.4479,15.4479,15.4479
2,112.2349,56.117450000000005,79.0959
2,2163.0044,1081.5022,1297.8004
2,6608.154200000001,3304.0771000000004,3953.9884
8,132424.06403399998,26111.29106147616,40003.72408799979
2,6600.4303,3300.21515,3953.9884
1,2788.9316,2788.9316,2788.9316
1,65.1729,65.1729,65.1729
2,46.7195,23.35975,44.189
1,139.5394,139.5394,139.5394
1,54.1119,54.1119,54.1119
1,44.1779,44.1779,44.1779
2,4891.5478,2445.7739,3953.9884
8,132424.06403399998,15285.867054545452,40003.72408799979
1,28.1554,28.1554,28.1554
1,650.8008,650.8008,650.8008
1,77.3169,77.3169,77.3169
1,77.339,77.339,77.339
1,59.659,59.659,59.659
1,65.1729,65.1729,65.1729
1,668.4808,668.4808,668.4808
3,7660.8573,2553.6191,2673.0613
2,3719.0626,1859.5313,2613.5792
2,6732.9861,3366.49305,3953.9884
2,98.8534,49.4267,66.8194
1,79.5048,79.5048,79.5048
1,44.1779,44.1779,44.1779
1,5.514,5.514,5.514
3,69.6593,23.21976666666667,35.6584
3,5494.4689,1831.4896333333331,3756.989
1,1342.4093,1342.4093,1342.4093
1,70.6869,70.6869,70.6869
1,5.514,5.514,5.514
2,3707.7363,1853.86815,2602.2529
4,225.3317,56.332925,77.3169
1,87.2729,87.2729,87.2729
1,14.2987,14.2987,14.2987
2,4852.5077,2426.25385,2563.589
1,635.3529,635.3529,635.3529
5,285.2559,57.05118,109.9144
1,5.514,5.514,5.514
2,77.339,38.6695,38.675
1,2608.8498,2608.8498,2608.8498
1,118.1908,118.1908,118.1908
1,28.1554,28.1554,28.1554
4,132424.06403399998,26111.29106147616,40003.72408799979
2,3094.4843,1547.24215,2264.2536
2,3026.0343000000003,1513.01715,2410.6266
1,55.2169,55.2169,55.2169
2,2098.2817,1049.14085,1105.4834
2,2971.2231,1485.61155,2288.9187
2,296.4163,148.20815,159.4184
2,4214.5344000000005,2107.2672,2264.2536
1,35.6694,35.6694,35.6694
1,42.9624,42.9624,42.9624
2,41.9569,20.97845,32.0229
3,7582.662899999999,2527.5543,2684.0119
2,4878.6173,2439.30865,2614.3637
1,27.614,27.614,27.614
1,203.8504,203.8504,203.8504
2,6732.9861,3366.49305,3953.9884
1,1918.2579,1918.2579,1918.2579
1,132.5779,132.5779,132.5779
2,5399.8036,2699.9018,2699.9018
1,159.6394,159.6394,159.6394
1,1320.4419,1320.4419,1320.4419
4,32409.8546,8102.46365,11690.7511
1,5.514,5.514,5.514
1,33.139,33.139,33.139
1,2682.9953,2682.9953,2682.9953
1,44.1779,44.1779,44.1779
1,99.4169,99.4169,99.4169
2,6363.761399999999,3181.8807,3729.364
1,44.1779,44.1779,44.1779
1,40.0784,40.0784,40.0784
1,677.8623,677.8623,677.8623
2,6732.9861,3366.49305,3953.9884
1,640.8669,640.8669,640.8669
2,2212.6963,1106.3481499999998,1347.4923
1,62.9519,62.9519,62.9519
1,11.039,11.039,11.039
1,622.0708,622.0708,622.0708
1,14.2987,14.2987,14.2987
2,3352.6455,1676.32275,2580.1419
1,3953.9884,3953.9884,3953.9884
1,48.5979,48.5979,48.5979
1,1889.5279,1889.5279,1889.5279
3,5752.3092,1917.4364,2604.4298
1,66.8194,66.8194,66.8194
2,4550.6774000000005,2275.3387,3953.9884
2,5561.1999,2780.59995,2861.2981
2,4970.878500000001,2485.4392500000004,2560.2519
1,132.5558,132.5558,132.5558
1,28.1554,28.1554,28.1554
2,5037.1674,2518.5837,2626.5408
2,6628.5857,3314.29285,3953.9884
1,2566.1194,2566.1194,2566.1194
1,40.0784,40.0784,40.0784
1,33.6804,33.6804,33.6804
1,1293.3804,1293.3804,1293.3804
1,75.6815,75.6815,75.6815
2,3638.6968,1819.3484,2264.2536
3,7643.9398,2547.979933333333,2673.0613
1,76.2119,76.2119,76.2119
1,3953.9884,3953.9884,3953.9884
1,5.514,5.514,5.514
1,649.6516,649.6516,649.6516
2,6598.3197,3299.15985,3953.9884
1,2563.589,2563.589,2563.589
1,26.2769,26.2769,26.2769
2,172.6563,86.32815,132.5779
2,6603.8337,3301.91685,3953.9884
1,858.9607,858.9607,858.9607
1,89.0299,89.0299,89.0299
1,26.4869,26.4869,26.4869
2,104.1132,52.0566,59.659
2,101.6269,50.81345,77.339
1,5.514,5.514,5.514
1,98.8533,98.8533,98.8533
8,70217.2163,8777.1520375,23083.5341
2,3655.526,1827.763,2264.2536
1,142.5119,142.5119,142.5119
1,1382.4876,1382.4876,1382.4876
1,1961.8944,1961.8944,1961.8944
1,830.2307,830.2307,830.2307
1,1297.8004,1297.8004,1297.8004
2,1492.5788,746.2894,865.204
1,3953.9884,3953.9884,3953.9884
1,635.3529,635.3529,635.3529
2,1545.2984,772.6492,865.204
1,15.4479,15.4479,15.4479
1,33.0727,33.0727,33.0727
2,5001.8074,2500.9037,2591.1808
2,2076.3705,1038.18525,1303.8669
1,63.0845,63.0845,63.0845
1,707.1448,707.1448,707.1448
1,76.2119,76.2119,76.2119
2,6555.1032,3277.5516,3953.9884
1,622.9659,622.9659,622.9659
2,5324.475700000001,2662.2378500000004,2694.0563
1,1238.1415,1238.1415,1238.1415
1,868.8947,868.8947,868.8947
2,6600.4303,3300.21515,3953.9884
1,37.5479,37.5479,37.5479
1,77.339,77.339,77.339
3,7180.5553,2393.518433333333,3729.364
1,96.0798,96.0798,96.0798
1,8.0444,8.0444,8.0444
1,33.1279,33.1279,33.1279
2,95.2953,47.64765,55.2169
2,4827.8426,2413.9213,2563.589
2,1702.1724,851.0862,1105.4834
1,110.5995,110.5995,110.5995
1,596.689,596.689,596.689
1,5.514,5.514,5.514
2,5251.7888,2625.8944,3953.9884
1,32.5754,32.5754,32.5754
2,147.3407,73.67035,104.3783
2,2413.2178000000004,1206.6089000000002,1307.7344
2,6572.8053,3286.40265,3953.9884
1,71.7919,71.7919,71.7919
2,3425.4559,1712.72795,2560.2519
1,104.3783,104.3783,104.3783
1,2653.0277,2653.0277,2653.0277
1,139.5394,139.5394,139.5394
2,109.9144,54.9572,55.239
3,9000.5897,3000.196566666667,3729.364
1,26.2769,26.2769,26.2769
2,4324.7739,2162.38695,2410.6266
1,2288.9187,2288.9187,2288.9187
2,2885.2305,1442.61525,2264.2536
1,44.1779,44.1779,44.1779
1,94.4554,94.4554,94.4554
2,1805.5038,902.7519,940.2998
1,8.0444,8.0444,8.0444
1,5.514,5.514,5.514
1,87.2729,87.2729,87.2729
1,1253.5894,1253.5894,1253.5894
1,77.339,77.339,77.339
1,33.139,33.139,33.139
3,7508.6057,2502.8685666666665,2673.0613
2,182.2256,91.1128,106.0137
2,4941.272800000001,2470.6364000000003,3953.9884
1,16.5529,16.5529,16.5529
1,87.2729,87.2729,87.2729
1,183.7394,183.7394,183.7394
1,86.7204,86.7204,86.7204
1,136.4454,136.4454,136.4454
1,2703.9903,2703.9903,2703.9903
2,5185.635200000001,2592.8176000000003,2775.0086
1,44.1779,44.1779,44.1779
1,5.514,5.514,5.514
1,5.514,5.514,5.514
1,681.6856,681.6856,681.6856
2,171.27499999999998,85.63749999999999,132.6
1,26.8184,26.8184,26.8184
1,2673.0613,2673.0613,2673.0613
2,66.278,33.139,38.664
1,5.514,5.514,5.514
2,5248.7611,2624.38055,2688.5092
1,142.5119,142.5119,142.5119
2,3456.3848,1728.1924,2591.1808
1,109.3508,109.3508,109.3508
2,6598.3197,3299.15985,3953.9884
3,178.2145,59.40483333333333,106.1574
2,2118.7934,1059.3967,1253.5894
1,77.3169,77.3169,77.3169
3,9049.3976,3016.465866666667,3729.364
1,1286.7394,1286.7394,1286.7394
3,7586.455,2528.818333333333,3953.9884
1,71.7919,71.7919,71.7919
1,76.2119,76.2119,76.2119
2,99.6821,49.84105,55.239
2,6692.5541,3346.27705,3953.9884
2,5920.8553,2960.42765,3953.9884
2,90.8863,45.44315,64.6094
2,141.8931,70.94655,94.4554
1,2574.639,2574.639,2574.639
1,38.664,38.664,38.664
1,44.1779,44.1779,44.1779
2,5435.8266,2717.9133,2735.9248
1,623.1758,623.1758,623.1758
1,1918.2579,1918.2579,1918.2579
1,77.3169,77.3169,77.3169
1,43.0729,43.0729,43.0729
2,4203.5065,2101.75325,2264.2536
1,70.6869,70.6869,70.6869
1,33.1279,33.1279,33.1279
2,1506.0709,753.03545,865.204
1,77.3169,77.3169,77.3169
2,26.8184,13.4092,24.2879
1,77.339,77.339,77.339
1,1276.8054,1276.8054,1276.8054
1,38.5535,38.5535,38.5535
1,67.4934,67.4934,67.4934
1,60.7529,60.7529,60.7529
1,634.2479,634.2479,634.2479
2,3335.2547,1667.62735,2699.9018
4,9686.1306,2421.53265,4896.6806
2,5025.564899999999,2512.78245,2614.9383
1,3953.9884,3953.9884,3953.9884
3,7940.960999999999,2646.987,2699.9018
2,2049.6728000000003,1024.8364,1105.4834
1,41.1834,41.1834,41.1834
1,149.1529,149.1529,149.1529
1,40.0784,40.0784,40.0784
2,1492.5788,746.2894,865.204
2,6528.6274,3264.3137,3953.9884
2,2343.6249,1171.81245,1238.1415
2,11.028,5.514,5.514
1,11.039,11.039,11.039
1,77.3169,77.3169,77.3169
1,2623.5242,2623.5242,2623.5242
1,606.6229,606.6229,606.6229
1,1238.1415,1238.1415,1238.1415
1,2574.6279,2574.6279,2574.6279
1,76.2119,76.2119,76.2119
1,23.7465,23.7465,23.7465
7,12230.1493,1747.1641857142858,2673.0613
1,2740.3337,2740.3337,2740.3337
1,30.1444,30.1444,30.1444
1,15.4479,15.4479,15.4479
2,4977.427900000001,2488.7139500000003,2688.5092
1,82.2783,82.2783,82.2783
2,3431.3234,1715.6617,2566.1194
2,3561.393,1780.6965,2696.189
3,7535.1257,2511.7085666666667,2644.3313
1,5.514,5.514,5.514
1,104.3783,104.3783,104.3783
2,6556.2413,3278.12065,3953.9884
1,27.614,27.614,27.614
1,635.3529,635.3529,635.3529
2,6531.157800000001,3265.5789000000004,3953.9884
2,5318.9396,2659.4698,2673.0613
1,8.0444,8.0444,8.0444
2,4812.9491,2406.47455,3953.9884
1,77.3169,77.3169,77.3169
1,5.514,5.514,5.514
2,4709.5543,2354.77715,3953.9884
1,5.514,5.514,5.514
4,59709.5091,14927.377275,32057.1254
1,83.9469,83.9469,83.9469
3,98.3009,32.76696666666667,59.659
1,8.7848,8.7848,8.7848
1,132.5779,132.5779,132.5779
1,8.0444,8.0444,8.0444
1,70.6869,70.6869,70.6869
2,56.9849,28.49245,36.023
4,2092.0874,523.02185,820.7527
3,6305.5528,2101.8509333333336,2552.5169
1,11.039,11.039,11.039
3,7983.2715,2661.0905,2699.9018
1,5.514,5.514,5.514
1,55.239,55.239,55.239
1,44.1779,44.1779,44.1779
1,23.7465,23.7465,23.7465
1,3953.9884,3953.9884,3953.9884
1,2644.3313,2644.3313,2644.3313
1,1276.8054,1276.8054,1276.8054
1,3953.9884,3953.9884,3953.9884
2,1781.2159,890.60795,916.0119
2,3401.5326,1700.7663,2699.9018
1,40.432,40.432,40.432
2,90.4001,45.200050000000005,47.4377
1,1895.0419,1895.0419,1895.0419
1,201.9719,201.9719,201.9719
1,132.5779,132.5779,132.5779
2,4392.411,2196.2055,2410.6266
5,232.1495,46.4299,79.0959
2,3442.3734000000004,1721.1867000000002,2577.1694
3,226.3151,75.43836666666665,106.1574
1,26.2769,26.2769,26.2769
2,5229.813099999999,2614.90655,2819.1865
1,620.4354,620.4354,620.4354
1,106.5883,106.5883,106.5883
1,5.514,5.514,5.514
1,3953.9884,3953.9884,3953.9884
1,35.0617,35.0617,35.0617
2,216.5248,108.2624,132.5779
2,3632.4887,1816.24435,2699.9018
1,36.023,36.023,36.023
1,75.6815,75.6815,75.6815
1,210.2484,210.2484,210.2484
2,87.2509,43.62545,77.3169
1,30.1444,30.1444,30.1444
1,101.1959,101.1959,101.1959
2,92.798,46.399,59.659
2,6779.2745,3389.63725,3953.9884
2,3139.7893,1569.89465,2264.2536
1,2673.0613,2673.0613,2673.0613
1,54.1119,54.1119,54.1119
3,96.7649,32.25496666666667,44.189
1,2264.2536,2264.2536,2264.2536
2,2163.0044,1081.5022,1297.8004
1,44.1779,44.1779,44.1779
1,50.7748,50.7748,50.7748
2,4910.6955,2455.34775,2646.4419
1,715.9737,715.9737,715.9737
2,70.68690000000001,35.343450000000004,38.664
1,1276.8054,1276.8054,1276.8054
3,7629.0397,2543.0132333333336,2694.0563
4,92154.313,23038.57825,31091.8093
1,8.0444,8.0444,8.0444
2,79.8363,39.91815,71.7919
2,2142.0094,1071.0047,1276.8054
1,1897.5723,1897.5723,1897.5723
8,132424.06403399998,26111.29106147616,40003.72408799979
1,889.8897,889.8897,889.8897
1,37.5479,37.5479,37.5479
2,4647.8953,2323.94765,3953.9884
1,8.0444,8.0444,8.0444
2,6764.489600000001,3382.2448000000004,3953.9884
2,1712.1063,856.05315,1105.4834
2,99.428,49.714,55.239
3,228.3262,76.10873333333333,98.8533
2,4855.4344,2427.7172,2591.1808
2,3338.2299000000003,1669.11495,2410.6266
3,184.9771,61.65903333333333,98.8533
2,4999.5279,2499.76395,2710.6092
1,136.9979,136.9979,136.9979
1,68.4658,68.4658,68.4658
1,11.039,11.039,11.039
1,30.1444,30.1444,30.1444
2,1622.7901000000002,811.3950500000001,850.2865
1,38.675,38.675,38.675
1,40.0784,40.0784,40.0784
1,2560.2519,2560.2519,2560.2519
1,87.2729,87.2729,87.2729
1,1381.0732,1381.0732,1381.0732
3,5739.0602,1913.0200666666667,2570.1858
2,232.6468,116.3234,134.3349
1,44.1779,44.1779,44.1779
1,8.0444,8.0444,8.0444
2,135.8598,67.9299,70.6869
1,44.1779,44.1779,44.1779
1,5.514,5.514,5.514
1,44.1779,44.1779,44.1779
3,7110.3878,2370.129266666667,3953.9884
2,4290.220600000001,2145.1103000000003,2410.6266
1,30.6859,30.6859,30.6859
3,9114.0511,3038.017033333333,3756.989
3,136.7991,45.599700000000006,86.1016
2,6572.8053,3286.40265,3953.9884
1,1238.1415,1238.1415,1238.1415
1,87.2729,87.2729,87.2729
1,683.9729,683.9729,683.9729
1,34.2219,34.2219,34.2219
2,4586.3357000000005,2293.1678500000003,3953.9884
2,13.5584,6.7792,8.0444
1,44.1779,44.1779,44.1779
1,622.0708,622.0708,622.0708
2,4974.2156,2487.1078,2563.589
2,4611.375,2305.6875,3953.9884
1,1293.3804,1293.3804,1293.3804
2,26.8184,13.4092,24.2879
1,1934.8329,1934.8329,1934.8329
1,114.3454,114.3454,114.3454
1,25.6581,25.6581,25.6581
1,5.514,5.514,5.514
1,2670.1552,2670.1552,2670.1552
1,2673.0613,2673.0613,2673.0613
1,1307.7344,1307.7344,1307.7344
1,33.6804,33.6804,33.6804
3,161.1312,53.7104,62.9519
1,74.687,74.687,74.687
1,77.339,77.339,77.339
1,33.6804,33.6804,33.6804
1,48.5979,48.5979,48.5979
4,10411.2134,2602.80335,2710.6092
1,75.6815,75.6815,75.6815
2,5336.476000000001,2668.2380000000003,3953.9884
2,107.1298,53.5649,62.9519
1,632.3473,632.3473,632.3473
2,5138.0622,2569.0311,3756.989
1,136.9979,136.9979,136.9979
2,212.6794,106.3397,153.0204
3,8975.948199999999,2991.982733333333,3756.989
1,820.2968,820.2968,820.2968
1,46.7194,46.7194,46.7194
1,33.139,33.139,33.139
2,5246.9047,2623.45235,2699.9018
1,364.8172,364.8172,364.8172
2,3627.5051,1813.75255,2699.9018
1,46.3327,46.3327,46.3327
1,11.039,11.039,11.039
1,2658.0444,2658.0444,2658.0444
1,275.7859,275.7859,275.7859
1,16.8292,16.8292,16.8292
1,1418.6211,1418.6211,1418.6211
3,9110.7361,3036.912033333333,3729.364
1,15.4479,15.4479,15.4479
2,6568.3632,3284.1816,3953.9884
1,68.4658,68.4658,68.4658
1,123.7158,123.7158,123.7158
1,622.0708,622.0708,622.0708
3,9180.992,3060.3306666666667,3953.9884
2,3044.7363,1522.36815,1939.2529
1,3953.9884,3953.9884,3953.9884
2,87.2398,43.6199,54.1119
8,24927.7595,3115.9699375,8178.9157
2,3680.791,1840.3955,2410.6266
1,2576.8048,2576.8048,2576.8048
1,132.5558,132.5558,132.5558
1,9.934,9.934,9.934
1,676.1937,676.1937,676.1937
2,6699.847100000001,3349.9235500000004,3953.9884
1,104.4004,104.4004,104.4004
2,1500.5569,750.27845,865.204
2,180.6123,90.30615,104.4004
1,1248.0754,1248.0754,1248.0754
2,4910.6955,2455.34775,2646.4419
1,130.3458,130.3458,130.3458
1,5.514,5.514,5.514
2,118.6992,59.3496,109.9144
1,122.0583,122.0583,122.0583
6,11634.1343,1939.0223833333328,2764.6658
2,123.7158,61.8579,69.5929
1,8.0444,8.0444,8.0444
1,596.689,596.689,596.689
1,38.664,38.664,38.664
2,6572.7942,3286.3971,3953.9884
1,48.5979,48.5979,48.5979
1,44.1779,44.1779,44.1779
1,110.4558,110.4558,110.4558
1,2588.9266,2588.9266,2588.9266
1,38.675,38.675,38.675
1,136.9758,136.9758,136.9758
1,690.5919,690.5919,690.5919
1,114.3454,114.3454,114.3454
1,640.8669,640.8669,640.8669
1,5.514,5.514,5.514
1,2688.5092,2688.5092,2688.5092
1,8.0444,8.0444,8.0444
2,5192.1299,2596.06495,3953.9884
3,7699.397,2566.4656666666665,3729.364
1,70.6869,70.6869,70.6869
2,3586.7191000000003,1793.35955,2288.9187
1,79.0959,79.0959,79.0959
3,259.5977,86.53256666666665,132.6
1,624.8444,624.8444,624.8444
4,375.1255,93.781375,148.0258
1,46.7194,46.7194,46.7194
1,43.0729,43.0729,43.0729
1,67.9023,67.9023,67.9023
2,71.27250000000001,35.636250000000004,35.6694
1,44.1779,44.1779,44.1779
1,76.2119,76.2119,76.2119
2,4869.4478,2434.7239,3953.9884
1,43.0729,43.0729,43.0729
1,2410.6266,2410.6266,2410.6266
1,97.7041,97.7041,97.7041
1,44.1779,44.1779,44.1779
1,671.7958,671.7958,671.7958
2,4182.5115000000005,2091.2557500000003,2264.2536
2,3641.4474,1820.7237,2535.964
1,635.3529,635.3529,635.3529
1,5.514,5.514,5.514
1,1276.8054,1276.8054,1276.8054
1,42.9624,42.9624,42.9624
1,77.339,77.339,77.339
1,2618.8169,2618.8169,2618.8169
1,76.2119,76.2119,76.2119
1,44.1779,44.1779,44.1779
1,2587.3133,2587.3133,2587.3133
2,2163.0044,1081.5022,1297.8004
1,71.2394,71.2394,71.2394
3,205.4638,68.48793333333333,103.2954
1,2674.4757,2674.4757,2674.4757
2,6500.9913,3250.49565,3953.9884
1,16.5529,16.5529,16.5529
1,2709.8357,2709.8357,2709.8357
2,5276.3861,2638.19305,2649.8453
1,2662.9948,2662.9948,2662.9948
2,3347.1315,1673.56575,2574.6279
1,2410.6266,2410.6266,2410.6266
2,4804.2749,2402.13745,3953.9884
2,5017.219,2508.6095,2728.3003
3,164.5788,54.8596,82.8529
2,49.2499,24.62495,46.7194
1,1276.8054,1276.8054,1276.8054
1,76.2119,76.2119,76.2119
2,1543.0663,771.53315,865.204
1,32.034,32.034,32.034
8,97102.3608,12137.7951,23996.1226
1,1238.1415,1238.1415,1238.1415
2,4639.1547,2319.57735,2699.9018
1,79.5269,79.5269,79.5269
2,5147.9962,2573.9981,3756.989
4,132424.06403399998,26111.29106147616,40003.72408799979
2,2163.0044,1081.5022,1297.8004
5,13921.0304,2784.20608,4827.109
2,4908.5849,2454.29245,2644.3313
1,75.6815,75.6815,75.6815
2,1461.893,730.9465,865.204
2,3168.8744,1584.4372,2288.9187
1,1276.8054,1276.8054,1276.8054
1,623.7504,623.7504,623.7504
2,285.0569,142.52845,219.884
1,35.3269,35.3269,35.3269
1,44.1779,44.1779,44.1779
2,6692.5541,3346.27705,3953.9884
1,687.2658,687.2658,687.2658
1,30.1444,30.1444,30.1444
1,15.4479,15.4479,15.4479
1,33.0727,33.0727,33.0727
1,138.114,138.114,138.114
1,8.0444,8.0444,8.0444
2,4804.2749,2402.13745,3953.9884
1,27.614,27.614,27.614
2,119.8484,59.9242,109.9144
2,148.3242,74.1621,145.7937
3,273.4433,91.14776666666668,175.695
1,668.4808,668.4808,668.4808
1,24.2879,24.2879,24.2879
3,4018.7837,1339.5945666666669,2264.2536
1,16.5529,16.5529,16.5529
1,2696.189,2696.189,2696.189
1,66.2779,66.2779,66.2779
2,3516.4084,1758.2042,2625.4248
1,5.514,5.514,5.514
2,4974.2156,2487.1078,2563.589
1,3953.9884,3953.9884,3953.9884
1,1303.8669,1303.8669,1303.8669
1,857.8447,857.8447,857.8447
1,19.0834,19.0834,19.0834
1,44.1779,44.1779,44.1779
4,7944.6739,1986.168475,3756.989
1,41.1834,41.1834,41.1834
1,2740.3337,2740.3337,2740.3337
1,106.5883,106.5883,106.5883
1,3756.989,3756.989,3756.989
2,162.3688,81.1844,99.4169
2,6767.661,3383.8305,3953.9884
1,72.8858,72.8858,72.8858
1,164.6229,164.6229,164.6229
1,850.2865,850.2865,850.2865
1,2288.9187,2288.9187,2288.9187
1,1293.3804,1293.3804,1293.3804
2,3469.6338,1734.8168999999998,2604.4298
5,14581.1824,2916.23648,3953.9884
2,89.79230000000001,44.896150000000006,82.8529
1,3953.9884,3953.9884,3953.9884
2,3018.3545,1509.17725,2410.6266
1,44.1779,44.1779,44.1779
1,33.1279,33.1279,33.1279
1,16.8292,16.8292,16.8292
1,1238.1415,1238.1415,1238.1415
1,883.4254,883.4254,883.4254
2,6708.002,3354.001,3953.9884
1,30.6859,30.6859,30.6859
1,1307.7344,1307.7344,1307.7344
2,1994.4338,997.2169,1105.4834
1,1922.1033,1922.1033,1922.1033
1,5.514,5.514,5.514
1,2288.9187,2288.9187,2288.9187
1,62.9519,62.9519,62.9519
2,6545.1692,3272.5846,3953.9884
1,142.5119,142.5119,142.5119
1,32.0229,32.0229,32.0229
3,5692.6392000000005,1897.5464,2574.639
1,65.1729,65.1729,65.1729
2,4239.199500000001,2119.5997500000003,2288.9187
4,8837.7012,2209.4253,2673.0613
1,596.689,596.689,596.689
2,2783.4619,1391.73095,1918.2579
2,4618.1597,2309.07985,2699.9018
3,7403.0249,2467.674966666667,3953.9884
1,15.4479,15.4479,15.4479
1,612.1369,612.1369,612.1369
2,70.68690000000001,35.343450000000004,38.664
8,132424.06403399998,26111.29106147616,40003.72408799979
4,199.7068,49.9267,76.2119
3,8975.9483,2991.9827666666665,3729.364
3,197.1873,65.7291,136.9979
1,132.5779,132.5779,132.5779
2,152.4238,76.2119,76.2119
1,2645.8673,2645.8673,2645.8673
1,30.6859,30.6859,30.6859
1,2634.3974,2634.3974,2634.3974
1,596.689,596.689,596.689
2,74.22290000000001,37.111450000000005,38.5535
1,152.9873,152.9873,152.9873
3,7561.0712,2520.357066666667,2649.8453
1,110.5995,110.5995,110.5995
3,6294.2896,2098.0965333333334,2608.8498
1,680.0944,680.0944,680.0944
2,85.3834,42.6917,55.239
2,94.1681,47.084050000000005,82.8529
1,70.6869,70.6869,70.6869
2,4209.573,2104.7865,2264.2536
2,5438.467500000001,2719.2337500000003,2738.5657
2,5210.6193,2605.30965,2799.9927
2,4842.9278,2421.4639,3953.9884
8,5696.577,712.072125,2768.7414
5,1935.1035,387.0207,970.1276
1,134.2023,134.2023,134.2023
1,635.3529,635.3529,635.3529
7,6040.9608,862.9943999999999,1650.7273
2,5833.5824,2916.7912,3953.9884
1,5.514,5.514,5.514
2,168.4573,84.22865,130.9094
1,77.3169,77.3169,77.3169
2,4860.9815,2430.49075,2596.7279
2,3468.6705,1734.33525,2696.1669
1,2674.4757,2674.4757,2674.4757
2,3431.3234,1715.6617,2566.1194
1,6.9394,6.9394,6.9394
3,7387.543900000001,2462.5146333333337,3953.9884
1,44.1779,44.1779,44.1779
1,26.8184,26.8184,26.8184
1,1384.9186,1384.9186,1384.9186
1,2264.2536,2264.2536,2264.2536
1,141.3848,141.3848,141.3848
2,3685.6363,1842.81815,2580.1529
1,1342.4093,1342.4093,1342.4093
2,4438.2685,2219.13425,2410.6266
2,4876.7956,2438.3978,2587.8769
1,35.6694,35.6694,35.6694
1,5.514,5.514,5.514
1,25.3377,25.3377,25.3377
1,30.1444,30.1444,30.1444
1,44.1779,44.1779,44.1779
2,6568.9267,3284.46335,3953.9884
1,1381.0732,1381.0732,1381.0732
1,30.1444,30.1444,30.1444
1,11.039,11.039,11.039
2,2142.0094,1071.0047,1276.8054
1,66.8194,66.8194,66.8194
1,1911.6169,1911.6169,1911.6169
8,1289.6131,47.76344814814815,106.1574
1,905.5033,905.5033,905.5033
1,159.6173,159.6173,159.6173
1,38.5535,38.5535,38.5535
1,44.1779,44.1779,44.1779
1,77.339,77.339,77.339
1,2598.9158,2598.9158,2598.9158
1,622.0708,622.0708,622.0708
1,2644.3313,2644.3313,2644.3313
2,2103.3455,1051.67275,1238.1415
2,4844.3955000000005,2422.1977500000003,2580.1419
1,16.5529,16.5529,16.5529
1,23.7465,23.7465,23.7465
1,3953.9884,3953.9884,3953.9884
2,2118.7934,1059.3967,1253.5894
1,5.514,5.514,5.514
1,2604.7944,2604.7944,2604.7944
1,77.339,77.339,77.339
1,41.1834,41.1834,41.1834
1,101.6269,101.6269,101.6269
1,2673.0613,2673.0613,2673.0613
1,14.2987,14.2987,14.2987
1,77.339,77.339,77.339
1,622.9659,622.9659,622.9659
2,141.9263,70.96315,75.1069
2,2809.9709000000003,1404.98545,1944.7669
1,71.7919,71.7919,71.7919
1,26.8184,26.8184,26.8184
1,1308.8283,1308.8283,1308.8283
1,5.514,5.514,5.514
2,3431.3234,1715.6617,2566.1194
1,16.5529,16.5529,16.5529
1,71.7919,71.7919,71.7919
1,8.0444,8.0444,8.0444
1,3953.9884,3953.9884,3953.9884
2,142.5119,71.25595,82.8529
1,80.6208,80.6208,80.6208
1,77.339,77.339,77.339
3,9198.2853,3066.0951,3953.9884
1,2694.0563,2694.0563,2694.0563
1,49.6256,49.6256,49.6256
1,1293.3804,1293.3804,1293.3804
1,1297.8004,1297.8004,1297.8004
1,87.2729,87.2729,87.2729
1,34.5534,34.5534,34.5534
1,142.5119,142.5119,142.5119
4,7818.1734,1954.54335,3756.989
2,166.7998,83.3999,89.4608
1,43.0729,43.0729,43.0729
1,865.204,865.204,865.204
1,44.1779,44.1779,44.1779
1,5.514,5.514,5.514
2,5149.192300000001,2574.5961500000003,2738.5657
1,79.0959,79.0959,79.0959
1,3953.9884,3953.9884,3953.9884
1,2673.0613,2673.0613,2673.0613
1,35.6694,35.6694,35.6694
1,1879.594,1879.594,1879.594
1,666.8565,666.8565,666.8565
1,5.514,5.514,5.514
2,87.2509,43.62545,77.3169
1,66.8194,66.8194,66.8194
1,76.2119,76.2119,76.2119
1,55.2169,55.2169,55.2169
1,16.5529,16.5529,16.5529
1,70.1344,70.1344,70.1344
8,132424.06403399998,26111.29106147616,40003.72408799979
2,1461.893,730.9465,865.204
2,4579.495800000001,2289.7479000000003,2699.9018
1,835.7447,835.7447,835.7447
1,44.1779,44.1779,44.1779
1,40.8077,40.8077,40.8077
2,4827.8426,2413.9213,2563.589
2,6627.0497,3313.52485,3953.9884
2,184.4135,92.20675,107.0966
1,5.514,5.514,5.514
2,3637.4391,1818.71955,2699.9018
1,6.9394,6.9394,6.9394
1,38.675,38.675,38.675
1,44.1779,44.1779,44.1779
1,55.2169,55.2169,55.2169
2,6525.5555,3262.77775,3953.9884
2,3402.923,1701.4615,2630.4194
1,620.4354,620.4354,620.4354
2,2343.6249,1171.81245,1238.1415
1,146.9319,146.9319,146.9319
1,43.0729,43.0729,43.0729
2,93.914,46.957,55.239
2,57.360600000000005,28.680300000000003,32.0229
1,60.7529,60.7529,60.7529
1,48.5979,48.5979,48.5979
2,3326.086,1663.043,2410.6266
2,4611.5187000000005,2305.7593500000003,2699.9018
1,11.039,11.039,11.039
2,194.4027,97.20135,98.3229
2,3038.0014,1519.0007,2410.6266
1,65.1729,65.1729,65.1729
1,27.614,27.614,27.614
1,35.6584,35.6584,35.6584
1,44.1779,44.1779,44.1779
1,6.9394,6.9394,6.9394
1,2709.5042,2709.5042,2709.5042
1,56.8633,56.8633,56.8633
1,1293.3804,1293.3804,1293.3804
2,108.8094,54.4047,70.1344
1,44.1779,44.1779,44.1779
2,2142.0094,1071.0047,1276.8054
1,55.239,55.239,55.239
1,132.5779,132.5779,132.5779
1,2649.8453,2649.8453,2649.8453
1,77.339,77.339,77.339
1,2288.9187,2288.9187,2288.9187
1,5.514,5.514,5.514
3,7546.4645,2515.4881666666665,2688.5092
2,2128.7273,1064.36365,1263.5233
2,2163.0044,1081.5022,1297.8004
1,1950.2808,1950.2808,1950.2808
1,40.0784,40.0784,40.0784
2,6738.9310000000005,3369.4655,3953.9884
1,1911.6169,1911.6169,1911.6169
1,98.3229,98.3229,98.3229
1,77.339,77.339,77.339
1,14.2987,14.2987,14.2987
1,26.2769,26.2769,26.2769
1,70.6869,70.6869,70.6869
1,145.2412,145.2412,145.2412
2,6556.2524,3278.1262,3953.9884
3,8971.5283,2990.509433333333,3756.989
1,16.5529,16.5529,16.5529
1,24.2879,24.2879,24.2879
3,5746.7289,1915.5763,2613.2808
1,43.0729,43.0729,43.0729
1,38.664,38.664,38.664
1,66.8194,66.8194,66.8194
2,239.1221,119.56105,161.8052
1,5.514,5.514,5.514
1,98.8533,98.8533,98.8533
2,6534.130300000001,3267.0651500000004,3953.9884
1,71.7919,71.7919,71.7919
1,5.514,5.514,5.514
1,77.339,77.339,77.339
1,1934.8329,1934.8329,1934.8329
1,8.0444,8.0444,8.0444
2,2172.9384,1086.4692,1307.7344
2,259.0562,129.5281,165.1533
2,4933.25,2466.625,2644.3313
1,35.6584,35.6584,35.6584
2,43.736,21.868,41.2055
2,4237.7505,2118.87525,2264.2536
1,33.1279,33.1279,33.1279
1,37.5479,37.5479,37.5479
1,650.8008,650.8008,650.8008
2,1655.929,827.9645,883.4254
1,2644.3313,2644.3313,2644.3313
1,83.4054,83.4054,83.4054
1,5.514,5.514,5.514
4,135.7383,33.934575,44.189
1,5.514,5.514,5.514
2,1802.7634,901.3817,937.5594
1,87.2729,87.2729,87.2729
1,65.1729,65.1729,65.1729
2,5319.204900000001,2659.6024500000003,2720.0128
1,30.1444,30.1444,30.1444
2,125.9038,62.9519,71.7919
1,44.1779,44.1779,44.1779
1,43.0729,43.0729,43.0729
1,44.1779,44.1779,44.1779
8,8393.509,1049.188625,3421.19
1,87.2729,87.2729,87.2729
1,44.1779,44.1779,44.1779
2,3060.1842,1530.0921,1954.7008
1,35.6694,35.6694,35.6694
8,132424.06403399998,26111.29106147616,40003.72408799979
1,1396.5211,1396.5211,1396.5211
1,2563.589,2563.589,2563.589
2,120.7103,60.35515,79.5269
1,44.1779,44.1779,44.1779
1,55.2169,55.2169,55.2169
2,5008.437400000001,2504.2187000000004,2597.8108
1,1964.6348,1964.6348,1964.6348
1,1918.2579,1918.2579,1918.2579
2,3044.7363,1522.36815,1939.2529
1,87.2508,87.2508,87.2508
1,1934.8329,1934.8329,1934.8329
1,47.4819,47.4819,47.4819
2,6679.272000000001,3339.6360000000004,3953.9884
1,44.1779,44.1779,44.1779
2,6597.1042,3298.5521,3953.9884
1,104.3783,104.3783,104.3783
1,606.6229,606.6229,606.6229
1,79.0959,79.0959,79.0959
1,44.1779,44.1779,44.1779
1,16.8292,16.8292,16.8292
1,77.3169,77.3169,77.3169
1,66.8194,66.8194,66.8194
4,373.3796,93.3449,136.9979
1,2657.4698,2657.4698,2657.4698
1,860.3751,860.3751,860.3751
6,7841.741400000001,1306.9569,3835.5821
1,26.4869,26.4869,26.4869
1,42.9624,42.9624,42.9624
1,35.6584,35.6584,35.6584
1,46.7194,46.7194,46.7194
1,2634.3974,2634.3974,2634.3974
1,8.0444,8.0444,8.0444
2,3042.9739,1521.48695,2410.6266
1,207.7582,207.7582,207.7582
1,635.3529,635.3529,635.3529
1,16.5529,16.5529,16.5529
3,7348.9131,2449.6377,3953.9884
1,68.4658,68.4658,68.4658
1,41.9127,41.9127,41.9127
2,6517.5774,3258.7887,3953.9884
2,4290.220600000001,2145.1103000000003,2410.6266
2,6373.695299999999,3186.84765,3729.364
2,3616.5968,1808.2984,2264.2536
8,20895.9208,2321.7689777777778,5093.9316
1,2560.2519,2560.2519,2560.2519
4,11966.2882,2991.57205,3953.9884
2,131.4287,65.71435,87.2508
1,32.0229,32.0229,32.0229
1,5.514,5.514,5.514
3,6460.1327,2153.3775666666666,2209.8762
1,38.675,38.675,38.675
2,152.44580000000002,76.22290000000001,82.8529
1,635.3529,635.3529,635.3529
2,87.5713,43.78565,79.5269
2,43.371300000000005,21.685650000000003,40.8408
1,42.9624,42.9624,42.9624
1,60.7529,60.7529,60.7529
1,44.1779,44.1779,44.1779
2,6708.002,3354.001,3953.9884
1,8.0444,8.0444,8.0444
2,4359.8135,2179.90675,2410.6266
1,15.4479,15.4479,15.4479
2,6492.4828,3246.2414,3953.9884
2,3558.973,1779.4865,2699.9018
1,1366.6419,1366.6419,1366.6419
1,27.614,27.614,27.614
8,935.6812,58.480075,136.9979
1,132.5779,132.5779,132.5779
2,4880.0995,2440.04975,2591.1808
1,77.339,77.339,77.339
1,38.664,38.664,38.664
1,1297.8004,1297.8004,1297.8004
1,6.9394,6.9394,6.9394
1,28.1554,28.1554,28.1554
1,596.689,596.689,596.689
4,98531.0126,24632.75315,32294.6471
1,606.6229,606.6229,606.6229
1,77.3169,77.3169,77.3169
2,4904.4095,2452.20475,2615.4908
1,16.5529,16.5529,16.5529
1,132.5779,132.5779,132.5779
3,308.5492,102.84973333333332,182.6344
4,317.0025,79.250625,132.5558
1,1381.0732,1381.0732,1381.0732
2,6598.3197,3299.15985,3953.9884
2,47.4598,23.7299,38.675
1,87.2729,87.2729,87.2729
2,5215.8984,2607.9492,2644.3313
1,884.9061,884.9061,884.9061
1,1918.2579,1918.2579,1918.2579
1,44.1779,44.1779,44.1779
1,83.9469,83.9469,83.9469
2,6406.8343,3203.41715,3756.989
1,2563.589,2563.589,2563.589
1,2715.3497,2715.3497,2715.3497
1,8.0444,8.0444,8.0444
1,1879.594,1879.594,1879.594
1,8.0444,8.0444,8.0444
2,101.9584,50.9792,55.239
1,676.2158,676.2158,676.2158
1,30.1444,30.1444,30.1444
3,7525.1918,2508.397266666667,2673.0613
1,9.934,9.934,9.934
1,1297.8004,1297.8004,1297.8004
2,6669.338100000001,3334.6690500000004,3953.9884
1,622.9659,622.9659,622.9659
2,89.7924,44.8962,55.239
1,44.1779,44.1779,44.1779
1,76.7533,76.7533,76.7533
1,94.4554,94.4554,94.4554
1,5.514,5.514,5.514
1,54.1119,54.1119,54.1119
2,142.5008,71.2504,82.8529
1,38.6529,38.6529,38.6529
2,6732.9861,3366.49305,3953.9884
4,288.825,72.20625,109.9144
1,1879.594,1879.594,1879.594
2,6528.6163,3264.30815,3953.9884
1,16.5529,16.5529,16.5529
1,1238.1415,1238.1415,1238.1415
1,24.5973,24.5973,24.5973
8,132424.06403399998,26111.29106147616,40003.72408799979
1,24.2879,24.2879,24.2879
2,106.3784,53.1892,59.659
1,54.1119,54.1119,54.1119
1,2668.564,2668.564,2668.564
1,8.0444,8.0444,8.0444
1,40.432,40.432,40.432
3,7682.6037,2560.8679,2673.0613
4,8382.7842,2095.69605,3756.989
1,104.4004,104.4004,104.4004
2,2178.4523,1089.22615,1313.2483
2,6719.6156,3359.8078,3953.9884
2,1658.4595,829.22975,885.9559
1,1945.3194,1945.3194,1945.3194
2,3541.059,1770.5295,2264.2536
1,24.2879,24.2879,24.2879
2,4234.2381000000005,2117.11905,2288.9187
1,2563.589,2563.589,2563.589
1,82.8529,82.8529,82.8529
2,113.6493,56.82465,70.6869
1,3953.9884,3953.9884,3953.9884
1,46.7194,46.7194,46.7194
1,35.6694,35.6694,35.6694
1,26.8184,26.8184,26.8184
2,3573.8904999999995,1786.9452499999998,2708.6865
3,7525.0055,2508.3351666666667,2700.1228
1,5.514,5.514,5.514
2,54.9185,27.45925,39.4706
2,156.8879,78.44395,132.6
1,33.6804,33.6804,33.6804
2,5146.8801,2573.44005,3729.364
3,6247.5797,2082.526566666667,2602.2529
2,2382.2888000000003,1191.1444,1276.8054
1,35.6584,35.6584,35.6584
2,69.7808,34.8904,42.9624
1,16.5529,16.5529,16.5529
1,2659.7792,2659.7792,2659.7792
2,146.90980000000002,73.45490000000001,77.3169
1,75.6815,75.6815,75.6815
1,635.3529,635.3529,635.3529
2,3403.6984,1701.8492,2538.4944
1,8.0444,8.0444,8.0444
1,987.2844,987.2844,987.2844
1,1297.8004,1297.8004,1297.8004
2,4789.7441,2394.87205,2699.9018
2,6517.5774,3258.7887,3953.9884
1,77.339,77.339,77.339
1,606.6229,606.6229,606.6229
1,44.1779,44.1779,44.1779
1,47.4819,47.4819,47.4819
1,44.1779,44.1779,44.1779
2,3191.8569,1595.92845,2264.2536
1,1939.2529,1939.2529,1939.2529
1,77.3169,77.3169,77.3169
2,3316.1299,1658.06495,2410.6266
2,3641.4474,1820.7237,2535.964
1,44.1779,44.1779,44.1779
2,85.0187,42.50935,44.1779
3,211.3313,70.44376666666666,132.6
2,6556.2524,3278.1262,3953.9884
1,1945.3194,1945.3194,1945.3194
8,124014.5979,10334.549825,39130.2034
1,787.0584,787.0584,787.0584
1,28.1554,28.1554,28.1554
1,54.1119,54.1119,54.1119
1,43.0729,43.0729,43.0729
1,2288.9187,2288.9187,2288.9187
1,87.2729,87.2729,87.2729
1,2587.8769,2587.8769,2587.8769
1,38.6529,38.6529,38.6529
1,1268.2859,1268.2859,1268.2859
2,4967.5055,2483.75275,3729.364
1,24.2879,24.2879,24.2879
2,6528.6163,3264.30815,3953.9884
1,1879.594,1879.594,1879.594
1,1934.8329,1934.8329,1934.8329
1,180.104,180.104,180.104
1,43.0729,43.0729,43.0729
1,44.1779,44.1779,44.1779
1,1418.6211,1418.6211,1418.6211
2,6509.0357,3254.51785,3953.9884
2,3502.3951,1751.19755,2264.2536
1,14.3429,14.3429,14.3429
1,66.2779,66.2779,66.2779
2,4970.878500000001,2485.4392500000004,2560.2519
1,596.689,596.689,596.689
2,98.3008,49.150400000000005,82.8529
1,41.1834,41.1834,41.1834
2,3533.768,1766.884,2668.564
1,85.0519,85.0519,85.0519
1,47.4819,47.4819,47.4819
1,26.2769,26.2769,26.2769
1,44.1779,44.1779,44.1779
1,37.5479,37.5479,37.5479
1,5.514,5.514,5.514
1,1297.8004,1297.8004,1297.8004
1,40.432,40.432,40.432
1,59.659,59.659,59.659
1,26.4869,26.4869,26.4869
1,1934.8329,1934.8329,1934.8329
1,2775.0086,2775.0086,2775.0086
2,5057.068499999999,2528.53425,2646.4419
2,103.848,51.924,59.659
1,1961.8944,1961.8944,1961.8944
1,68.4658,68.4658,68.4658
2,3007.3156,1503.6578,2410.6266
2,6514.2403,3257.12015,3953.9884
2,1702.1724,851.0862,1105.4834
2,78.7534,39.3767,40.0784
2,56.8633,28.43165,32.5754
1,30.1444,30.1444,30.1444
2,3032.6974,1516.3487,2410.6266
1,147.4844,147.4844,147.4844
1,16.5529,16.5529,16.5529
1,1966.3144,1966.3144,1966.3144
1,44.1779,44.1779,44.1779
1,865.204,865.204,865.204
2,6476.383,3238.1915,3756.989
1,859.0712,859.0712,859.0712
1,32.0229,32.0229,32.0229
1,77.339,77.339,77.339
1,40.432,40.432,40.432
1,9.934,9.934,9.934
3,7443.8989,2481.299633333333,3953.9884
4,176.7228,44.1807,77.3169
1,87.2508,87.2508,87.2508
1,1238.1415,1238.1415,1238.1415
1,132.5779,132.5779,132.5779
1,79.0959,79.0959,79.0959
1,8.0444,8.0444,8.0444
4,9945.16,2486.29,4077.4302
1,11.039,11.039,11.039
2,175.65089999999998,87.82544999999999,98.3119
1,3953.9884,3953.9884,3953.9884
1,1276.8054,1276.8054,1276.8054
8,781.7878000000001,48.8617375,118.1798
1,79.5269,79.5269,79.5269
1,15.4479,15.4479,15.4479
2,5238.7857,2619.39285,2828.1591
2,3660.5307,1830.26535,2555.0473
1,16.5529,16.5529,16.5529
2,48.609,24.3045,38.675
1,77.3169,77.3169,77.3169
2,3316.1299,1658.06495,2410.6266
1,33.1279,33.1279,33.1279
2,6613.6571,3306.82855,3953.9884
2,3269.6978,1634.8489,2410.6266
1,1961.8944,1961.8944,1961.8944
1,62.9519,62.9519,62.9519
2,6402.4253,3201.21265,3729.364
8,77585.195,7053.199545454546,23095.3463
1,87.2729,87.2729,87.2729
2,6627.0497,3313.52485,3953.9884
1,24.2879,24.2879,24.2879
1,5.514,5.514,5.514
2,5872.246300000001,2936.1231500000004,3953.9884
2,6457.111800000001,3228.5559000000003,3756.989
2,2080.2380000000003,1040.119,1307.7344
3,5552.47,1850.8233333333333,2666.8623
1,2610.3084,2610.3084,2610.3084
1,8.0444,8.0444,8.0444
1,76.2119,76.2119,76.2119
1,33.139,33.139,33.139
2,5110.5284,2555.2642,2699.9018
2,3007.3156,1503.6578,2410.6266
1,620.4354,620.4354,620.4354
3,123.528,41.176,55.2279
1,16.5529,16.5529,16.5529
2,6598.3197,3299.15985,3953.9884
2,2985.0774,1492.5387,1879.594
1,8.0444,8.0444,8.0444
1,43.6144,43.6144,43.6144
2,129.7602,64.8801,65.1508
1,77.339,77.339,77.339
1,2577.1694,2577.1694,2577.1694
8,132424.06403399998,26111.29106147616,40003.72408799979
1,2615.4908,2615.4908,2615.4908
2,5319.4148000000005,2659.7074,2673.0613
1,2264.2536,2264.2536,2264.2536
1,33.1279,33.1279,33.1279
1,89.4608,89.4608,89.4608
1,26.2769,26.2769,26.2769
1,48.8631,48.8631,48.8631
1,635.3529,635.3529,635.3529
2,5467.2970000000005,2733.6485,2767.3952
1,66.8194,66.8194,66.8194
2,4774.2852,2387.1426,3953.9884
2,215.4309,107.71545,138.114
1,14.2987,14.2987,14.2987
2,6600.4303,3300.21515,3953.9884
3,5476.4113,1825.4704333333327,2615.4687
1,30.6859,30.6859,30.6859
1,77.3169,77.3169,77.3169
2,3455.6113,1727.8056499999998,2590.4073
2,6657.868200000001,3328.9341000000004,3953.9884
1,90.0133,90.0133,90.0133
1,109.3508,109.3508,109.3508
1,32.034,32.034,32.034
3,4423.1145,1474.3715,2677.9235
1,165.7279,165.7279,165.7279
2,3724.2892,1862.1446,2618.8058
2,1700.129,850.0645,927.6254
1,8.0444,8.0444,8.0444
1,879.9557,879.9557,879.9557
1,2535.964,2535.964,2535.964
1,44.1779,44.1779,44.1779
1,32.034,32.034,32.034
2,1740.8363,870.41815,1105.4834
3,6416.0196,2138.6732,2647.5358
1,82.2673,82.2673,82.2673
2,48.5869,24.29345,38.6529
2,47.4819,23.74095,37.5479
2,5129.2471000000005,2564.6235500000003,2718.6205
1,5.514,5.514,5.514
1,2698.7194,2698.7194,2698.7194
2,192.1927,96.09635,132.5337
8,132424.06403399998,26111.29106147616,40003.72408799979
2,4847.8892000000005,2423.9446000000003,3953.9884
1,800.5394,800.5394,800.5394
4,132424.06403399998,26111.29106147616,40003.72408799979
3,6208.4863000000005,2069.495433333333,2538.4944
2,3407.8449,1703.92245,2410.6266
1,8.0444,8.0444,8.0444
1,77.3169,77.3169,77.3169
2,3393.4689,1696.73445,2410.6266
1,101.6048,101.6048,101.6048
8,132424.06403399998,26111.29106147616,40003.72408799979
1,2699.9018,2699.9018,2699.9018
1,622.9659,622.9659,622.9659
2,1661.454,830.727,888.9504
1,136.9979,136.9979,136.9979
6,10309.8707,1718.311783333333,2728.3003
2,68.8084,34.4042,38.664
2,2369.0067,1184.50335,1263.5233
1,98.3229,98.3229,98.3229
2,188.6899,94.34495,147.5065
1,1297.8004,1297.8004,1297.8004
3,7504.883400000001,2501.6278,2652.3757
1,101.6048,101.6048,101.6048
2,3304.5274,1652.2637,2410.6266
1,16.5529,16.5529,16.5529
2,2414.3117,1207.15585,1308.8283
1,698.8573,698.8573,698.8573
1,5.514,5.514,5.514
8,132424.06403399998,26111.29106147616,40003.72408799979
1,146.8987,146.8987,146.8987
2,1769.7219,884.86095,997.2183
1,1268.2859,1268.2859,1268.2859
4,10944.992,2736.248,3729.364
2,2049.309,1024.6545,1276.8054
1,624.314,624.314,624.314
1,681.7298,681.7298,681.7298
1,35.6694,35.6694,35.6694
2,2508.2478,1254.1239,1402.7644
1,2264.2536,2264.2536,2264.2536
1,34.5534,34.5534,34.5534
1,37.5479,37.5479,37.5479
1,79.5048,79.5048,79.5048
1,3953.9884,3953.9884,3953.9884
2,6627.0497,3313.52485,3953.9884
2,2070.304,1035.152,1297.8004
2,6662.6749,3331.33745,3953.9884
1,44.189,44.189,44.189
3,6344.2553,2114.7517666666668,2649.8453
3,175.15359999999998,58.38453333333333,93.8808
1,38.6529,38.6529,38.6529
1,33.139,33.139,33.139
1,26.2769,26.2769,26.2769
2,1789.9896,894.9947999999999,924.7856
1,1276.8054,1276.8054,1276.8054
2,3243.5835,1621.79175,2288.9187
1,103.2733,103.2733,103.2733
1,650.8008,650.8008,650.8008
1,677.3098,677.3098,677.3098
1,2659.7792,2659.7792,2659.7792
1,62.9519,62.9519,62.9519
2,125.9148,62.9574,76.2119
1,44.1779,44.1779,44.1779
3,9190.6387,3063.546233333333,3953.9884
2,142.9318,71.4659,104.3783
2,41.9127,20.95635,27.614
1,104.4004,104.4004,104.4004
1,43.0729,43.0729,43.0729
1,1918.2579,1918.2579,1918.2579
2,90.8973,45.44865,46.7194
1,6.9394,6.9394,6.9394
1,30.6859,30.6859,30.6859
1,1297.2258,1297.2258,1297.2258
1,44.1779,44.1779,44.1779
8,51183.5661,6397.9457625,9065.1175
1,82.8529,82.8529,82.8529
1,2596.7279,2596.7279,2596.7279
1,41.9569,41.9569,41.9569
1,2410.6266,2410.6266,2410.6266
1,596.689,596.689,596.689
2,4942.1990000000005,2471.0995000000003,2677.9454
5,340.307,68.0614,112.6548
1,682.3044,682.3044,682.3044
1,46.7194,46.7194,46.7194
1,1276.8054,1276.8054,1276.8054
1,1909.7384,1909.7384,1909.7384
1,710.4156,710.4156,710.4156
2,3709.9242,1854.9621,2604.4408
1,662.4144,662.4144,662.4144
1,1949.1869,1949.1869,1949.1869
2,45.6145,22.80725,41.2055
1,68.4658,68.4658,68.4658
2,1795.0173,897.50865,929.8133
2,4852.5077,2426.25385,2563.589
1,81.7258,81.7258,81.7258
1,2673.0613,2673.0613,2673.0613
1,2644.3313,2644.3313,2644.3313
3,6207.7998,2069.2666,2563.589
1,44.1779,44.1779,44.1779
2,2776.8209,1388.41045,1911.6169
2,5405.2291000000005,2702.61455,3953.9884
1,43.0729,43.0729,43.0729
1,5.514,5.514,5.514
1,8.0444,8.0444,8.0444
1,142.5119,142.5119,142.5119
1,1402.0682,1402.0682,1402.0682
1,35.6584,35.6584,35.6584
2,4979.9699,2489.98495,3953.9884
1,1276.8054,1276.8054,1276.8054
1,44.189,44.189,44.189
1,1286.7394,1286.7394,1286.7394
1,146.9319,146.9319,146.9319
4,83314.8579,20828.714475,37650.6136
2,100.8645,50.43225,59.659
1,32.5754,32.5754,32.5754
1,82.2783,82.2783,82.2783
1,2610.3084,2610.3084,2610.3084
1,2626.5408,2626.5408,2626.5408
8,33364.2043,4170.5255375,6030.2819
1,99.4169,99.4169,99.4169
1,76.2119,76.2119,76.2119
1,1307.7344,1307.7344,1307.7344
1,11.039,11.039,11.039
1,55.239,55.239,55.239
1,44.1779,44.1779,44.1779
1,49.7029,49.7029,49.7029
1,43.0729,43.0729,43.0729
1,52.9958,52.9958,52.9958
1,35.6584,35.6584,35.6584
2,4363.6119,2181.80595,3729.364
2,6653.8902,3326.9451,3953.9884
2,3284.9105,1642.45525,2288.9187
4,8941.5381,2235.384525,2719.4382
1,19.0834,19.0834,19.0834
1,620.4354,620.4354,620.4354
1,71.2394,71.2394,71.2394
1,1998.3373,1998.3373,1998.3373
1,1276.8054,1276.8054,1276.8054
1,136.9979,136.9979,136.9979
2,4328.8845,2164.44225,2410.6266
1,16.5529,16.5529,16.5529
8,7093.4713,886.6839125,2762.7134
1,33.1279,33.1279,33.1279
1,623.7504,623.7504,623.7504
1,896.5086,896.5086,896.5086
1,2598.9158,2598.9158,2598.9158
2,100.2788,50.1394,65.7254
1,8.0444,8.0444,8.0444
1,62.9519,62.9519,62.9519
3,7562.1762,2520.7254,2663.5252
1,1950.2808,1950.2808,1950.2808
2,2142.0094,1071.0047,1276.8054
1,631.7506,631.7506,631.7506
1,1352.3432,1352.3432,1352.3432
1,38.664,38.664,38.664
3,7566.7744,2522.2581333333333,2673.0613
2,5306.3316,2653.1658,3953.9884
2,5192.1851,2596.09255,3756.989
1,59.659,59.659,59.659
1,26.2769,26.2769,26.2769
1,55.2169,55.2169,55.2169
1,2698.4432,2698.4432,2698.4432
2,2744.798,1372.399,1879.594
5,1821.0996,364.21992,528.988
2,175.65089999999998,87.82544999999999,98.3119
2,4381.9024,2190.9512,2410.6266
1,2671.9453,2671.9453,2671.9453
1,66.2779,66.2779,66.2779
1,2673.0613,2673.0613,2673.0613
1,24.2879,24.2879,24.2879
1,50.7748,50.7748,50.7748
2,2943.3771,1471.68855,2288.9187
1,75.1069,75.1069,75.1069
2,169.03189999999998,84.51594999999999,136.9979
1,133.1304,133.1304,133.1304
1,1293.3804,1293.3804,1293.3804
1,627.3748,627.3748,627.3748
1,23.7465,23.7465,23.7465
2,6489.9524,3244.9762,3953.9884
2,148.5784,74.2892,109.9144
1,46.7194,46.7194,46.7194
2,38.5867,19.29335,33.0727
2,3859.497,1929.7485,2754.0136
1,14.2987,14.2987,14.2987
1,596.689,596.689,596.689
1,44.189,44.189,44.189
1,2580.1529,2580.1529,2580.1529
1,77.3169,77.3169,77.3169
2,6632.4642,3316.2321,3953.9884
2,4322.2435000000005,2161.12175,2410.6266
2,171.7944,85.8972,94.4554
2,2783.4619,1391.73095,1918.2579
1,60.7529,60.7529,60.7529
4,1953.8345,488.458625,1286.5101
3,7409.677,2469.892333333333,3953.9884
2,6514.2403,3257.12015,3953.9884
2,1780.6634,890.3317,915.4594
2,2409.3503,1204.67515,1303.8669
1,44.1779,44.1779,44.1779
1,8.0444,8.0444,8.0444
1,41.1834,41.1834,41.1834
1,38.675,38.675,38.675
1,1292.2533,1292.2533,1292.2533
1,69.5819,69.5819,69.5819
2,6653.8902,3326.9451,3953.9884
1,2753.6821,2753.6821,2753.6821
1,891.4698,891.4698,891.4698
1,2632.0437,2632.0437,2632.0437
1,672.9008,672.9008,672.9008
3,236.4037,78.80123333333333,136.9979
1,1276.8054,1276.8054,1276.8054
1,37.5479,37.5479,37.5479
1,103.3065,103.3065,103.3065
2,6556.2413,3278.12065,3953.9884
1,2785.5172,2785.5172,2785.5172
2,157.4294,78.7147,102.1904
1,36.023,36.023,36.023
2,3567.568,1783.784,2264.2536
2,3366.7583,1683.37915,2699.9018
4,301.86400000000003,75.46600000000001,132.5779
8,17225.5661,2153.1957625,4224.5144
1,77.339,77.339,77.339
4,130063.1207,26111.29106147616,33422.5611
1,8.0444,8.0444,8.0444
1,1297.8004,1297.8004,1297.8004
1,2562.4508,2562.4508,2562.4508
1,15.4479,15.4479,15.4479
1,87.8144,87.8144,87.8144
2,4328.8845,2164.44225,2410.6266
2,112.2349,56.117450000000005,79.0959
1,8.0444,8.0444,8.0444
1,2574.6279,2574.6279,2574.6279
1,2602.264,2602.264,2602.264
1,87.2729,87.2729,87.2729
3,5656.2184,1885.4061333333327,2547.0029
1,2634.3974,2634.3974,2634.3974
1,110.5995,110.5995,110.5995
1,2699.9018,2699.9018,2699.9018
2,4328.8845,2164.44225,2410.6266
8,132424.06403399998,26111.29106147616,40003.72408799979
2,140.29090000000002,70.14545000000001,101.6269
1,44.1779,44.1779,44.1779
2,243.0117,121.50585,165.6727
2,3039.1892,1519.5946,1933.7058
1,132.5779,132.5779,132.5779
3,1452.5356,484.1785333333333,1039.7348
1,663.5083,663.5083,663.5083
1,77.339,77.339,77.339
4,132424.06403399998,26111.29106147616,40003.72408799979
2,1544.7348,772.3674,865.204
1,1879.594,1879.594,1879.594
1,94.4554,94.4554,94.4554
2,119.8484,59.9242,109.9144
1,82.8529,82.8529,82.8529
1,77.339,77.339,77.339
2,4430.5003,2215.25015,2410.6266
2,4793.0039,2396.50195,3953.9884
1,27.614,27.614,27.614
2,3336.0926,1668.0463,2563.589
1,44.189,44.189,44.189
2,6671.8685000000005,3335.93425,3953.9884
1,635.3529,635.3529,635.3529
2,43.7028,21.8514,35.6584
1,104.4004,104.4004,104.4004
1,36.023,36.023,36.023
1,136.9979,136.9979,136.9979
1,55.2169,55.2169,55.2169
1,2288.9187,2288.9187,2288.9187
1,44.1779,44.1779,44.1779
1,1276.8054,1276.8054,1276.8054
2,6653.8902,3326.9451,3953.9884
1,1293.3804,1293.3804,1293.3804
2,3303.2645,1651.63225,2288.9187
2,4933.25,2466.625,2644.3313
2,3062.5545,1531.27725,2410.6266
1,2732.7203,2732.7203,2732.7203
2,6679.272000000001,3339.6360000000004,3953.9884
2,2860.9426,1430.4713,2264.2536
1,5.514,5.514,5.514
1,24.2879,24.2879,24.2879
1,830.2307,830.2307,830.2307
2,6692.5541,3346.27705,3953.9884
2,6662.6749,3331.33745,3953.9884
1,41.9569,41.9569,41.9569
1,2748.4997,2748.4997,2748.4997
1,5.514,5.514,5.514
1,35.6694,35.6694,35.6694
1,49.9681,49.9681,49.9681
2,68.2338,34.1169,40.0784
1,5.514,5.514,5.514
1,1918.2579,1918.2579,1918.2579
1,77.3169,77.3169,77.3169
1,77.339,77.339,77.339
1,3953.9884,3953.9884,3953.9884
4,199.7731,49.943275,71.7919
1,36.023,36.023,36.023
2,3316.1299,1658.06495,2410.6266
1,8.7848,8.7848,8.7848
1,142.5119,142.5119,142.5119
1,24.2879,24.2879,24.2879
6,9549.7189,1591.6198166666666,3454.3269
1,82.8529,82.8529,82.8529
1,1381.0732,1381.0732,1381.0732
1,1374.0012,1374.0012,1374.0012
4,132424.06403399998,26111.29106147616,40003.72408799979
1,77.339,77.339,77.339
1,596.689,596.689,596.689
1,1934.8329,1934.8329,1934.8329
2,6402.4253,3201.21265,3729.364
1,2264.2536,2264.2536,2264.2536
1,5.514,5.514,5.514
1,635.3529,635.3529,635.3529
1,883.3591,883.3591,883.3591
1,1914.1473,1914.1473,1914.1473
2,165.1534,82.5767,109.9144
1,9.934,9.934,9.934
1,38.675,38.675,38.675
1,24.2879,24.2879,24.2879
2,3500.4412,1750.2206,2699.9018
2,1678.029,839.0145,905.5254
1,132.5779,132.5779,132.5779
2,5290.4528,2645.2264,3953.9884
2,84.14580000000001,42.0729,42.9624
1,98.3119,98.3119,98.3119
3,7532.9158,2510.9719333333333,2649.8453
1,40.8408,40.8408,40.8408
1,927.6254,927.6254,927.6254
2,271.2444,135.6222,138.6444
1,1906.6554,1906.6554,1906.6554
1,43.0729,43.0729,43.0729
1,79.0959,79.0959,79.0959
2,4625.7842,2312.8921,3953.9884
1,2562.4508,2562.4508,2562.4508
1,27.614,27.614,27.614
1,63.0845,63.0845,63.0845
1,92.2344,92.2344,92.2344
2,3061.7589,1530.87945,2410.6266
2,2142.0094,1071.0047,1276.8054
1,139.1527,139.1527,139.1527
2,4328.8845,2164.44225,2410.6266
1,682.3044,682.3044,682.3044
1,55.2169,55.2169,55.2169
1,5.514,5.514,5.514
1,27.614,27.614,27.614
3,52.9517,17.650566666666666,27.614
2,5893.2413,2946.62065,3953.9884
2,4618.1597,2309.07985,2699.9018
1,606.6229,606.6229,606.6229
1,14.2987,14.2987,14.2987
1,5.514,5.514,5.514
2,3453.4787,1726.73935,2699.9018
2,77.3169,38.65845,38.664
1,992.7983,992.7983,992.7983
1,80.5877,80.5877,80.5877
2,4989.0415,2494.52075,2700.1228
1,40.432,40.432,40.432
1,82.8529,82.8529,82.8529
1,1961.8944,1961.8944,1961.8944
2,3692.7001,1846.35005,2699.9018
2,2510.7782,1255.3891,1405.2948
2,6534.130300000001,3267.0651500000004,3953.9884
2,167.8937,83.94685,102.7208
8,132424.06403399998,26111.29106147616,40003.72408799979
2,6528.8926,3264.4463,3953.9884
1,26.2769,26.2769,26.2769
2,1461.893,730.9465,865.204
1,1276.8054,1276.8054,1276.8054
1,33.139,33.139,33.139
1,2622.6844,2622.6844,2622.6844
2,2002.157,1001.0785,1970.036
1,82.8529,82.8529,82.8529
1,858.9607,858.9607,858.9607
1,2688.5092,2688.5092,2688.5092
1,2288.9187,2288.9187,2288.9187
2,86.411,43.2055,43.3381
1,606.6229,606.6229,606.6229
1,24.2879,24.2879,24.2879
2,3129.396,1564.698,2410.6266
1,182.6344,182.6344,182.6344
1,1297.8004,1297.8004,1297.8004
2,4960.864,2480.432,2671.9453
2,4863.5466,2431.7733,2574.6279
2,5164.6402,2582.3201,2754.0136
2,3316.152,1658.076,2410.6266
2,150.67790000000002,75.33895000000001,110.5995
1,64.6094,64.6094,64.6094
1,651.9058,651.9058,651.9058
2,314.4389,157.21945,216.127
1,1918.2579,1918.2579,1918.2579
6,15123.6669,2520.61115,5576.2074
1,706.5923,706.5923,706.5923
2,6531.157800000001,3265.5789000000004,3953.9884
1,927.6254,927.6254,927.6254
1,596.689,596.689,596.689
1,2288.9187,2288.9187,2288.9187
1,2591.4681,2591.4681,2591.4681
1,33.1279,33.1279,33.1279
2,4983.4391,2491.71955,2694.5204
1,30.1444,30.1444,30.1444
2,3580.5537000000004,1790.2768500000002,2715.3497
1,5.514,5.514,5.514
1,49.9681,49.9681,49.9681
1,60.7419,60.7419,60.7419
1,33.139,33.139,33.139
1,820.2968,820.2968,820.2968
1,635.3529,635.3529,635.3529
1,85.0408,85.0408,85.0408
2,1661.454,830.727,888.9504
1,40.0784,40.0784,40.0784
1,5.514,5.514,5.514
2,110.4338,55.2169,76.2119
2,130.3459,65.17295,70.6869
1,102.7208,102.7208,102.7208
1,1960.2148,1960.2148,1960.2148
1,142.5119,142.5119,142.5119
2,256.0838,128.0419,201.9719
2,5296.5634,2648.2817,2719.394
3,7175.0303,2391.676766666667,3953.9884
1,80.5877,80.5877,80.5877
3,7542.1219,2514.040633333333,2673.0613
2,3472.2636,1736.1318,2596.7279
2,6653.8902,3326.9451,3953.9884
2,3680.1224,1840.0612,2574.639
1,16.5529,16.5529,16.5529
2,159.0869,79.54344999999999,99.4279
2,3669.0724,1834.5362,2563.589
2,6598.3197,3299.15985,3953.9884
2,125.1303,62.56515,83.9469
2,3022.7635,1511.38175,2410.6266
3,6364.6545,2121.5515,2535.964
2,4941.272800000001,2470.6364000000003,3953.9884
1,28.1554,28.1554,28.1554
2,1527.6183999999998,763.8091999999999,865.204
2,212.1048,106.0524,152.4458
2,48.609,24.3045,38.675
1,39.7358,39.7358,39.7358
2,3160.7622,1580.3811,2264.2536
1,835.7447,835.7447,835.7447
2,171.7944,85.8972,94.4554
2,5192.1299,2596.06495,3953.9884
1,666.8565,666.8565,666.8565
3,5722.1301,1907.3767,2598.9158
1,24.2879,24.2879,24.2879
2,177.8388,88.9194,142.5119
1,43.0729,43.0729,43.0729
1,596.689,596.689,596.689
1,1352.3432,1352.3432,1352.3432
1,64.6094,64.6094,64.6094
2,3551.5013,1775.75065,2778.9977
2,256.8242,128.4121,132.5448
1,5.514,5.514,5.514
1,87.8033,87.8033,87.8033
1,2641.9998,2641.9998,2641.9998
3,174.04860000000002,58.016200000000005,111.5387
1,5.514,5.514,5.514
2,1516.0048,758.0024,865.204
1,2264.2536,2264.2536,2264.2536
1,36.023,36.023,36.023
2,136.4344,68.2172,104.4004
1,16.5529,16.5529,16.5529
1,937.5594,937.5594,937.5594
1,110.4558,110.4558,110.4558
1,14.3429,14.3429,14.3429
1,5.514,5.514,5.514
3,9026.7782,3008.926066666667,3729.364
1,64.6094,64.6094,64.6094
2,78.1898,39.0949,46.7194
3,7643.9398,2547.979933333333,2673.0613
1,43.0729,43.0729,43.0729
1,650.8008,650.8008,650.8008
3,75.9136,25.30453333333333,35.6584
2,4961.98,2480.99,2673.0613
3,7573.7897,2524.5965666666666,2682.9953
1,41.1834,41.1834,41.1834
2,89.4388,44.7194,79.5048
3,159.93779999999998,53.3126,102.7319
1,44.1779,44.1779,44.1779
3,9222.6395,3074.213166666667,3953.9884
1,667.9283,667.9283,667.9283
1,66.2779,66.2779,66.2779
1,104.4004,104.4004,104.4004
1,118.1908,118.1908,118.1908
1,87.2729,87.2729,87.2729
1,1276.8054,1276.8054,1276.8054
1,24.2879,24.2879,24.2879
2,6561.1917,3280.59585,3953.9884
1,8.0444,8.0444,8.0444
1,27.614,27.614,27.614
2,5335.0616,2667.5308,3953.9884
1,2570.1858,2570.1858,2570.1858
1,40.0784,40.0784,40.0784
1,71.2394,71.2394,71.2394
1,26.2769,26.2769,26.2769
1,1971.2758,1971.2758,1971.2758
2,4862.0644,2431.0322,2597.8108
1,42.9624,42.9624,42.9624
2,3656.7098,1828.3549,2288.9187
1,42.9624,42.9624,42.9624
1,41.1834,41.1834,41.1834
1,1297.8004,1297.8004,1297.8004
1,627.3748,627.3748,627.3748
3,7968.585999999999,2656.195333333333,2699.9018
1,43.0729,43.0729,43.0729
1,83.9469,83.9469,83.9469
1,33.139,33.139,33.139
4,132424.06403399998,26111.29106147616,40003.72408799979
1,2626.5408,2626.5408,2626.5408
3,4690.9662,1563.6554,2566.1194
2,46.1338,23.0669,30.6859
1,44.1779,44.1779,44.1779
1,1346.9729,1346.9729,1346.9729
4,146.6446,36.66115,90.0133
1,2410.6266,2410.6266,2410.6266
5,360.1087,72.02174,109.9144
1,38.664,38.664,38.664
1,8.0444,8.0444,8.0444
1,65.7144,65.7144,65.7144
1,1297.8004,1297.8004,1297.8004
1,77.339,77.339,77.339
1,1918.2579,1918.2579,1918.2579
2,6430.0503,3215.02515,3756.989
2,3565.7241000000004,1782.8620500000002,2288.9187
1,876.7733,876.7733,876.7733
2,1724.2752,862.1376,865.204
2,6653.8902,3326.9451,3953.9884
1,5.514,5.514,5.514
1,103.8369,103.8369,103.8369
1,62.9519,62.9519,62.9519
1,60.7529,60.7529,60.7529
1,635.3529,635.3529,635.3529
3,7527.4018,2509.133933333333,2644.3313
1,2738.5657,2738.5657,2738.5657
1,606.6229,606.6229,606.6229
1,77.339,77.339,77.339
1,207.7179,207.7179,207.7179
1,24.2879,24.2879,24.2879
1,2699.9018,2699.9018,2699.9018
1,8.0444,8.0444,8.0444
3,7712.4166,2570.8055333333336,2710.6092
1,8.0444,8.0444,8.0444
1,596.689,596.689,596.689
4,236.7574,59.189350000000005,76.2119
1,75.0627,75.0627,75.0627
1,46.7194,46.7194,46.7194
1,891.4698,891.4698,891.4698
1,98.3119,98.3119,98.3119
2,92.7869,46.39345,82.8529
1,38.6529,38.6529,38.6529
1,30.1444,30.1444,30.1444
1,1238.1415,1238.1415,1238.1415
1,5.514,5.514,5.514
1,2264.2536,2264.2536,2264.2536
1,15.4479,15.4479,15.4479
1,1276.8054,1276.8054,1276.8054
1,635.3529,635.3529,635.3529
2,5251.7888,2625.8944,3953.9884
2,2382.2888000000003,1191.1444,1276.8054
2,4928.7195,2464.35975,2639.8008
1,2582.6834,2582.6834,2582.6834
2,66.278,33.139,38.664
1,8.0444,8.0444,8.0444
1,8.0444,8.0444,8.0444
1,87.2729,87.2729,87.2729
2,106.9088,53.4544,104.3783
1,2634.3974,2634.3974,2634.3974
1,14.2987,14.2987,14.2987
1,635.3529,635.3529,635.3529
3,7735.9642,2578.6547333333333,2674.4757
1,23.7465,23.7465,23.7465
2,2172.9384,1086.4692,1307.7344
1,71.7919,71.7919,71.7919
1,76.2119,76.2119,76.2119
3,6309.8038,2103.267933333333,2618.8169
1,77.339,77.339,77.339
2,1770.7294,885.3647,905.5254
2,107.6823,53.84115,65.7254
1,62.9519,62.9519,62.9519
2,3040.3163000000004,1520.1581500000002,1934.8329
1,44.1779,44.1779,44.1779
1,119.8483,119.8483,119.8483
1,798.6609,798.6609,798.6609
2,3277.466,1638.733,2410.6266
1,622.0708,622.0708,622.0708
1,54.1119,54.1119,54.1119
1,5.514,5.514,5.514
4,273.92960000000005,68.48240000000001,141.3848
2,1532.0605,766.03025,865.204
2,1802.7634,901.3817,937.5594
2,4802.748,2401.374,2538.4944
2,4961.98,2480.99,2673.0613
3,6256.3977,2085.4659,2563.589
1,15.4479,15.4479,15.4479
1,2740.3337,2740.3337,2740.3337
1,26.2769,26.2769,26.2769
3,7706.8696,2568.956533333333,2719.4382
1,640.8669,640.8669,640.8669
1,53.0069,53.0069,53.0069
2,3380.2815,1690.14075,2607.7779
1,132.5779,132.5779,132.5779
2,3484.0098,1742.0049,2618.8058
1,2849.6956,2849.6956,2849.6956
1,90.0133,90.0133,90.0133
1,110.5995,110.5995,110.5995
1,103.2954,103.2954,103.2954
4,50997.8805,12749.470125,29779.1373
1,1907.2079,1907.2079,1907.2079
1,798.6609,798.6609,798.6609
1,37.5479,37.5479,37.5479
1,54.1119,54.1119,54.1119
2,4880.0995,2440.04975,2591.1808
2,4859.513800000001,2429.7569000000003,3953.9884
1,41.1834,41.1834,41.1834
1,136.9648,136.9648,136.9648
3,7914.0985,2638.032833333333,3953.9884
1,5.514,5.514,5.514
2,113.2515,56.62575,74.5765
1,2621.0158,2621.0158,2621.0158
3,82.3668,27.4556,71.7919
3,109.4282,36.47606666666667,98.8533
1,34.5534,34.5534,34.5534
1,651.1323,651.1323,651.1323
2,6708.002,3354.001,3953.9884
1,142.5119,142.5119,142.5119
1,2671.9453,2671.9453,2671.9453
1,2656.9283,2656.9283,2656.9283
1,181.209,181.209,181.209
4,103991.2657,25997.816425,29507.5832
1,66.2779,66.2779,66.2779
1,2587.8769,2587.8769,2587.8769
1,672.9008,672.9008,672.9008
1,35.6694,35.6694,35.6694
1,8.0444,8.0444,8.0444
1,2264.2536,2264.2536,2264.2536
2,300.5048,150.2524,219.884
2,6545.1692,3272.5846,3953.9884
2,6528.6274,3264.3137,3953.9884
1,26.4869,26.4869,26.4869
1,1308.8283,1308.8283,1308.8283
2,3693.3603,1846.68015,2587.8769
1,54.6754,54.6754,54.6754
1,1297.8004,1297.8004,1297.8004
1,14.2987,14.2987,14.2987
2,3211.166,1605.583,2410.6266
1,136.9979,136.9979,136.9979
2,87.2508,43.6254,44.1779
1,620.4354,620.4354,620.4354
1,27.614,27.614,27.614
1,2621.0158,2621.0158,2621.0158
1,1918.2579,1918.2579,1918.2579
1,54.1119,54.1119,54.1119
1,15.4479,15.4479,15.4479
1,15.4479,15.4479,15.4479
1,55.2169,55.2169,55.2169
1,62.9519,62.9519,62.9519
2,44.4984,22.2492,34.5644
3,88.6763,29.558766666666667,54.6754
2,262.17240000000004,131.08620000000002,178.2255
1,77.3169,77.3169,77.3169
1,1276.8054,1276.8054,1276.8054
1,35.6584,35.6584,35.6584
1,40.8077,40.8077,40.8077
1,38.9292,38.9292,38.9292
2,6528.6163,3264.30815,3953.9884
1,2653.6023,2653.6023,2653.6023
1,6.9394,6.9394,6.9394
2,1528.7123,764.35615,865.204
1,129.2298,129.2298,129.2298
1,31.4704,31.4704,31.4704
8,132424.06403399998,26111.29106147616,40003.72408799979
2,2382.2888000000003,1191.1444,1276.8054
2,1715.4905,857.7452499999999,865.204
1,82.8529,82.8529,82.8529
1,648.6019,648.6019,648.6019
1,1276.8054,1276.8054,1276.8054
1,28.1554,28.1554,28.1554
1,27.614,27.614,27.614
2,4308.9393,2154.46965,2410.6266
1,927.6254,927.6254,927.6254
1,2673.0613,2673.0613,2673.0613
1,44.1779,44.1779,44.1779
1,44.1779,44.1779,44.1779
1,87.2729,87.2729,87.2729
1,30.1444,30.1444,30.1444
2,1392.939,696.4694999999999,772.5036
1,2688.5092,2688.5092,2688.5092
1,122.0583,122.0583,122.0583
2,3627.5051,1813.75255,2699.9018
1,31.4704,31.4704,31.4704
1,2602.264,2602.264,2602.264
8,132424.06403399998,26111.29106147616,40003.72408799979
1,44.1779,44.1779,44.1779
1,2715.3497,2715.3497,2715.3497
2,3439.1247,1719.56235,2563.589
1,62.9408,62.9408,62.9408
1,62.9519,62.9519,62.9519
1,5.514,5.514,5.514
2,6492.4828,3246.2414,3953.9884
1,66.8194,66.8194,66.8194
4,10713.7817,2678.445425,2738.5657
5,674.2601,134.85201999999998,219.884
2,80.2009,40.10045,44.1779
1,44.189,44.189,44.189
1,663.5083,663.5083,663.5083
3,7500.4744,2500.1581333333334,2673.0613
1,33.139,33.139,33.139
1,51.3494,51.3494,51.3494
2,6401.320299999999,3200.66015,3756.989
2,62.719800000000006,31.359900000000003,32.5754
2,3719.4549,1859.72745,2410.6266
2,2142.0094,1071.0047,1276.8054
2,3648.7681,1824.38405,2410.6266
2,92.798,46.399,59.659
1,2649.8453,2649.8453,2649.8453
1,44.1779,44.1779,44.1779
1,94.4554,94.4554,94.4554
2,6359.2419,3179.62095,3756.989
2,4290.220600000001,2145.1103000000003,2410.6266
1,2590.0758,2590.0758,2590.0758
1,32.034,32.034,32.034
3,6347.0841,2115.6947,2634.3974
1,51.3494,51.3494,51.3494
1,142.5119,142.5119,142.5119
1,90.0133,90.0133,90.0133
2,5333.9456,2666.9728,3953.9884
1,624.8444,624.8444,624.8444
1,159.0758,159.0758,159.0758
2,135.0752,67.5376,128.1358
2,89.7923,44.89615,46.7194
1,38.0894,38.0894,38.0894
1,651.9279,651.9279,651.9279
1,79.5048,79.5048,79.5048
1,138.114,138.114,138.114
1,96.0798,96.0798,96.0798
1,77.339,77.339,77.339
1,596.689,596.689,596.689
2,239.7408,119.8704,132.6
2,86.4774,43.2387,83.9469
1,44.1779,44.1779,44.1779
2,3439.8319,1719.91595,2574.6279
3,101.5717,33.85723333333333,69.5487
3,5127.4845000000005,1709.1615000000002,2640.9279
1,620.9216,620.9216,620.9216
1,44.1779,44.1779,44.1779
1,1270.1644,1270.1644,1270.1644
1,2610.3084,2610.3084,2610.3084
1,2288.9187,2288.9187,2288.9187
8,106288.0572,11809.784133333333,32915.1222
1,37.5479,37.5479,37.5479
2,2142.0094,1071.0047,1276.8054
2,5307.679700000001,2653.8398500000003,2699.9018
2,2211.6023,1105.80115,1346.3983
2,143.0644,71.5322,133.1304
1,87.2619,87.2619,87.2619
1,28.1554,28.1554,28.1554
1,55.2169,55.2169,55.2169
1,26.4869,26.4869,26.4869
2,5286.0328,2643.0164,3953.9884
1,92.7869,92.7869,92.7869
3,7640.9121,2546.9707,2644.3313
1,663.5083,663.5083,663.5083
1,33.1279,33.1279,33.1279
2,153.0205,76.51025,114.3565
1,2694.0563,2694.0563,2694.0563
3,8927.3504,2975.7834666666663,3729.364
2,144.68869999999998,72.34434999999999,101.6158
1,32.0229,32.0229,32.0229
1,8.0444,8.0444,8.0444
3,7740.0527,2580.017566666667,2699.0067
2,2931.6405,1465.82025,2264.2536
1,77.339,77.339,77.339
1,41.1834,41.1834,41.1834
1,2688.5092,2688.5092,2688.5092
1,71.2394,71.2394,71.2394
1,16.5529,16.5529,16.5529
2,6541.3017,3270.65085,3953.9884
1,75.0627,75.0627,75.0627
1,606.6229,606.6229,606.6229
1,1330.9283,1330.9283,1330.9283
2,6573.8992,3286.9496,3953.9884
2,1982.5882,991.2941,1105.4834
1,2649.7348,2649.7348,2649.7348
2,222.0388,111.0194,142.5119
1,2535.964,2535.964,2535.964
1,96.0798,96.0798,96.0798
1,62.9519,62.9519,62.9519
1,77.3169,77.3169,77.3169
2,4910.8632,2455.4316,3953.9884
1,32.034,32.034,32.034
3,7359.9521,2453.3173666666667,3953.9884
2,112.4448,56.2224,104.4004
1,44.1779,44.1779,44.1779
1,32.5754,32.5754,32.5754
1,44.1779,44.1779,44.1779
1,77.339,77.339,77.339
1,112.1133,112.1133,112.1133
4,7956.641100000001,1989.160275,3953.9884
1,40.432,40.432,40.432
2,3715.7918,1857.8959,2610.3084
1,44.1779,44.1779,44.1779
1,86.7204,86.7204,86.7204
1,1276.8054,1276.8054,1276.8054
2,1406.1327,703.06635,772.5036
2,5438.357,2719.1785,2738.4552
1,87.2729,87.2729,87.2729
1,95.5273,95.5273,95.5273
4,132424.06403399998,26111.29106147616,40003.72408799979
1,2649.8453,2649.8453,2649.8453
1,2774.5887,2774.5887,2774.5887
2,2033.0867,1016.54335,1105.4834
1,663.5083,663.5083,663.5083
1,108.8204,108.8204,108.8204
2,6590.4632,3295.2316,3953.9884
3,7461.1018,2487.0339333333336,2644.3313
2,3069.1624,1534.5812,2410.6266
1,55.2169,55.2169,55.2169
2,6580.529200000001,3290.2646000000004,3953.9884
1,3953.9884,3953.9884,3953.9884
1,32.034,32.034,32.034
2,6555.6778,3277.8389,3953.9884
1,5.514,5.514,5.514
2,6598.3197,3299.15985,3953.9884
1,15.4479,15.4479,15.4479
1,1238.1415,1238.1415,1238.1415
2,79.8695,39.93475,41.2055
1,14.3429,14.3429,14.3429
1,2618.8058,2618.8058,2618.8058
1,2720.0128,2720.0128,2720.0128
2,49.6698,24.8349,34.2219
8,113785.9264,9482.160533333334,33893.4937
1,620.4354,620.4354,620.4354
1,65.1729,65.1729,65.1729
2,1715.4905,857.7452499999999,865.204
1,639.1983,639.1983,639.1983
1,1238.1415,1238.1415,1238.1415
2,109.3509,54.67545,70.6869
4,132424.06403399998,26111.29106147616,40003.72408799979
1,1381.0732,1381.0732,1381.0732
2,2201.6684,1100.8342,1336.4644
1,55.2169,55.2169,55.2169
3,3342.4645,1114.1548333333333,2370.972
2,5316.7075,2658.35375,2659.7792
1,1357.8572,1357.8572,1357.8572
2,5833.5824,2916.7912,3953.9884
2,48.609,24.3045,38.675
1,87.2729,87.2729,87.2729
2,3605.4272,1802.7136,2699.9018
1,1879.594,1879.594,1879.594
1,914.1997,914.1997,914.1997
1,81.7258,81.7258,81.7258
1,2604.7944,2604.7944,2604.7944
1,1879.594,1879.594,1879.594
8,132424.06403399998,26111.29106147616,40003.72408799979
1,55.2169,55.2169,55.2169
1,76.2119,76.2119,76.2119
2,3335.2859,1667.64295,2562.7823
1,596.689,596.689,596.689
1,2721.1178,2721.1178,2721.1178
1,44.1779,44.1779,44.1779
1,24.2879,24.2879,24.2879
1,8.0444,8.0444,8.0444
1,26.4869,26.4869,26.4869
1,74.5765,74.5765,74.5765
2,6628.4641,3314.23205,3953.9884
2,147.5728,73.7864,100.0909
2,142.5119,71.25595,82.8529
1,38.675,38.675,38.675
1,8.0444,8.0444,8.0444
1,65.1729,65.1729,65.1729
2,4349.8795,2174.93975,2410.6266
1,1272.6948,1272.6948,1272.6948
1,44.1779,44.1779,44.1779
1,44.189,44.189,44.189
1,1238.1415,1238.1415,1238.1415
1,16.5529,16.5529,16.5529
1,858.9607,858.9607,858.9607
2,3326.086,1663.043,2410.6266
2,3034.9406,1517.4703,2410.6266
1,77.3169,77.3169,77.3169
1,1914.1473,1914.1473,1914.1473
1,33.1279,33.1279,33.1279
2,5146.5514,2573.2757,2735.9248
3,131.252,43.75066666666667,55.2169
1,683.9729,683.9729,683.9729
3,325.9088,108.63626666666666,185.629
1,26.2769,26.2769,26.2769
1,888.9504,888.9504,888.9504
1,38.675,38.675,38.675
1,132.5779,132.5779,132.5779
2,5328.4316,2664.2158,3953.9884
1,44.1779,44.1779,44.1779
1,5.514,5.514,5.514
2,4824.5055,2412.25275,2560.2519
1,147.5065,147.5065,147.5065
1,26.2769,26.2769,26.2769
2,3000.5253,1500.26265,1895.0419
1,132.5779,132.5779,132.5779
1,27.614,27.614,27.614
1,1909.7384,1909.7384,1909.7384
1,41.2055,41.2055,41.2055
1,596.689,596.689,596.689
3,188.8557,62.9519,85.0298
2,5240.727800000001,2620.3639000000003,3953.9884
1,77.339,77.339,77.339
1,1973.4969,1973.4969,1973.4969
1,5.514,5.514,5.514
3,8926.2122,2975.4040666666665,3729.364
8,15812.5851,1976.5731375,3313.7172
2,4364.7169,2182.35845,3729.364
1,123.7048,123.7048,123.7048
1,77.3169,77.3169,77.3169
2,127.0308,63.5154,82.8529
1,8.0444,8.0444,8.0444
1,5.514,5.514,5.514
1,79.5269,79.5269,79.5269
2,6627.0497,3313.52485,3953.9884
1,596.689,596.689,596.689
1,54.3881,54.3881,54.3881
1,114.3454,114.3454,114.3454
2,96.0909,48.04545,62.9519
1,43.0729,43.0729,43.0729
1,40.0784,40.0784,40.0784
3,212.6242,70.87473333333334,158.5123
1,183.7394,183.7394,183.7394
1,33.139,33.139,33.139
2,4838.8815,2419.44075,2574.6279
2,4863.5577,2431.77885,2574.639
2,82.85300000000001,41.4265,44.189
1,41.1834,41.1834,41.1834
1,104.4004,104.4004,104.4004
3,7415.1579,2471.7193,3953.9884
2,141.17489999999998,70.58744999999999,138.6444
1,75.6815,75.6815,75.6815
1,8.0444,8.0444,8.0444
1,210.2484,210.2484,210.2484
1,596.689,596.689,596.689
1,50.7748,50.7748,50.7748
2,6653.8902,3326.9451,3953.9884
1,1276.8054,1276.8054,1276.8054
1,36.023,36.023,36.023
1,773.4669,773.4669,773.4669
1,1268.2859,1268.2859,1268.2859
2,3212.8519,1606.42595,2264.2536
2,100.4998,50.2499,62.9519
1,606.6229,606.6229,606.6229
1,66.8194,66.8194,66.8194
1,1418.6211,1418.6211,1418.6211
1,2634.3974,2634.3974,2634.3974
1,2765.6272,2765.6272,2765.6272
1,44.1779,44.1779,44.1779
1,8.0444,8.0444,8.0444
1,635.3529,635.3529,635.3529
8,132424.06403399998,26111.29106147616,40003.72408799979
1,68.4769,68.4769,68.4769
1,66.8194,66.8194,66.8194
1,216.127,216.127,216.127
1,86.1458,86.1458,86.1458
2,5277.0712,2638.5356,2699.9018
1,99.4169,99.4169,99.4169
1,62.9519,62.9519,62.9519
2,6653.8902,3326.9451,3953.9884
7,14203.9081,2029.1297285714288,3921.7364
1,671.7958,671.7958,671.7958
1,102.7208,102.7208,102.7208
1,627.3748,627.3748,627.3748
1,2784.9426,2784.9426,2784.9426
2,110.4338,55.2169,100.4998
1,44.1779,44.1779,44.1779
1,620.9216,620.9216,620.9216
1,14.3429,14.3429,14.3429
1,62.9519,62.9519,62.9519
8,963.8368,60.2398,153.0204
1,26.8184,26.8184,26.8184
1,8.0444,8.0444,8.0444
2,4371.3939,2185.69695,2410.6266
2,69.8913,34.94565,35.6694
1,1297.8004,1297.8004,1297.8004
1,59.659,59.659,59.659
1,886.0222,886.0222,886.0222
1,2754.0136,2754.0136,2754.0136
1,2264.2536,2264.2536,2264.2536
1,219.884,219.884,219.884
1,830.2307,830.2307,830.2307
2,6728.997,3364.4985,3953.9884
1,2671.9453,2671.9453,2671.9453
4,8766.4177,2191.604425,2644.3313
1,2673.0613,2673.0613,2673.0613
1,622.9659,622.9659,622.9659
1,79.0959,79.0959,79.0959
1,26.2769,26.2769,26.2769
1,23.7465,23.7465,23.7465
1,65.1729,65.1729,65.1729
1,1276.8054,1276.8054,1276.8054
1,48.0233,48.0233,48.0233
2,140.2909,70.14545,77.339
1,41.1834,41.1834,41.1834
1,71.7919,71.7919,71.7919
1,87.2729,87.2729,87.2729
1,2264.2536,2264.2536,2264.2536
1,62.9519,62.9519,62.9519
2,2985.0774,1492.5387,1879.594
1,620.9216,620.9216,620.9216
1,87.2729,87.2729,87.2729
1,26.2769,26.2769,26.2769
1,32.5754,32.5754,32.5754
1,79.0959,79.0959,79.0959
1,830.2307,830.2307,830.2307
2,1755.368,877.684,982.8644
2,82.0353,41.01765,79.5048
2,3023.7413,1511.87065,1918.2579
2,3007.3156,1503.6578,2410.6266
1,37.5479,37.5479,37.5479
1,5.514,5.514,5.514
1,43.0729,43.0729,43.0729
1,2288.9187,2288.9187,2288.9187
1,1276.8054,1276.8054,1276.8054
1,99.4169,99.4169,99.4169
2,107.6823,53.84115,65.7254
1,1928.1919,1928.1919,1928.1919
2,6692.5541,3346.27705,3953.9884
3,8937.2843,2979.0947666666666,3729.364
2,6604.2978,3302.1489,3953.9884
1,43.0729,43.0729,43.0729
3,38.1889,12.729633333333334,30.1444
2,6531.157800000001,3265.5789000000004,3953.9884
1,38.6529,38.6529,38.6529
2,4923.3161,2461.65805,2634.3974
2,4360.9074,2180.4537,2410.6266
1,34.5534,34.5534,34.5534
1,71.2394,71.2394,71.2394
1,620.4354,620.4354,620.4354
2,2793.3959,1396.69795,1928.1919
1,79.0959,79.0959,79.0959
2,85.3834,42.6917,46.7194
1,858.9607,858.9607,858.9607
1,51.3494,51.3494,51.3494
3,5787.6913,1929.2304333333332,2646.4419
1,5.514,5.514,5.514
1,44.4542,44.4542,44.4542
8,132424.06403399998,26111.29106147616,40003.72408799979
1,612.1369,612.1369,612.1369
2,4859.513800000001,2429.7569000000003,3953.9884
1,44.1779,44.1779,44.1779
2,5415.2515,2707.62575,2715.3497
1,132.5779,132.5779,132.5779
1,103.2733,103.2733,103.2733
1,2264.2536,2264.2536,2264.2536
3,7752.1856,2584.0618666666664,2688.5092
2,5021.6173,2510.80865,3729.364
1,77.339,77.339,77.339
1,43.0729,43.0729,43.0729
3,6292.1017,2097.3672333333334,2562.4508
1,26.2769,26.2769,26.2769
1,92.2344,92.2344,92.2344
2,4845.4582,2422.7291,3953.9884
2,5146.5735,2573.28675,2735.9469
2,5251.7888,2625.8944,3953.9884
3,64.03490000000001,21.344966666666668,27.614
1,2742.8642,2742.8642,2742.8642
2,6732.9861,3366.49305,3953.9884
1,606.6229,606.6229,606.6229
2,76.10140000000001,38.050700000000006,40.0784
1,65.1729,65.1729,65.1729
1,937.5594,937.5594,937.5594
1,635.3529,635.3529,635.3529
1,5.514,5.514,5.514
1,43.0729,43.0729,43.0729
1,5.514,5.514,5.514
1,98.3229,98.3229,98.3229
1,1949.1869,1949.1869,1949.1869
1,651.9279,651.9279,651.9279
1,8.0444,8.0444,8.0444
8,132424.06403399998,26111.29106147616,40003.72408799979
2,3445.3459000000003,1722.67295,2580.1419
2,3938.0433,1969.02165,2699.9018
1,1934.8329,1934.8329,1934.8329
1,132.5779,132.5779,132.5779
2,4937.314899999999,2468.65745,2673.0613
2,5335.0616,2667.5308,3953.9884
4,132424.06403399998,26111.29106147616,40003.72408799979
1,132.5779,132.5779,132.5779
1,1914.1473,1914.1473,1914.1473
1,109.3508,109.3508,109.3508
1,77.3169,77.3169,77.3169
1,71.7919,71.7919,71.7919
1,103.8369,103.8369,103.8369
1,15.4479,15.4479,15.4479
1,15.4479,15.4479,15.4479
1,5.514,5.514,5.514
1,2288.9187,2288.9187,2288.9187
1,663.5083,663.5083,663.5083
3,7592.9298,2530.9766,2673.0613
1,1268.2859,1268.2859,1268.2859
5,87227.3226,17445.46452,40003.72408799979
1,75.6815,75.6815,75.6815
1,44.1779,44.1779,44.1779
1,40.0784,40.0784,40.0784
2,4322.2435000000005,2161.12175,2410.6266
1,682.3044,682.3044,682.3044
1,2607.2033,2607.2033,2607.2033
1,5.514,5.514,5.514
1,29.8019,29.8019,29.8019
1,44.189,44.189,44.189
2,3856.486,1928.243,2410.6266
1,5.514,5.514,5.514
2,1994.4338,997.2169,1105.4834
1,62.9519,62.9519,62.9519
1,114.8758,114.8758,114.8758
2,5043.764300000001,2521.8821500000004,2633.1377
2,4617.4967,2308.74835,3953.9884
2,6634.641100000001,3317.3205500000004,3953.9884
1,44.1779,44.1779,44.1779
1,44.1779,44.1779,44.1779
1,623.7504,623.7504,623.7504
1,11.039,11.039,11.039
1,24.2879,24.2879,24.2879
1,44.1779,44.1779,44.1779
1,5.514,5.514,5.514
1,8.0444,8.0444,8.0444
1,2672.4204,2672.4204,2672.4204
1,1911.6169,1911.6169,1911.6169
2,140.2909,70.14545,77.339
1,70.6869,70.6869,70.6869
1,30.6859,30.6859,30.6859
2,2711.7565,1355.87825,1939.2529
1,2654.1548,2654.1548,2654.1548
3,7421.7879,2473.9293,3953.9884
1,79.0959,79.0959,79.0959
1,79.5269,79.5269,79.5269
1,8.0444,8.0444,8.0444
1,43.0729,43.0729,43.0729
1,37.5479,37.5479,37.5479
1,6.9394,6.9394,6.9394
1,874.5744,874.5744,874.5744
2,5264.2421,2632.12105,2673.0613
1,57.4158,57.4158,57.4158
1,40.432,40.432,40.432
1,2288.9187,2288.9187,2288.9187
1,74.5765,74.5765,74.5765
3,427.5909,142.5303,180.104
2,4812.9491,2406.47455,3953.9884
1,1276.8054,1276.8054,1276.8054
2,2080.2380000000003,1040.119,1307.7344
2,124.5888,62.2944,98.3119
1,5.514,5.514,5.514
1,66.2779,66.2779,66.2779
2,4962.4220000000005,2481.211,2673.5033
1,8.0444,8.0444,8.0444
1,68.4658,68.4658,68.4658
1,858.9607,858.9607,858.9607
1,70.6869,70.6869,70.6869
2,1471.8269,735.91345,865.204
1,38.6529,38.6529,38.6529
1,41.1834,41.1834,41.1834
2,3541.059,1770.5295,2264.2536
1,46.3327,46.3327,46.3327
1,112.6548,112.6548,112.6548
2,4168.5127,2084.25635,2288.9187
1,36.023,36.023,36.023
2,3031.062,1515.531,2410.6266
1,8.0444,8.0444,8.0444
2,3708.427,1854.2135,2410.6266
1,54.1119,54.1119,54.1119
1,1402.0682,1402.0682,1402.0682
1,53.0069,53.0069,53.0069
1,66.2779,66.2779,66.2779
1,40.432,40.432,40.432
1,2649.8453,2649.8453,2649.8453
1,15.4479,15.4479,15.4479
1,6.9394,6.9394,6.9394
1,2710.6092,2710.6092,2710.6092
1,47.3382,47.3382,47.3382
1,71.2394,71.2394,71.2394
1,1276.8054,1276.8054,1276.8054
2,3045.9795,1522.98975,2410.6266
1,77.339,77.339,77.339
1,27.614,27.614,27.614
1,696.1169,696.1169,696.1169
2,6696.8526,3348.4263,3953.9884
1,8.0444,8.0444,8.0444
1,27.614,27.614,27.614
2,3965.6572,1982.8286,2699.9018
5,424.4196,84.88392,218.6574
1,44.1779,44.1779,44.1779
1,59.659,59.659,59.659
1,146.9319,146.9319,146.9319
1,98.3119,98.3119,98.3119
1,5.514,5.514,5.514
2,5872.246300000001,2936.1231500000004,3953.9884
1,16.5529,16.5529,16.5529
1,77.339,77.339,77.339
2,3641.4474,1820.7237,2535.964
1,1918.2579,1918.2579,1918.2579
1,44.1779,44.1779,44.1779
2,3687.432,1843.716,2410.6266
1,40.0784,40.0784,40.0784
1,1313.2483,1313.2483,1313.2483
1,1253.5894,1253.5894,1253.5894
1,2288.9187,2288.9187,2288.9187
2,4965.8902,2482.9451,2701.6366
2,6627.0497,3313.52485,3953.9884
1,24.2879,24.2879,24.2879
1,3953.9884,3953.9884,3953.9884
2,4589.3413,2294.67065,3953.9884
1,76.2119,76.2119,76.2119
1,2649.8453,2649.8453,2649.8453
1,77.339,77.339,77.339
4,8169.3295,2042.332375,2649.8453
1,57.4158,57.4158,57.4158
2,5868.135700000001,2934.0678500000004,3953.9884
1,6997.2556,6997.2556,6997.2556
3,8946.0691,2982.0230333333334,3756.989
1,835.7447,835.7447,835.7447
1,54.6754,54.6754,54.6754
1,2630.4194,2630.4194,2630.4194
1,173.2198,173.2198,173.2198
1,51.7472,51.7472,51.7472
1,24.2879,24.2879,24.2879
2,46.6974,23.3487,27.614
1,6.9394,6.9394,6.9394
2,2430.8867,1215.44335,1325.4033
1,106.1574,106.1574,106.1574
1,1922.1033,1922.1033,1922.1033
1,71.2394,71.2394,71.2394
2,2142.0094,1071.0047,1276.8054
4,132424.06403399998,26111.29106147616,40003.72408799979
3,5146.8,1715.6,2612.1869
1,11.039,11.039,11.039
4,11933.4697,2983.367425,3953.9884
1,114.3454,114.3454,114.3454
1,1307.7344,1307.7344,1307.7344
2,4649.0887,2324.54435,2699.9018
1,596.689,596.689,596.689
1,1950.2808,1950.2808,1950.2808
1,667.3758,667.3758,667.3758
1,5.514,5.514,5.514
3,6215.900900000001,2071.966966666667,2574.639
2,6654.1112,3327.0556,3953.9884
1,9.934,9.934,9.934
1,25.3819,25.3819,25.3819
2,4891.5478,2445.7739,3953.9884
1,99.4169,99.4169,99.4169
1,1381.0732,1381.0732,1381.0732
1,159.6394,159.6394,159.6394
2,4041.2723,2020.63615,2660.1991
1,44.1779,44.1779,44.1779
1,5.514,5.514,5.514
1,718.7473,718.7473,718.7473
2,3296.5908,1648.2954,2699.9018
1,113.7708,113.7708,113.7708
1,606.6229,606.6229,606.6229
1,5.514,5.514,5.514
1,77.3169,77.3169,77.3169
2,71.7919,35.89595,38.664
2,3023.7413,1511.87065,1918.2579
1,5.514,5.514,5.514
1,47.4819,47.4819,47.4819
3,7518.561799999999,2506.1872666666663,2634.3974
2,2085.7519,1042.87595,1313.2483
8,73278.6485,6106.554041666666,10095.6406
1,44.1779,44.1779,44.1779
2,4774.2852,2387.1426,3953.9884
1,114.3454,114.3454,114.3454
2,98.3009,49.15045,92.7869
3,7542.1329,2514.0443,2673.0613
1,33.1279,33.1279,33.1279
1,1949.1869,1949.1869,1949.1869
1,102.7319,102.7319,102.7319
1,92.7869,92.7869,92.7869
1,606.6229,606.6229,606.6229
1,5.514,5.514,5.514
2,4182.5115000000005,2091.2557500000003,2264.2536
1,1238.1415,1238.1415,1238.1415
2,5899.3078000000005,2949.6539,3953.9884
2,152.44590000000002,76.22295000000001,146.9319
1,27.614,27.614,27.614
1,142.5119,142.5119,142.5119
1,26.2769,26.2769,26.2769
1,23.7465,23.7465,23.7465
1,24.2879,24.2879,24.2879
1,606.6229,606.6229,606.6229
2,230.9009,115.45045,176.789
2,73.2173,36.60865,43.0729
1,65.1508,65.1508,65.1508
1,2566.1194,2566.1194,2566.1194
2,49.2499,24.62495,46.7194
1,142.5119,142.5119,142.5119
2,2174.0323,1087.01615,1308.8283
2,6601.5242,3300.7621,3953.9884
1,44.1779,44.1779,44.1779
8,99688.7645,12461.0955625,16592.3909
1,104.4004,104.4004,104.4004
2,3478.4848,1739.2424,2613.2808
1,89.4608,89.4608,89.4608
8,132424.06403399998,26111.29106147616,40003.72408799979
1,631.7506,631.7506,631.7506
4,7951.1161,1987.779025,3953.9884
1,631.7506,631.7506,631.7506
1,635.3529,635.3529,635.3529
1,23.7465,23.7465,23.7465
2,4936.8749,2468.43745,3953.9884
1,66.8194,66.8194,66.8194
1,75.6815,75.6815,75.6815
3,7391.986,2463.9953333333333,3953.9884
1,27.614,27.614,27.614
1,44.1779,44.1779,44.1779
4,8765.706,2191.4265,3302.5167
1,627.3748,627.3748,627.3748
2,2382.2888000000003,1191.1444,1276.8054
1,43.0729,43.0729,43.0729
1,94.4554,94.4554,94.4554
1,663.5083,663.5083,663.5083
1,66.2779,66.2779,66.2779
1,36.023,36.023,36.023
1,27.614,27.614,27.614
1,3953.9884,3953.9884,3953.9884
1,660.7348,660.7348,660.7348
4,254.90160000000003,63.72540000000001,155.1973
1,620.4354,620.4354,620.4354
1,624.8444,624.8444,624.8444
1,5.514,5.514,5.514
1,182.5681,182.5681,182.5681
1,8.0444,8.0444,8.0444
1,2735.9248,2735.9248,2735.9248
2,1384.6405,692.32025,772.5036
2,52.2223,26.11115,44.1779
1,5.514,5.514,5.514
1,606.6229,606.6229,606.6229
1,156.8879,156.8879,156.8879
2,3732.0242,1866.0121,2626.5408
1,87.2729,87.2729,87.2729
1,33.139,33.139,33.139
2,54.1008,27.0504,37.5479
2,3534.2873,1767.14365,2669.0833
2,99.428,49.714,55.239
1,606.6229,606.6229,606.6229
1,85.0519,85.0519,85.0519
1,27.614,27.614,27.614
2,5192.1299,2596.06495,3953.9884
2,75.63730000000001,37.818650000000005,47.4819
1,30.1444,30.1444,30.1444
1,99.4169,99.4169,99.4169
1,65.1729,65.1729,65.1729
1,59.659,59.659,59.659
1,44.1779,44.1779,44.1779
1,50.7748,50.7748,50.7748
2,4468.0234,2234.0117,3756.989
1,606.6229,606.6229,606.6229
1,606.6229,606.6229,606.6229
3,123.6385,41.212833333333336,82.8529
2,1555.7959,777.89795,865.204
3,333.7433,111.24776666666666,209.9169
1,1907.2079,1907.2079,1907.2079
2,6517.5774,3258.7887,3953.9884
1,2602.2529,2602.2529,2602.2529
1,30.1444,30.1444,30.1444
2,4143.8476,2071.9238,2264.2536
1,42.5094,42.5094,42.5094
1,44.1779,44.1779,44.1779
1,203.8504,203.8504,203.8504
1,679.5308,679.5308,679.5308
1,15.4479,15.4479,15.4479
1,15.4479,15.4479,15.4479
1,8.0444,8.0444,8.0444
2,6662.6749,3331.33745,3953.9884
1,2673.0613,2673.0613,2673.0613
2,6628.0442,3314.0221,3953.9884
1,5.514,5.514,5.514
2,2343.6249,1171.81245,1238.1415
2,1524.8448,762.4223999999999,865.204
1,2694.0563,2694.0563,2694.0563
2,4910.6955,2455.34775,2646.4419
1,132.5779,132.5779,132.5779
1,47.4819,47.4819,47.4819
1,43.0729,43.0729,43.0729
1,3953.9884,3953.9884,3953.9884
1,2574.6279,2574.6279,2574.6279
1,87.2729,87.2729,87.2729
1,158.8769,158.8769,158.8769
1,8.0444,8.0444,8.0444
1,162.7444,162.7444,162.7444
2,3335.2547,1667.62735,2699.9018
1,33.0727,33.0727,33.0727
1,132.5779,132.5779,132.5779
3,8985.1087,2995.0362333333337,3729.364
1,3953.9884,3953.9884,3953.9884
1,623.7504,623.7504,623.7504
1,32.0229,32.0229,32.0229
2,5037.1674,2518.5837,2626.5408
1,122.0583,122.0583,122.0583
1,30.6859,30.6859,30.6859
3,95.3174,31.772466666666663,60.764
1,87.2729,87.2729,87.2729
2,217.6519,108.82595,207.7179
2,5336.476000000001,2668.2380000000003,3953.9884
1,631.7506,631.7506,631.7506
1,650.8008,650.8008,650.8008
1,49.9681,49.9681,49.9681
1,1918.2579,1918.2579,1918.2579
1,27.614,27.614,27.614
1,8.0444,8.0444,8.0444
2,5197.1576000000005,2598.5788,3729.364
2,82.85300000000001,41.4265,44.189
1,43.0619,43.0619,43.0619
1,77.339,77.339,77.339
1,1966.3144,1966.3144,1966.3144
2,144.7109,72.35545,83.9469
2,44.1669,22.08345,27.614
4,120813.0175,26111.29106147616,33223.8008
1,2682.9953,2682.9953,2682.9953
1,123.7048,123.7048,123.7048
1,26.2769,26.2769,26.2769
2,3316.152,1658.076,2410.6266
2,6717.5603,3358.78015,3953.9884
1,2673.0613,2673.0613,2673.0613
1,71.2394,71.2394,71.2394
2,4560.6113000000005,2280.30565,3953.9884
1,70.6869,70.6869,70.6869
1,3953.9884,3953.9884,3953.9884
1,93.8919,93.8919,93.8919
3,9041.6626,3013.887533333333,3729.364
1,44.1779,44.1779,44.1779
2,4880.0995,2440.04975,2591.1808
1,55.239,55.239,55.239
1,87.2729,87.2729,87.2729
1,216.127,216.127,216.127
1,627.3748,627.3748,627.3748
1,829.0815,829.0815,829.0815
1,79.0959,79.0959,79.0959
1,3953.9884,3953.9884,3953.9884
1,156.8879,156.8879,156.8879
1,2598.9158,2598.9158,2598.9158
2,5189.6243,2594.81215,2778.9977
1,5.514,5.514,5.514
1,66.2779,66.2779,66.2779
1,2728.3003,2728.3003,2728.3003
1,2574.6279,2574.6279,2574.6279
1,606.6229,606.6229,606.6229
1,5.514,5.514,5.514
1,648.6019,648.6019,648.6019
